=== session 2026-04-02T18:25:05.521Z ===
1954.3	ZONE_CHANGE	→ buildings	si=54	zoneLeft=39
1954.4	ZONE_CHANGE	→ bridge	si=94	zoneLeft=25
1954.4	ZONE_CHANGE	→ buildings	si=120	zoneLeft=39
1954.4	ZONE_CHANGE	→ tunnel	si=160	zoneLeft=45
1968.2	DECO	si=0	zone=trees	ms=2.30	meshes=13
1969.4	DECO	si=1	zone=trees	ms=1.10	meshes=11
1970.3	DECO	si=2	zone=trees	ms=0.90	meshes=10
1971.3	DECO	si=3	zone=trees	ms=1.00	meshes=9
1973.2	DECO	si=4	zone=trees	ms=1.90	meshes=13
1974.1	DECO	si=5	zone=trees	ms=0.90	meshes=10
1975.3	DECO	si=6	zone=trees	ms=1.20	meshes=11
1976.4	DECO	si=7	zone=trees	ms=1.00	meshes=11
1977.4	DECO	si=8	zone=trees	ms=1.00	meshes=12
1979.1	DECO	si=9	zone=trees	ms=1.70	meshes=13
1980.3	DECO	si=10	zone=trees	ms=1.20	meshes=13
1985.6	DECO	si=11	zone=trees	ms=5.30	meshes=11
1986.1	DECO	si=12	zone=trees	ms=0.50	meshes=11
1986.7	DECO	si=13	zone=trees	ms=0.60	meshes=12
1987.2	DECO	si=14	zone=trees	ms=0.50	meshes=13
1987.7	DECO	si=15	zone=trees	ms=0.50	meshes=11
1988.2	DECO	si=16	zone=trees	ms=0.50	meshes=9
1988.7	DECO	si=17	zone=trees	ms=0.50	meshes=10
1989.2	DECO	si=18	zone=trees	ms=0.50	meshes=13
1989.8	DECO	si=19	zone=trees	ms=0.60	meshes=13
1990.2	DECO	si=20	zone=trees	ms=0.40	meshes=11
1990.5	DECO	si=21	zone=trees	ms=0.30	meshes=11
1990.9	DECO	si=22	zone=trees	ms=0.40	meshes=10
1991.3	DECO	si=23	zone=trees	ms=0.40	meshes=12
1991.7	DECO	si=24	zone=trees	ms=0.40	meshes=11
1992.2	DECO	si=25	zone=trees	ms=0.50	meshes=11
1992.6	DECO	si=26	zone=trees	ms=0.40	meshes=11
1993.1	DECO	si=27	zone=trees	ms=0.50	meshes=13
1993.8	DECO	si=28	zone=trees	ms=0.70	meshes=13
1994.6	DECO	si=29	zone=trees	ms=0.80	meshes=14
1995.1	DECO	si=30	zone=trees	ms=0.50	meshes=15
1995.5	DECO	si=31	zone=trees	ms=0.40	meshes=11
1996.0	DECO	si=32	zone=trees	ms=0.50	meshes=13
1996.3	DECO	si=33	zone=trees	ms=0.30	meshes=10
1997.0	DECO	si=34	zone=trees	ms=0.70	meshes=15
1997.5	DECO	si=35	zone=trees	ms=0.50	meshes=11
1997.9	DECO	si=36	zone=trees	ms=0.40	meshes=13
1999.2	DECO	si=37	zone=trees	ms=1.30	meshes=11
1999.6	DECO	si=38	zone=trees	ms=0.40	meshes=11
1999.9	DECO	si=39	zone=trees	ms=0.30	meshes=10
2000.5	DECO	si=40	zone=trees	ms=0.60	meshes=13
2000.9	DECO	si=41	zone=trees	ms=0.40	meshes=12
2001.5	DECO	si=42	zone=trees	ms=0.60	meshes=14
2002.0	DECO	si=43	zone=trees	ms=0.50	meshes=13
2002.5	DECO	si=44	zone=trees	ms=0.50	meshes=15
2003.1	DECO	si=45	zone=trees	ms=0.60	meshes=16
2003.6	DECO	si=46	zone=trees	ms=0.50	meshes=14
2004.1	DECO	si=47	zone=trees	ms=0.50	meshes=14
2004.5	DECO	si=48	zone=trees	ms=0.40	meshes=11
2005.0	DECO	si=49	zone=trees	ms=0.50	meshes=12
2005.8	DECO	si=50	zone=trees	ms=0.80	meshes=15
2006.4	DECO	si=51	zone=trees	ms=0.60	meshes=16
2006.9	DECO	si=52	zone=trees	ms=0.50	meshes=11
2007.2	DECO	si=53	zone=trees	ms=0.30	meshes=12
2012.5	DECO	si=54	zone=buildings	ms=5.30	meshes=7
2014.7	DECO	si=55	zone=buildings	ms=2.20	meshes=7
2016.5	DECO	si=56	zone=buildings	ms=1.80	meshes=7
2017.6	DECO	si=57	zone=buildings	ms=1.10	meshes=6
2019.2	DECO	si=58	zone=buildings	ms=1.60	meshes=7
2020.3	DECO	si=59	zone=buildings	ms=1.10	meshes=7
2021.6	DECO	si=60	zone=buildings	ms=1.20	meshes=7
2023.9	DECO	si=61	zone=buildings	ms=2.30	meshes=7
2025.6	DECO	si=62	zone=buildings	ms=1.70	meshes=7
2026.8	DECO	si=63	zone=buildings	ms=1.20	meshes=7
2028.2	DECO	si=64	zone=buildings	ms=1.40	meshes=7
2029.4	DECO	si=65	zone=buildings	ms=1.20	meshes=7
2030.8	DECO	si=66	zone=buildings	ms=1.40	meshes=7
2031.7	DECO	si=67	zone=buildings	ms=0.90	meshes=7
2033.3	DECO	si=68	zone=buildings	ms=1.60	meshes=7
2034.3	DECO	si=69	zone=buildings	ms=1.00	meshes=7
2035.8	DECO	si=70	zone=buildings	ms=1.50	meshes=7
3306.1	SHADER_PROG	count=25	was=0	seg=2	zone=trees
7943.8	SHADER_PROG	count=26	was=25	seg=2	zone=trees
14534.4	DECO	si=71	zone=buildings	ms=1.70	meshes=7
14866.4	DECO	si=72	zone=buildings	ms=1.70	meshes=7
15318.1	DECO	si=73	zone=buildings	ms=1.40	meshes=7
16034.4	DECO	si=74	zone=buildings	ms=2.00	meshes=6
16201.0	DECO	si=75	zone=buildings	ms=1.50	meshes=7
19739.5	SHADER_PROG	count=41	was=26	seg=10	zone=trees
19851.0	SHADER_PROG	count=42	was=41	seg=10	zone=trees
20042.7	DECO	si=76	zone=intersection	ms=2.60	meshes=37
20212.3	DECO	si=77	zone=buildings	ms=1.60	meshes=7
20273.1	SHADER_PROG	count=43	was=42	seg=12	zone=trees
20395.5	DECO	si=78	zone=buildings	ms=1.70	meshes=7
20576.6	DECO	si=79	zone=buildings	ms=2.00	meshes=6
20747.4	DECO	si=80	zone=buildings	ms=1.10	meshes=6
20926.2	DECO	si=81	zone=buildings	ms=1.30	meshes=7
21092.2	DECO	si=82	zone=buildings	ms=1.20	meshes=7
21260.4	DECO	si=83	zone=buildings	ms=1.80	meshes=7
21439.7	DECO	si=84	zone=buildings	ms=1.10	meshes=7
21632.4	DECO	si=85	zone=buildings	ms=1.90	meshes=6
21826.5	DECO	si=86	zone=buildings	ms=1.50	meshes=6
22017.9	DECO	si=87	zone=buildings	ms=1.70	meshes=6
22198.7	DECO	si=88	zone=buildings	ms=1.20	meshes=6
22379.5	DECO	si=89	zone=buildings	ms=1.40	meshes=7
22573.5	DECO	si=90	zone=buildings	ms=1.60	meshes=7
22763.2	DECO	si=91	zone=buildings	ms=1.40	meshes=7
22955.9	DECO	si=92	zone=buildings	ms=1.50	meshes=7
23141.2	DECO	si=93	zone=buildings	ms=1.50	meshes=6
23315.9	DECO	si=94	zone=bridge	ms=0.40	meshes=5
26695.3	SHADER_PROG	count=59	was=43	seg=29	zone=trees
26918.2	DECO	si=95	zone=bridge	ms=0.20	meshes=4
30178.2	SHADER_PROG	count=74	was=59	seg=30	zone=trees
30387.6	DECO	si=96	zone=bridge	ms=2.40	meshes=52
33624.8	SHADER_PROG	count=89	was=74	seg=31	zone=trees
33847.5	DECO	si=97	zone=bridge	ms=0.10	meshes=4
34014.3	DECO	si=98	zone=bridge	ms=0.00	meshes=4
34177.8	DECO	si=99	zone=bridge	ms=0.00	meshes=4
34341.4	DECO	si=100	zone=bridge	ms=0.10	meshes=4
34471.7	SHADER_PROG	count=90	was=89	seg=35	zone=trees
34521.6	DECO	si=101	zone=bridge	ms=0.10	meshes=4
34681.3	DECO	si=102	zone=bridge	ms=0.10	meshes=4
34836.1	SHADER_PROG	count=91	was=90	seg=37	zone=trees
34853.6	DECO	si=103	zone=bridge	ms=0.10	meshes=4
35016.2	DECO	si=104	zone=bridge	ms=0.10	meshes=4
35180.8	DECO	si=105	zone=bridge	ms=0.10	meshes=4
35346.9	DECO	si=106	zone=bridge	ms=0.10	meshes=4
35518.5	DECO	si=107	zone=bridge	ms=0.10	meshes=4
35681.4	DECO	si=108	zone=bridge	ms=1.90	meshes=52
35845.0	DECO	si=109	zone=bridge	ms=0.00	meshes=4
36009.1	DECO	si=110	zone=bridge	ms=0.20	meshes=4
36176.3	DECO	si=111	zone=bridge	ms=0.00	meshes=4
36345.8	DECO	si=112	zone=bridge	ms=0.10	meshes=4
36389.5	SHADER_PROG	count=92	was=91	seg=47	zone=trees
36541.6	DECO	si=113	zone=bridge	ms=0.10	meshes=4
36715.6	DECO	si=114	zone=bridge	ms=0.20	meshes=4
36892.8	DECO	si=115	zone=bridge	ms=0.10	meshes=4
37068.2	DECO	si=116	zone=bridge	ms=0.00	meshes=4
37236.3	DECO	si=117	zone=bridge	ms=0.00	meshes=4
37405.6	DECO	si=118	zone=bridge	ms=0.10	meshes=4
37572.3	DECO	si=119	zone=bridge	ms=0.10	meshes=5
37739.0	DECO	si=120	zone=buildings	ms=1.40	meshes=7
37903.9	DECO	si=121	zone=buildings	ms=1.50	meshes=7
38069.9	DECO	si=122	zone=buildings	ms=1.60	meshes=7
38230.2	DECO	si=123	zone=buildings	ms=1.70	meshes=7
38395.8	DECO	si=124	zone=buildings	ms=1.30	meshes=7
38562.2	DECO	si=125	zone=buildings	ms=1.10	meshes=7
38729.5	DECO	si=126	zone=buildings	ms=1.60	meshes=6
38877.1	SHADER_PROG	count=93	was=92	seg=61	zone=buildings
38908.0	DECO	si=127	zone=buildings	ms=1.50	meshes=7
39063.8	DECO	si=128	zone=buildings	ms=1.80	meshes=7
39229.7	DECO	si=129	zone=buildings	ms=1.40	meshes=6
39396.8	DECO	si=130	zone=buildings	ms=1.20	meshes=7
39562.3	ZONE_CHANGE	→ trees	si=206	zoneLeft=34
39563.8	DECO	si=131	zone=buildings	ms=1.40	meshes=7
39730.6	DECO	si=132	zone=buildings	ms=1.90	meshes=7
39896.6	DECO	si=133	zone=buildings	ms=1.10	meshes=6
40064.1	DECO	si=134	zone=buildings	ms=1.40	meshes=7
40230.8	DECO	si=135	zone=buildings	ms=1.20	meshes=7
40396.9	DECO	si=136	zone=buildings	ms=1.40	meshes=7
40567.0	DECO	si=137	zone=buildings	ms=2.80	meshes=7
40731.4	DECO	si=138	zone=buildings	ms=2.50	meshes=7
40897.7	DECO	si=139	zone=buildings	ms=1.60	meshes=7
41064.9	DECO	si=140	zone=buildings	ms=2.30	meshes=7
44338.9	SHADER_PROG	count=108	was=93	seg=75	zone=buildings
44500.2	DECO	si=141	zone=buildings	ms=1.10	meshes=7
44701.1	DECO	si=142	zone=intersection	ms=1.50	meshes=37
47862.4	SHADER_PROG	count=123	was=108	seg=77	zone=buildings
48097.0	DECO	si=143	zone=buildings	ms=2.40	meshes=7
48520.6	DECO	si=144	zone=buildings	ms=1.60	meshes=7
576.9	ZONE_CHANGE	→ trees	si=54	zoneLeft=42
577.0	ZONE_CHANGE	→ buildings	si=97	zoneLeft=21
577.0	ZONE_CHANGE	→ buildings	si=119	zoneLeft=36
577.0	ZONE_CHANGE	→ bridge	si=156	zoneLeft=48
599.2	DECO	si=0	zone=trees	ms=1.00	meshes=11
600.1	DECO	si=1	zone=trees	ms=0.90	meshes=10
601.1	DECO	si=2	zone=trees	ms=1.00	meshes=12
601.8	DECO	si=3	zone=trees	ms=0.70	meshes=13
602.5	DECO	si=4	zone=trees	ms=0.70	meshes=14
603.0	DECO	si=5	zone=trees	ms=0.50	meshes=12
603.5	DECO	si=6	zone=trees	ms=0.50	meshes=10
603.9	DECO	si=7	zone=trees	ms=0.40	meshes=10
604.5	DECO	si=8	zone=trees	ms=0.60	meshes=13
605.0	DECO	si=9	zone=trees	ms=0.50	meshes=13
605.4	DECO	si=10	zone=trees	ms=0.40	meshes=9
605.8	DECO	si=11	zone=trees	ms=0.40	meshes=12
606.3	DECO	si=12	zone=trees	ms=0.50	meshes=13
606.9	DECO	si=13	zone=trees	ms=0.60	meshes=10
607.3	DECO	si=14	zone=trees	ms=0.40	meshes=11
607.9	DECO	si=15	zone=trees	ms=0.60	meshes=12
608.4	DECO	si=16	zone=trees	ms=0.50	meshes=12
608.9	DECO	si=17	zone=trees	ms=0.50	meshes=12
609.4	DECO	si=18	zone=trees	ms=0.50	meshes=12
609.9	DECO	si=19	zone=trees	ms=0.50	meshes=14
610.4	DECO	si=20	zone=trees	ms=0.50	meshes=12
610.9	DECO	si=21	zone=trees	ms=0.50	meshes=12
611.2	DECO	si=22	zone=trees	ms=0.30	meshes=12
611.6	DECO	si=23	zone=trees	ms=0.40	meshes=10
612.3	DECO	si=24	zone=trees	ms=0.60	meshes=15
612.7	DECO	si=25	zone=trees	ms=0.40	meshes=11
613.1	DECO	si=26	zone=trees	ms=0.40	meshes=12
613.7	DECO	si=27	zone=trees	ms=0.60	meshes=14
614.1	DECO	si=28	zone=trees	ms=0.40	meshes=13
614.5	DECO	si=29	zone=trees	ms=0.40	meshes=11
614.9	DECO	si=30	zone=trees	ms=0.40	meshes=11
615.3	DECO	si=31	zone=trees	ms=0.40	meshes=13
615.9	DECO	si=32	zone=trees	ms=0.60	meshes=13
616.5	DECO	si=33	zone=trees	ms=0.60	meshes=12
616.9	DECO	si=34	zone=trees	ms=0.40	meshes=14
617.5	DECO	si=35	zone=trees	ms=0.60	meshes=12
618.0	DECO	si=36	zone=trees	ms=0.50	meshes=15
618.4	DECO	si=37	zone=trees	ms=0.40	meshes=13
618.7	DECO	si=38	zone=trees	ms=0.30	meshes=12
619.3	DECO	si=39	zone=trees	ms=0.60	meshes=13
619.8	DECO	si=40	zone=trees	ms=0.50	meshes=14
620.2	DECO	si=41	zone=trees	ms=0.40	meshes=12
620.6	DECO	si=42	zone=trees	ms=0.40	meshes=11
621.4	DECO	si=43	zone=trees	ms=0.80	meshes=16
622.0	DECO	si=44	zone=trees	ms=0.60	meshes=15
622.6	DECO	si=45	zone=trees	ms=0.60	meshes=13
625.4	DECO	si=46	zone=trees	ms=2.80	meshes=13
626.0	DECO	si=47	zone=trees	ms=0.60	meshes=15
626.8	DECO	si=48	zone=trees	ms=0.80	meshes=14
627.5	DECO	si=49	zone=trees	ms=0.70	meshes=16
628.1	DECO	si=50	zone=trees	ms=0.60	meshes=12
628.9	DECO	si=51	zone=trees	ms=0.80	meshes=15
629.5	DECO	si=52	zone=trees	ms=0.60	meshes=12
629.9	DECO	si=53	zone=trees	ms=0.40	meshes=12
630.5	DECO	si=54	zone=trees	ms=0.60	meshes=14
631.1	DECO	si=55	zone=trees	ms=0.60	meshes=16
631.8	DECO	si=56	zone=trees	ms=0.70	meshes=14
632.4	DECO	si=57	zone=trees	ms=0.60	meshes=12
632.9	DECO	si=58	zone=trees	ms=0.50	meshes=13
633.3	DECO	si=59	zone=trees	ms=0.40	meshes=12
633.8	DECO	si=60	zone=trees	ms=0.50	meshes=14
634.3	DECO	si=61	zone=trees	ms=0.50	meshes=13
634.7	DECO	si=62	zone=trees	ms=0.40	meshes=12
635.6	DECO	si=63	zone=trees	ms=0.90	meshes=16
636.2	DECO	si=64	zone=trees	ms=0.60	meshes=15
636.6	DECO	si=65	zone=trees	ms=0.40	meshes=13
637.2	DECO	si=66	zone=trees	ms=0.60	meshes=16
637.5	DECO	si=67	zone=trees	ms=0.30	meshes=12
638.3	DECO	si=68	zone=trees	ms=0.80	meshes=16
638.8	DECO	si=69	zone=trees	ms=0.50	meshes=13
639.5	DECO	si=70	zone=trees	ms=0.70	meshes=14
634257.5	SHADER_PROG	count=19	was=0	seg=2	zone=trees
638973.9	SHADER_PROG	count=20	was=19	seg=2	zone=trees
644965.9	DECO	si=71	zone=trees	ms=1.10	meshes=15
645094.7	DECO	si=72	zone=trees	ms=0.60	meshes=13
645245.8	DECO	si=73	zone=trees	ms=0.70	meshes=15
648289.2	SHADER_PROG	count=30	was=20	seg=8	zone=trees
648493.6	DECO	si=74	zone=trees	ms=0.90	meshes=17
648659.9	DECO	si=75	zone=trees	ms=0.90	meshes=16
648826.7	DECO	si=76	zone=trees	ms=0.90	meshes=17
648993.1	DECO	si=77	zone=trees	ms=0.80	meshes=17
649161.1	DECO	si=78	zone=trees	ms=0.80	meshes=15
649327.7	DECO	si=79	zone=trees	ms=0.70	meshes=15
649493.9	DECO	si=80	zone=trees	ms=0.80	meshes=16
649549.3	SHADER_PROG	count=31	was=30	seg=15	zone=trees
649663.9	DECO	si=81	zone=trees	ms=0.80	meshes=18
649827.4	DECO	si=82	zone=trees	ms=0.60	meshes=15
650812.1	DECO	si=83	zone=trees	ms=1.00	meshes=15
651149.3	SHADER_PROG	count=32	was=31	seg=18	zone=trees
651379.1	DECO	si=84	zone=trees	ms=0.90	meshes=18
654341.5	SHADER_PROG	count=42	was=32	seg=19	zone=trees
654847.9	DECO	si=85	zone=trees	ms=0.90	meshes=13
655629.9	DECO	si=86	zone=trees	ms=0.80	meshes=15
655813.0	DECO	si=87	zone=trees	ms=0.50	meshes=17
655984.1	DECO	si=88	zone=trees	ms=0.70	meshes=14
655984.4	SHADER_PROG	count=43	was=42	seg=23	zone=trees
656149.3	DECO	si=89	zone=trees	ms=0.80	meshes=15
656316.6	DECO	si=90	zone=trees	ms=0.90	meshes=18
656483.6	DECO	si=91	zone=trees	ms=0.90	meshes=19
656649.2	DECO	si=92	zone=trees	ms=0.70	meshes=18
657235.8	DECO	si=93	zone=trees	ms=0.90	meshes=16
657755.9	DECO	si=94	zone=trees	ms=0.80	meshes=16
657987.5	DECO	si=95	zone=trees	ms=0.90	meshes=18
658155.9	DECO	si=96	zone=trees	ms=0.90	meshes=16
660920.5	SHADER_PROG	count=53	was=43	seg=31	zone=trees
661155.4	DECO	si=97	zone=buildings	ms=2.60	meshes=6
661355.1	DECO	si=98	zone=buildings	ms=2.30	meshes=7
661525.7	DECO	si=99	zone=buildings	ms=1.70	meshes=7
661526.1	SHADER_PROG	count=54	was=53	seg=34	zone=trees
661709.7	DECO	si=100	zone=buildings	ms=1.20	meshes=7
661889.2	DECO	si=101	zone=buildings	ms=2.40	meshes=6
662061.7	DECO	si=102	zone=buildings	ms=1.60	meshes=7
664615.2	SHADER_PROG	count=64	was=54	seg=37	zone=trees
664882.7	DECO	si=103	zone=buildings	ms=1.50	meshes=7
665097.2	DECO	si=104	zone=buildings	ms=1.60	meshes=7
665376.1	DECO	si=105	zone=buildings	ms=1.90	meshes=7
667544.5	SHADER_PROG	count=74	was=64	seg=40	zone=trees
903.4	ZONE_CHANGE	→ buildings	si=54	zoneLeft=22
903.4	ZONE_CHANGE	→ tunnel	si=77	zoneLeft=27
903.4	ZONE_CHANGE	→ mountains	si=105	zoneLeft=42
903.4	ZONE_CHANGE	→ mountains	si=148	zoneLeft=19
903.4	ZONE_CHANGE	→ buildings	si=168	zoneLeft=30
911.5	DECO	si=0	zone=trees	ms=1.50	meshes=10
912.5	DECO	si=1	zone=trees	ms=1.00	meshes=11
913.0	DECO	si=2	zone=trees	ms=0.50	meshes=9
913.8	DECO	si=3	zone=trees	ms=0.80	meshes=12
914.4	DECO	si=4	zone=trees	ms=0.60	meshes=12
915.1	DECO	si=5	zone=trees	ms=0.70	meshes=14
915.7	DECO	si=6	zone=trees	ms=0.60	meshes=14
916.0	DECO	si=7	zone=trees	ms=0.30	meshes=10
916.6	DECO	si=8	zone=trees	ms=0.60	meshes=11
917.1	DECO	si=9	zone=trees	ms=0.50	meshes=12
917.7	DECO	si=10	zone=trees	ms=0.60	meshes=11
918.0	DECO	si=11	zone=trees	ms=0.30	meshes=10
918.6	DECO	si=12	zone=trees	ms=0.60	meshes=11
919.1	DECO	si=13	zone=trees	ms=0.50	meshes=11
919.8	DECO	si=14	zone=trees	ms=0.70	meshes=11
921.5	DECO	si=15	zone=trees	ms=1.70	meshes=11
922.2	DECO	si=16	zone=trees	ms=0.70	meshes=13
922.8	DECO	si=17	zone=trees	ms=0.60	meshes=13
923.3	DECO	si=18	zone=trees	ms=0.50	meshes=11
924.0	DECO	si=19	zone=trees	ms=0.70	meshes=12
924.4	DECO	si=20	zone=trees	ms=0.40	meshes=12
924.9	DECO	si=21	zone=trees	ms=0.50	meshes=13
925.4	DECO	si=22	zone=trees	ms=0.50	meshes=11
925.8	DECO	si=23	zone=trees	ms=0.40	meshes=11
926.4	DECO	si=24	zone=trees	ms=0.60	meshes=14
927.0	DECO	si=25	zone=trees	ms=0.60	meshes=13
927.4	DECO	si=26	zone=trees	ms=0.40	meshes=11
927.8	DECO	si=27	zone=trees	ms=0.40	meshes=12
928.2	DECO	si=28	zone=trees	ms=0.40	meshes=12
928.6	DECO	si=29	zone=trees	ms=0.40	meshes=13
929.2	DECO	si=30	zone=trees	ms=0.60	meshes=14
929.6	DECO	si=31	zone=trees	ms=0.40	meshes=14
930.0	DECO	si=32	zone=trees	ms=0.40	meshes=11
930.5	DECO	si=33	zone=trees	ms=0.50	meshes=12
931.0	DECO	si=34	zone=trees	ms=0.50	meshes=15
931.7	DECO	si=35	zone=trees	ms=0.70	meshes=15
932.3	DECO	si=36	zone=trees	ms=0.60	meshes=14
932.8	DECO	si=37	zone=trees	ms=0.50	meshes=13
933.3	DECO	si=38	zone=trees	ms=0.50	meshes=13
933.9	DECO	si=39	zone=trees	ms=0.60	meshes=14
934.4	DECO	si=40	zone=trees	ms=0.50	meshes=12
934.8	DECO	si=41	zone=trees	ms=0.40	meshes=12
935.3	DECO	si=42	zone=trees	ms=0.50	meshes=13
936.0	DECO	si=43	zone=trees	ms=0.70	meshes=14
936.6	DECO	si=44	zone=trees	ms=0.60	meshes=13
937.0	DECO	si=45	zone=trees	ms=0.40	meshes=11
937.7	DECO	si=46	zone=trees	ms=0.70	meshes=15
938.3	DECO	si=47	zone=trees	ms=0.60	meshes=14
938.8	DECO	si=48	zone=trees	ms=0.50	meshes=15
939.7	DECO	si=49	zone=trees	ms=0.90	meshes=14
940.2	DECO	si=50	zone=trees	ms=0.50	meshes=15
940.7	DECO	si=51	zone=trees	ms=0.50	meshes=14
941.3	DECO	si=52	zone=trees	ms=0.60	meshes=14
941.7	DECO	si=53	zone=trees	ms=0.40	meshes=12
945.3	DECO	si=54	zone=buildings	ms=3.60	meshes=6
949.1	DECO	si=55	zone=buildings	ms=3.80	meshes=7
952.3	DECO	si=56	zone=buildings	ms=3.20	meshes=6
989.9	DECO	si=57	zone=buildings	ms=37.60	meshes=7
992.2	DECO	si=58	zone=buildings	ms=2.30	meshes=6
993.7	DECO	si=59	zone=buildings	ms=1.50	meshes=7
995.4	DECO	si=60	zone=buildings	ms=1.70	meshes=7
996.8	DECO	si=61	zone=buildings	ms=1.40	meshes=7
998.3	DECO	si=62	zone=buildings	ms=1.50	meshes=6
999.7	DECO	si=63	zone=buildings	ms=1.40	meshes=7
1001.0	DECO	si=64	zone=buildings	ms=1.30	meshes=7
1002.2	DECO	si=65	zone=buildings	ms=1.20	meshes=7
1003.6	DECO	si=66	zone=buildings	ms=1.40	meshes=7
1004.9	DECO	si=67	zone=buildings	ms=1.30	meshes=7
1006.6	DECO	si=68	zone=buildings	ms=1.70	meshes=7
1007.7	DECO	si=69	zone=buildings	ms=1.10	meshes=7
1009.1	DECO	si=70	zone=buildings	ms=1.40	meshes=6
618.0	ZONE_CHANGE	→ buildings	si=54	zoneLeft=42
618.1	ZONE_CHANGE	→ ether	si=97	zoneLeft=22
618.1	ZONE_CHANGE	→ trees	si=120	zoneLeft=34
618.2	ZONE_CHANGE	→ dirt	si=155	zoneLeft=16
618.2	ZONE_CHANGE	→ tunnel	si=172	zoneLeft=35
638.6	DECO	si=0	zone=trees	ms=2.00	meshes=11
639.9	DECO	si=1	zone=trees	ms=1.30	meshes=11
640.9	DECO	si=2	zone=trees	ms=1.00	meshes=11
642.3	DECO	si=3	zone=trees	ms=1.40	meshes=14
643.4	DECO	si=4	zone=trees	ms=1.10	meshes=12
644.5	DECO	si=5	zone=trees	ms=1.10	meshes=11
649.3	DECO	si=6	zone=trees	ms=4.80	meshes=11
649.8	DECO	si=7	zone=trees	ms=0.50	meshes=10
650.3	DECO	si=8	zone=trees	ms=0.50	meshes=12
650.8	DECO	si=9	zone=trees	ms=0.50	meshes=12
651.2	DECO	si=10	zone=trees	ms=0.40	meshes=10
651.6	DECO	si=11	zone=trees	ms=0.40	meshes=13
652.1	DECO	si=12	zone=trees	ms=0.50	meshes=11
652.6	DECO	si=13	zone=trees	ms=0.50	meshes=11
653.1	DECO	si=14	zone=trees	ms=0.50	meshes=13
653.5	DECO	si=15	zone=trees	ms=0.40	meshes=10
654.0	DECO	si=16	zone=trees	ms=0.50	meshes=13
654.5	DECO	si=17	zone=trees	ms=0.50	meshes=15
654.9	DECO	si=18	zone=trees	ms=0.40	meshes=11
655.3	DECO	si=19	zone=trees	ms=0.40	meshes=10
655.6	DECO	si=20	zone=trees	ms=0.30	meshes=11
656.6	DECO	si=21	zone=trees	ms=1.00	meshes=13
657.1	DECO	si=22	zone=trees	ms=0.50	meshes=13
657.6	DECO	si=23	zone=trees	ms=0.50	meshes=12
658.0	DECO	si=24	zone=trees	ms=0.40	meshes=14
658.3	DECO	si=25	zone=trees	ms=0.30	meshes=10
658.7	DECO	si=26	zone=trees	ms=0.40	meshes=11
659.1	DECO	si=27	zone=trees	ms=0.40	meshes=13
659.4	DECO	si=28	zone=trees	ms=0.30	meshes=11
659.9	DECO	si=29	zone=trees	ms=0.50	meshes=11
660.2	DECO	si=30	zone=trees	ms=0.30	meshes=10
660.7	DECO	si=31	zone=trees	ms=0.50	meshes=13
661.9	DECO	si=32	zone=trees	ms=1.20	meshes=12
662.3	DECO	si=33	zone=trees	ms=0.40	meshes=12
662.8	DECO	si=34	zone=trees	ms=0.50	meshes=12
663.3	DECO	si=35	zone=trees	ms=0.50	meshes=15
663.8	DECO	si=36	zone=trees	ms=0.50	meshes=11
664.2	DECO	si=37	zone=trees	ms=0.40	meshes=15
664.7	DECO	si=38	zone=trees	ms=0.50	meshes=13
665.1	DECO	si=39	zone=trees	ms=0.40	meshes=10
665.7	DECO	si=40	zone=trees	ms=0.60	meshes=14
666.3	DECO	si=41	zone=trees	ms=0.60	meshes=15
667.5	DECO	si=42	zone=trees	ms=1.20	meshes=15
668.0	DECO	si=43	zone=trees	ms=0.50	meshes=14
668.4	DECO	si=44	zone=trees	ms=0.40	meshes=12
668.9	DECO	si=45	zone=trees	ms=0.50	meshes=15
669.5	DECO	si=46	zone=trees	ms=0.60	meshes=15
670.1	DECO	si=47	zone=trees	ms=0.60	meshes=15
670.7	DECO	si=48	zone=trees	ms=0.60	meshes=13
671.2	DECO	si=49	zone=trees	ms=0.50	meshes=14
671.8	DECO	si=50	zone=trees	ms=0.60	meshes=14
672.2	DECO	si=51	zone=trees	ms=0.40	meshes=13
672.7	DECO	si=52	zone=trees	ms=0.50	meshes=15
673.3	DECO	si=53	zone=trees	ms=0.60	meshes=14
676.0	DECO	si=54	zone=buildings	ms=2.70	meshes=7
677.5	DECO	si=55	zone=buildings	ms=1.50	meshes=6
679.1	DECO	si=56	zone=buildings	ms=1.60	meshes=7
680.3	DECO	si=57	zone=buildings	ms=1.20	meshes=7
682.9	DECO	si=58	zone=buildings	ms=2.60	meshes=6
684.5	DECO	si=59	zone=buildings	ms=1.60	meshes=6
686.3	DECO	si=60	zone=buildings	ms=1.80	meshes=6
687.5	DECO	si=61	zone=buildings	ms=1.20	meshes=6
689.0	DECO	si=62	zone=buildings	ms=1.50	meshes=7
690.3	DECO	si=63	zone=buildings	ms=1.20	meshes=7
691.6	DECO	si=64	zone=buildings	ms=1.30	meshes=7
693.1	DECO	si=65	zone=buildings	ms=1.50	meshes=6
695.5	DECO	si=66	zone=buildings	ms=2.40	meshes=7
696.6	DECO	si=67	zone=buildings	ms=1.10	meshes=7
698.3	DECO	si=68	zone=buildings	ms=1.70	meshes=7
699.7	DECO	si=69	zone=buildings	ms=1.40	meshes=7
700.7	DECO	si=70	zone=buildings	ms=1.00	meshes=7
12451.0	SHADER_PROG	count=25	was=0	seg=2	zone=trees
23700.8	SHADER_PROG	count=45	was=25	seg=2	zone=trees
30640.1	DECO	si=71	zone=buildings	ms=2.60	meshes=7
30806.5	DECO	si=72	zone=buildings	ms=1.60	meshes=7
30981.0	DECO	si=73	zone=buildings	ms=2.20	meshes=7
30981.4	SHADER_PROG	count=46	was=45	seg=8	zone=trees
31148.4	DECO	si=74	zone=buildings	ms=3.00	meshes=7
31311.7	DECO	si=75	zone=buildings	ms=1.70	meshes=5
32435.0	SHADER_PROG	count=47	was=46	seg=10	zone=trees
32511.6	DECO	si=76	zone=intersection	ms=2.00	meshes=37
33481.0	SHADER_PROG	count=48	was=47	seg=11	zone=trees
33541.3	DECO	si=77	zone=buildings	ms=2.00	meshes=7
33728.8	DECO	si=78	zone=buildings	ms=1.40	meshes=7
33914.6	DECO	si=79	zone=buildings	ms=2.00	meshes=7
34091.2	DECO	si=80	zone=buildings	ms=1.20	meshes=6
34259.1	DECO	si=81	zone=buildings	ms=2.20	meshes=7
34424.7	DECO	si=82	zone=buildings	ms=1.30	meshes=7
34591.4	DECO	si=83	zone=buildings	ms=1.50	meshes=7
34775.4	DECO	si=84	zone=buildings	ms=1.20	meshes=6
34999.5	DECO	si=85	zone=buildings	ms=3.20	meshes=7
35192.2	DECO	si=86	zone=buildings	ms=1.40	meshes=7
35359.3	DECO	si=87	zone=buildings	ms=2.10	meshes=6
35526.1	DECO	si=88	zone=buildings	ms=1.80	meshes=7
35693.3	DECO	si=89	zone=buildings	ms=1.80	meshes=7
35861.5	DECO	si=90	zone=buildings	ms=1.60	meshes=7
36032.7	DECO	si=91	zone=buildings	ms=1.80	meshes=7
36210.5	DECO	si=92	zone=buildings	ms=1.10	meshes=7
48580.5	SHADER_PROG	count=63	was=48	seg=27	zone=trees
48765.4	DECO	si=93	zone=buildings	ms=2.00	meshes=7
61521.0	SHADER_PROG	count=78	was=63	seg=28	zone=trees
61594.7	SHADER_PROG	count=79	was=78	seg=28	zone=trees
61775.0	DECO	si=94	zone=buildings	ms=1.60	meshes=7
62088.3	DECO	si=95	zone=buildings	ms=1.60	meshes=7
62683.3	DECO	si=96	zone=buildings	ms=1.70	meshes=6
62892.4	SHADER_PROG	count=80	was=79	seg=31	zone=trees
593.2	ZONE_CHANGE	→ trees	si=54	zoneLeft=29
593.2	ZONE_CHANGE	→ bridge	si=84	zoneLeft=46
593.2	ZONE_CHANGE	→ bridge	si=131	zoneLeft=48
593.2	ZONE_CHANGE	→ tunnel	si=180	zoneLeft=23
599.9	DECO	si=0	zone=trees	ms=1.30	meshes=11
600.4	DECO	si=1	zone=trees	ms=0.50	meshes=13
601.1	DECO	si=2	zone=trees	ms=0.70	meshes=10
602.0	DECO	si=3	zone=trees	ms=0.90	meshes=13
602.6	DECO	si=4	zone=trees	ms=0.60	meshes=11
602.9	DECO	si=5	zone=trees	ms=0.30	meshes=8
603.4	DECO	si=6	zone=trees	ms=0.50	meshes=12
603.8	DECO	si=7	zone=trees	ms=0.40	meshes=9
604.1	DECO	si=8	zone=trees	ms=0.30	meshes=9
604.5	DECO	si=9	zone=trees	ms=0.40	meshes=11
604.9	DECO	si=10	zone=trees	ms=0.40	meshes=11
605.3	DECO	si=11	zone=trees	ms=0.40	meshes=9
605.6	DECO	si=12	zone=trees	ms=0.30	meshes=11
606.0	DECO	si=13	zone=trees	ms=0.40	meshes=11
606.4	DECO	si=14	zone=trees	ms=0.40	meshes=12
606.9	DECO	si=15	zone=trees	ms=0.50	meshes=14
607.3	DECO	si=16	zone=trees	ms=0.40	meshes=14
608.9	DECO	si=17	zone=trees	ms=1.60	meshes=12
609.4	DECO	si=18	zone=trees	ms=0.40	meshes=11
609.9	DECO	si=19	zone=trees	ms=0.50	meshes=13
610.2	DECO	si=20	zone=trees	ms=0.30	meshes=10
610.6	DECO	si=21	zone=trees	ms=0.40	meshes=12
611.2	DECO	si=22	zone=trees	ms=0.60	meshes=15
611.7	DECO	si=23	zone=trees	ms=0.50	meshes=13
612.3	DECO	si=24	zone=trees	ms=0.60	meshes=14
612.8	DECO	si=25	zone=trees	ms=0.50	meshes=13
613.3	DECO	si=26	zone=trees	ms=0.50	meshes=14
613.7	DECO	si=27	zone=trees	ms=0.40	meshes=12
614.2	DECO	si=28	zone=trees	ms=0.50	meshes=12
614.7	DECO	si=29	zone=trees	ms=0.50	meshes=12
615.2	DECO	si=30	zone=trees	ms=0.50	meshes=13
615.6	DECO	si=31	zone=trees	ms=0.40	meshes=12
616.0	DECO	si=32	zone=trees	ms=0.40	meshes=14
616.5	DECO	si=33	zone=trees	ms=0.50	meshes=12
617.2	DECO	si=34	zone=trees	ms=0.70	meshes=14
617.7	DECO	si=35	zone=trees	ms=0.50	meshes=11
620.3	DECO	si=36	zone=trees	ms=2.60	meshes=12
620.8	DECO	si=37	zone=trees	ms=0.50	meshes=12
621.2	DECO	si=38	zone=trees	ms=0.40	meshes=11
621.5	DECO	si=39	zone=trees	ms=0.30	meshes=11
622.0	DECO	si=40	zone=trees	ms=0.50	meshes=15
622.5	DECO	si=41	zone=trees	ms=0.50	meshes=15
622.9	DECO	si=42	zone=trees	ms=0.40	meshes=14
623.3	DECO	si=43	zone=trees	ms=0.40	meshes=12
623.8	DECO	si=44	zone=trees	ms=0.50	meshes=15
624.3	DECO	si=45	zone=trees	ms=0.50	meshes=11
624.8	DECO	si=46	zone=trees	ms=0.50	meshes=13
625.2	DECO	si=47	zone=trees	ms=0.40	meshes=10
625.6	DECO	si=48	zone=trees	ms=0.40	meshes=12
626.0	DECO	si=49	zone=trees	ms=0.40	meshes=13
626.5	DECO	si=50	zone=trees	ms=0.50	meshes=15
626.9	DECO	si=51	zone=trees	ms=0.40	meshes=13
627.4	DECO	si=52	zone=trees	ms=0.50	meshes=16
628.1	DECO	si=53	zone=trees	ms=0.70	meshes=16
628.7	DECO	si=54	zone=trees	ms=0.60	meshes=15
629.1	DECO	si=55	zone=trees	ms=0.40	meshes=12
629.9	DECO	si=56	zone=trees	ms=0.80	meshes=17
630.6	DECO	si=57	zone=trees	ms=0.70	meshes=16
631.4	DECO	si=58	zone=trees	ms=0.80	meshes=16
632.2	DECO	si=59	zone=trees	ms=0.80	meshes=14
633.1	DECO	si=60	zone=trees	ms=0.90	meshes=16
633.9	DECO	si=61	zone=trees	ms=0.80	meshes=16
634.4	DECO	si=62	zone=trees	ms=0.50	meshes=14
635.4	DECO	si=63	zone=trees	ms=1.00	meshes=15
635.9	DECO	si=64	zone=trees	ms=0.50	meshes=12
636.8	DECO	si=65	zone=trees	ms=0.90	meshes=11
637.7	DECO	si=66	zone=trees	ms=0.90	meshes=18
638.7	DECO	si=67	zone=trees	ms=1.00	meshes=16
639.6	DECO	si=68	zone=trees	ms=0.90	meshes=16
640.3	DECO	si=69	zone=trees	ms=0.70	meshes=15
641.2	DECO	si=70	zone=trees	ms=0.90	meshes=16
2846.3	SHADER_PROG	count=19	was=0	seg=2	zone=trees
10070.6	SHADER_PROG	count=20	was=19	seg=2	zone=trees
15182.1	DECO	si=71	zone=trees	ms=0.80	meshes=12
15298.2	DECO	si=72	zone=trees	ms=0.50	meshes=13
15415.6	DECO	si=73	zone=trees	ms=0.40	meshes=15
15658.0	SHADER_PROG	count=21	was=20	seg=8	zone=trees
16315.6	DECO	si=74	zone=trees	ms=0.50	meshes=13
16515.9	DECO	si=75	zone=trees	ms=0.60	meshes=15
16682.9	DECO	si=76	zone=trees	ms=0.70	meshes=15
16849.4	DECO	si=77	zone=trees	ms=0.50	meshes=16
17016.6	DECO	si=78	zone=trees	ms=0.60	meshes=16
21140.0	SHADER_PROG	count=31	was=21	seg=13	zone=trees
21570.3	DECO	si=79	zone=trees	ms=0.90	meshes=18
21803.4	DECO	si=80	zone=trees	ms=0.70	meshes=15
22087.7	DECO	si=81	zone=trees	ms=0.90	meshes=15
203.6	ZONE_CHANGE	→ tunnel	si=54	zoneLeft=38
203.6	ZONE_CHANGE	→ dirt	si=93	zoneLeft=50
203.7	ZONE_CHANGE	→ buildings	si=144	zoneLeft=39
203.7	ZONE_CHANGE	→ trees	si=184	zoneLeft=17
215.1	DECO	si=0	zone=trees	ms=1.90	meshes=13
216.3	DECO	si=1	zone=trees	ms=1.20	meshes=9
216.7	DECO	si=2	zone=trees	ms=0.40	meshes=8
217.3	DECO	si=3	zone=trees	ms=0.60	meshes=11
217.9	DECO	si=4	zone=trees	ms=0.60	meshes=11
218.3	DECO	si=5	zone=trees	ms=0.40	meshes=11
218.8	DECO	si=6	zone=trees	ms=0.50	meshes=11
219.4	DECO	si=7	zone=trees	ms=0.60	meshes=10
219.9	DECO	si=8	zone=trees	ms=0.50	meshes=12
220.5	DECO	si=9	zone=trees	ms=0.60	meshes=13
221.3	DECO	si=10	zone=trees	ms=0.80	meshes=12
222.0	DECO	si=11	zone=trees	ms=0.70	meshes=11
222.6	DECO	si=12	zone=trees	ms=0.60	meshes=12
223.3	DECO	si=13	zone=trees	ms=0.70	meshes=11
223.9	DECO	si=14	zone=trees	ms=0.60	meshes=13
224.6	DECO	si=15	zone=trees	ms=0.70	meshes=12
225.3	DECO	si=16	zone=trees	ms=0.70	meshes=12
225.9	DECO	si=17	zone=trees	ms=0.60	meshes=12
226.4	DECO	si=18	zone=trees	ms=0.50	meshes=12
227.1	DECO	si=19	zone=trees	ms=0.70	meshes=11
227.8	DECO	si=20	zone=trees	ms=0.70	meshes=15
228.5	DECO	si=21	zone=trees	ms=0.70	meshes=15
229.2	DECO	si=22	zone=trees	ms=0.70	meshes=13
229.8	DECO	si=23	zone=trees	ms=0.60	meshes=13
230.4	DECO	si=24	zone=trees	ms=0.60	meshes=12
232.4	DECO	si=25	zone=trees	ms=2.00	meshes=13
232.9	DECO	si=26	zone=trees	ms=0.50	meshes=14
233.2	DECO	si=27	zone=trees	ms=0.30	meshes=13
233.7	DECO	si=28	zone=trees	ms=0.50	meshes=14
234.6	DECO	si=29	zone=trees	ms=0.90	meshes=12
235.3	DECO	si=30	zone=trees	ms=0.70	meshes=11
235.8	DECO	si=31	zone=trees	ms=0.50	meshes=11
236.7	DECO	si=32	zone=trees	ms=0.90	meshes=12
237.3	DECO	si=33	zone=trees	ms=0.60	meshes=12
238.1	DECO	si=34	zone=trees	ms=0.80	meshes=12
238.6	DECO	si=35	zone=trees	ms=0.50	meshes=14
239.0	DECO	si=36	zone=trees	ms=0.40	meshes=12
239.5	DECO	si=37	zone=trees	ms=0.40	meshes=12
240.0	DECO	si=38	zone=trees	ms=0.50	meshes=12
240.7	DECO	si=39	zone=trees	ms=0.70	meshes=14
241.2	DECO	si=40	zone=trees	ms=0.50	meshes=13
241.5	DECO	si=41	zone=trees	ms=0.30	meshes=11
241.8	DECO	si=42	zone=trees	ms=0.30	meshes=12
242.2	DECO	si=43	zone=trees	ms=0.40	meshes=13
242.7	DECO	si=44	zone=trees	ms=0.50	meshes=12
243.1	DECO	si=45	zone=trees	ms=0.40	meshes=13
243.5	DECO	si=46	zone=trees	ms=0.40	meshes=13
245.6	DECO	si=47	zone=trees	ms=2.10	meshes=13
246.2	DECO	si=48	zone=trees	ms=0.60	meshes=16
246.5	DECO	si=49	zone=trees	ms=0.30	meshes=12
247.0	DECO	si=50	zone=trees	ms=0.50	meshes=13
247.6	DECO	si=51	zone=trees	ms=0.60	meshes=15
248.1	DECO	si=52	zone=trees	ms=0.50	meshes=15
248.4	DECO	si=53	zone=trees	ms=0.30	meshes=12
249.2	DECO	si=54	zone=tunnel	ms=0.80	meshes=27
249.6	DECO	si=55	zone=tunnel	ms=0.40	meshes=27
250.1	DECO	si=56	zone=tunnel	ms=0.40	meshes=27
250.5	DECO	si=57	zone=tunnel	ms=0.40	meshes=27
250.9	DECO	si=58	zone=tunnel	ms=0.40	meshes=27
251.3	DECO	si=59	zone=tunnel	ms=0.40	meshes=27
251.8	DECO	si=60	zone=tunnel	ms=0.50	meshes=27
252.2	DECO	si=61	zone=tunnel	ms=0.40	meshes=27
252.5	DECO	si=62	zone=tunnel	ms=0.30	meshes=27
252.9	DECO	si=63	zone=tunnel	ms=0.40	meshes=27
253.3	DECO	si=64	zone=tunnel	ms=0.40	meshes=27
253.7	DECO	si=65	zone=tunnel	ms=0.40	meshes=27
254.1	DECO	si=66	zone=tunnel	ms=0.40	meshes=27
254.5	DECO	si=67	zone=tunnel	ms=0.40	meshes=27
254.8	DECO	si=68	zone=tunnel	ms=0.30	meshes=27
255.4	DECO	si=69	zone=tunnel	ms=0.60	meshes=27
256.0	DECO	si=70	zone=tunnel	ms=0.60	meshes=27
331.1	ZONE_CHANGE	→ tunnel	si=54	zoneLeft=19
331.1	ZONE_CHANGE	→ buildings	si=74	zoneLeft=39
331.2	ZONE_CHANGE	→ mountains	si=114	zoneLeft=39
331.2	ZONE_CHANGE	→ trees	si=154	zoneLeft=28
331.2	ZONE_CHANGE	→ buildings	si=183	zoneLeft=52
345.2	DECO	si=0	zone=trees	ms=2.70	meshes=12
346.5	DECO	si=1	zone=trees	ms=1.30	meshes=12
347.6	DECO	si=2	zone=trees	ms=1.10	meshes=11
349.3	DECO	si=3	zone=trees	ms=1.70	meshes=12
350.7	DECO	si=4	zone=trees	ms=1.40	meshes=12
351.6	DECO	si=5	zone=trees	ms=0.90	meshes=12
352.7	DECO	si=6	zone=trees	ms=1.10	meshes=11
353.9	DECO	si=7	zone=trees	ms=1.20	meshes=14
354.8	DECO	si=8	zone=trees	ms=0.90	meshes=12
355.7	DECO	si=9	zone=trees	ms=0.90	meshes=11
356.9	DECO	si=10	zone=trees	ms=1.20	meshes=14
358.1	DECO	si=11	zone=trees	ms=1.20	meshes=13
359.0	DECO	si=12	zone=trees	ms=0.90	meshes=10
364.0	DECO	si=13	zone=trees	ms=5.00	meshes=13
364.5	DECO	si=14	zone=trees	ms=0.50	meshes=12
365.1	DECO	si=15	zone=trees	ms=0.60	meshes=14
365.6	DECO	si=16	zone=trees	ms=0.50	meshes=14
366.2	DECO	si=17	zone=trees	ms=0.60	meshes=13
366.8	DECO	si=18	zone=trees	ms=0.60	meshes=14
367.3	DECO	si=19	zone=trees	ms=0.50	meshes=15
367.7	DECO	si=20	zone=trees	ms=0.40	meshes=12
368.1	DECO	si=21	zone=trees	ms=0.40	meshes=15
368.5	DECO	si=22	zone=trees	ms=0.40	meshes=12
369.0	DECO	si=23	zone=trees	ms=0.50	meshes=13
369.6	DECO	si=24	zone=trees	ms=0.60	meshes=13
370.0	DECO	si=25	zone=trees	ms=0.40	meshes=12
370.3	DECO	si=26	zone=trees	ms=0.30	meshes=11
371.4	DECO	si=27	zone=trees	ms=1.10	meshes=13
371.9	DECO	si=28	zone=trees	ms=0.50	meshes=13
372.4	DECO	si=29	zone=trees	ms=0.50	meshes=14
372.8	DECO	si=30	zone=trees	ms=0.40	meshes=12
373.2	DECO	si=31	zone=trees	ms=0.40	meshes=11
373.7	DECO	si=32	zone=trees	ms=0.50	meshes=15
374.0	DECO	si=33	zone=trees	ms=0.30	meshes=11
374.6	DECO	si=34	zone=trees	ms=0.60	meshes=14
375.0	DECO	si=35	zone=trees	ms=0.40	meshes=11
375.4	DECO	si=36	zone=trees	ms=0.40	meshes=12
376.8	DECO	si=37	zone=trees	ms=1.40	meshes=11
377.2	DECO	si=38	zone=trees	ms=0.40	meshes=12
377.8	DECO	si=39	zone=trees	ms=0.60	meshes=14
378.3	DECO	si=40	zone=trees	ms=0.50	meshes=14
378.9	DECO	si=41	zone=trees	ms=0.60	meshes=15
379.4	DECO	si=42	zone=trees	ms=0.50	meshes=15
379.9	DECO	si=43	zone=trees	ms=0.50	meshes=12
380.2	DECO	si=44	zone=trees	ms=0.30	meshes=11
380.6	DECO	si=45	zone=trees	ms=0.40	meshes=11
381.0	DECO	si=46	zone=trees	ms=0.40	meshes=10
381.5	DECO	si=47	zone=trees	ms=0.50	meshes=15
382.8	DECO	si=48	zone=trees	ms=1.30	meshes=14
383.3	DECO	si=49	zone=trees	ms=0.50	meshes=14
383.9	DECO	si=50	zone=trees	ms=0.60	meshes=15
384.3	DECO	si=51	zone=trees	ms=0.40	meshes=14
384.8	DECO	si=52	zone=trees	ms=0.50	meshes=14
385.2	DECO	si=53	zone=trees	ms=0.40	meshes=11
386.0	DECO	si=54	zone=tunnel	ms=0.80	meshes=27
386.5	DECO	si=55	zone=tunnel	ms=0.50	meshes=27
387.0	DECO	si=56	zone=tunnel	ms=0.50	meshes=27
387.4	DECO	si=57	zone=tunnel	ms=0.40	meshes=27
387.8	DECO	si=58	zone=tunnel	ms=0.40	meshes=27
388.3	DECO	si=59	zone=tunnel	ms=0.50	meshes=27
388.6	DECO	si=60	zone=tunnel	ms=0.30	meshes=27
389.0	DECO	si=61	zone=tunnel	ms=0.40	meshes=27
389.5	DECO	si=62	zone=tunnel	ms=0.50	meshes=27
389.8	DECO	si=63	zone=tunnel	ms=0.30	meshes=27
390.3	DECO	si=64	zone=tunnel	ms=0.50	meshes=27
390.8	DECO	si=65	zone=tunnel	ms=0.50	meshes=27
391.4	DECO	si=66	zone=tunnel	ms=0.60	meshes=27
391.9	DECO	si=67	zone=tunnel	ms=0.50	meshes=27
392.4	DECO	si=68	zone=tunnel	ms=0.50	meshes=27
392.8	DECO	si=69	zone=tunnel	ms=0.40	meshes=27
393.1	DECO	si=70	zone=tunnel	ms=0.30	meshes=27
7960.5	SHADER_PROG	count=19	was=0	seg=2	zone=trees
13161.4	SHADER_PROG	count=20	was=19	seg=2	zone=trees
28468.7	DECO	si=71	zone=tunnel	ms=0.70	meshes=27
28618.1	DECO	si=72	zone=tunnel	ms=0.70	meshes=27
28784.6	DECO	si=73	zone=tunnel	ms=0.40	meshes=27
28955.5	DECO	si=74	zone=buildings	ms=3.60	meshes=7
29087.6	SHADER_PROG	count=21	was=20	seg=9	zone=trees
29137.8	DECO	si=75	zone=buildings	ms=3.10	meshes=7
31094.2	SHADER_PROG	count=31	was=21	seg=10	zone=trees
31307.6	DECO	si=76	zone=buildings	ms=2.90	meshes=7
31472.3	DECO	si=77	zone=buildings	ms=1.90	meshes=7
31638.2	DECO	si=78	zone=buildings	ms=1.90	meshes=7
31804.8	DECO	si=79	zone=buildings	ms=1.40	meshes=7
31972.5	DECO	si=80	zone=buildings	ms=2.30	meshes=7
32138.5	DECO	si=81	zone=buildings	ms=1.50	meshes=7
32305.7	DECO	si=82	zone=buildings	ms=2.00	meshes=7
32472.1	DECO	si=83	zone=buildings	ms=1.70	meshes=7
32639.0	DECO	si=84	zone=buildings	ms=1.70	meshes=7
32806.0	DECO	si=85	zone=buildings	ms=1.90	meshes=5
32972.8	DECO	si=86	zone=buildings	ms=1.80	meshes=7
33091.4	SHADER_PROG	count=32	was=31	seg=21	zone=trees
33404.3	DECO	si=87	zone=buildings	ms=1.90	meshes=6
33570.3	DECO	si=88	zone=buildings	ms=2.00	meshes=7
33736.9	DECO	si=89	zone=buildings	ms=1.70	meshes=7
33902.8	DECO	si=90	zone=buildings	ms=1.60	meshes=7
34069.8	DECO	si=91	zone=buildings	ms=1.60	meshes=7
34236.6	DECO	si=92	zone=buildings	ms=2.20	meshes=7
34403.1	DECO	si=93	zone=buildings	ms=1.40	meshes=7
34569.9	DECO	si=94	zone=buildings	ms=2.00	meshes=7
34614.6	SHADER_PROG	count=33	was=32	seg=29	zone=trees
35002.7	DECO	si=95	zone=buildings	ms=1.20	meshes=7
37183.2	SHADER_PROG	count=44	was=33	seg=30	zone=trees
518.7	ZONE_CHANGE	→ buildings	si=54	zoneLeft=40
518.8	ZONE_CHANGE	→ tunnel	si=95	zoneLeft=36
518.8	ZONE_CHANGE	→ buildings	si=132	zoneLeft=34
518.8	ZONE_CHANGE	→ trees	si=167	zoneLeft=23
529.2	DECO	si=0	zone=trees	ms=2.10	meshes=10
530.4	DECO	si=1	zone=trees	ms=1.20	meshes=13
531.4	DECO	si=2	zone=trees	ms=1.00	meshes=10
532.1	DECO	si=3	zone=trees	ms=0.70	meshes=12
532.8	DECO	si=4	zone=trees	ms=0.70	meshes=11
533.3	DECO	si=5	zone=trees	ms=0.50	meshes=9
533.9	DECO	si=6	zone=trees	ms=0.60	meshes=13
534.5	DECO	si=7	zone=trees	ms=0.60	meshes=13
535.1	DECO	si=8	zone=trees	ms=0.60	meshes=13
535.6	DECO	si=9	zone=trees	ms=0.50	meshes=11
536.0	DECO	si=10	zone=trees	ms=0.40	meshes=13
536.3	DECO	si=11	zone=trees	ms=0.30	meshes=9
536.7	DECO	si=12	zone=trees	ms=0.40	meshes=9
537.0	DECO	si=13	zone=trees	ms=0.30	meshes=12
537.4	DECO	si=14	zone=trees	ms=0.40	meshes=10
537.9	DECO	si=15	zone=trees	ms=0.50	meshes=13
538.3	DECO	si=16	zone=trees	ms=0.40	meshes=12
538.9	DECO	si=17	zone=trees	ms=0.60	meshes=13
539.5	DECO	si=18	zone=trees	ms=0.60	meshes=12
539.9	DECO	si=19	zone=trees	ms=0.40	meshes=11
540.3	DECO	si=20	zone=trees	ms=0.40	meshes=13
540.9	DECO	si=21	zone=trees	ms=0.60	meshes=13
541.3	DECO	si=22	zone=trees	ms=0.40	meshes=12
541.9	DECO	si=23	zone=trees	ms=0.60	meshes=15
542.2	DECO	si=24	zone=trees	ms=0.30	meshes=9
542.7	DECO	si=25	zone=trees	ms=0.50	meshes=12
543.1	DECO	si=26	zone=trees	ms=0.40	meshes=13
543.5	DECO	si=27	zone=trees	ms=0.40	meshes=13
543.9	DECO	si=28	zone=trees	ms=0.40	meshes=10
544.3	DECO	si=29	zone=trees	ms=0.40	meshes=14
544.8	DECO	si=30	zone=trees	ms=0.50	meshes=14
545.2	DECO	si=31	zone=trees	ms=0.40	meshes=10
545.6	DECO	si=32	zone=trees	ms=0.40	meshes=14
546.1	DECO	si=33	zone=trees	ms=0.50	meshes=12
546.6	DECO	si=34	zone=trees	ms=0.50	meshes=11
547.1	DECO	si=35	zone=trees	ms=0.50	meshes=14
547.7	DECO	si=36	zone=trees	ms=0.60	meshes=14
548.1	DECO	si=37	zone=trees	ms=0.40	meshes=12
548.6	DECO	si=38	zone=trees	ms=0.50	meshes=12
549.0	DECO	si=39	zone=trees	ms=0.40	meshes=13
549.5	DECO	si=40	zone=trees	ms=0.50	meshes=12
550.0	DECO	si=41	zone=trees	ms=0.50	meshes=14
550.5	DECO	si=42	zone=trees	ms=0.50	meshes=14
551.0	DECO	si=43	zone=trees	ms=0.50	meshes=13
551.5	DECO	si=44	zone=trees	ms=0.50	meshes=13
554.0	DECO	si=45	zone=trees	ms=2.50	meshes=16
554.5	DECO	si=46	zone=trees	ms=0.50	meshes=13
555.2	DECO	si=47	zone=trees	ms=0.70	meshes=15
555.9	DECO	si=48	zone=trees	ms=0.70	meshes=15
556.4	DECO	si=49	zone=trees	ms=0.50	meshes=15
557.2	DECO	si=50	zone=trees	ms=0.80	meshes=14
557.6	DECO	si=51	zone=trees	ms=0.40	meshes=13
558.1	DECO	si=52	zone=trees	ms=0.50	meshes=13
558.8	DECO	si=53	zone=trees	ms=0.60	meshes=13
562.3	DECO	si=54	zone=buildings	ms=3.50	meshes=7
563.5	DECO	si=55	zone=buildings	ms=1.20	meshes=7
564.8	DECO	si=56	zone=buildings	ms=1.30	meshes=7
565.8	DECO	si=57	zone=buildings	ms=1.00	meshes=7
567.2	DECO	si=58	zone=buildings	ms=1.40	meshes=7
568.4	DECO	si=59	zone=buildings	ms=1.20	meshes=7
569.9	DECO	si=60	zone=buildings	ms=1.50	meshes=7
571.2	DECO	si=61	zone=buildings	ms=1.30	meshes=6
572.6	DECO	si=62	zone=buildings	ms=1.40	meshes=6
573.9	DECO	si=63	zone=buildings	ms=1.30	meshes=7
575.5	DECO	si=64	zone=buildings	ms=1.60	meshes=7
579.4	DECO	si=65	zone=buildings	ms=3.90	meshes=7
581.2	DECO	si=66	zone=buildings	ms=1.80	meshes=6
582.5	DECO	si=67	zone=buildings	ms=1.30	meshes=6
584.4	DECO	si=68	zone=buildings	ms=1.90	meshes=7
585.3	DECO	si=69	zone=buildings	ms=0.90	meshes=7
586.3	DECO	si=70	zone=buildings	ms=1.00	meshes=7
13450.6	SHADER_PROG	count=25	was=0	seg=2	zone=trees
23980.2	SHADER_PROG	count=35	was=25	seg=5	zone=trees
24118.3	DECO	si=71	zone=buildings	ms=2.20	meshes=7
24118.7	SHADER_PROG	count=36	was=35	seg=6	zone=trees
24244.0	DECO	si=72	zone=buildings	ms=1.60	meshes=7
24393.9	DECO	si=73	zone=buildings	ms=1.60	meshes=7
24561.3	DECO	si=74	zone=buildings	ms=1.90	meshes=7
24728.1	DECO	si=75	zone=buildings	ms=2.10	meshes=7
24894.7	DECO	si=76	zone=intersection	ms=1.80	meshes=37
25061.1	DECO	si=77	zone=buildings	ms=1.60	meshes=7
25228.0	DECO	si=78	zone=buildings	ms=1.60	meshes=7
25394.5	DECO	si=79	zone=buildings	ms=1.50	meshes=6
25562.2	DECO	si=80	zone=buildings	ms=1.70	meshes=7
25729.1	DECO	si=81	zone=buildings	ms=1.80	meshes=7
25895.3	DECO	si=82	zone=buildings	ms=1.60	meshes=6
26079.3	DECO	si=83	zone=buildings	ms=2.10	meshes=7
26246.1	DECO	si=84	zone=buildings	ms=1.60	meshes=7
26413.0	DECO	si=85	zone=buildings	ms=1.80	meshes=7
26578.6	DECO	si=86	zone=buildings	ms=1.50	meshes=7
26746.6	DECO	si=87	zone=buildings	ms=2.00	meshes=7
27168.5	SHADER_PROG	count=37	was=36	seg=22	zone=trees
27663.5	DECO	si=88	zone=buildings	ms=1.30	meshes=6
27931.1	DECO	si=89	zone=buildings	ms=2.00	meshes=7
28100.5	DECO	si=90	zone=buildings	ms=1.40	meshes=7
28264.4	DECO	si=91	zone=buildings	ms=1.70	meshes=7
28431.1	DECO	si=92	zone=buildings	ms=1.70	meshes=7
28597.6	DECO	si=93	zone=buildings	ms=2.00	meshes=7
28764.3	DECO	si=94	zone=buildings	ms=1.40	meshes=6
30529.6	SHADER_PROG	count=42	was=37	seg=29	zone=trees
30665.4	DECO	si=95	zone=tunnel	ms=0.80	meshes=27
35402.6	SHADER_PROG	count=57	was=42	seg=30	zone=trees
35652.4	DECO	si=96	zone=tunnel	ms=0.60	meshes=27
40313.2	SHADER_PROG	count=72	was=57	seg=31	zone=trees
40457.9	DECO	si=97	zone=tunnel	ms=1.20	meshes=27
40622.2	DECO	si=98	zone=tunnel	ms=0.60	meshes=27
40789.6	DECO	si=99	zone=tunnel	ms=0.50	meshes=27
40972.8	DECO	si=100	zone=tunnel	ms=0.60	meshes=27
41189.3	DECO	si=101	zone=tunnel	ms=0.60	meshes=27
41373.3	DECO	si=102	zone=tunnel	ms=0.50	meshes=27
41540.3	DECO	si=103	zone=tunnel	ms=0.50	meshes=27
41706.6	DECO	si=104	zone=tunnel	ms=0.60	meshes=27
41873.5	DECO	si=105	zone=tunnel	ms=0.60	meshes=27
42040.8	DECO	si=106	zone=tunnel	ms=0.50	meshes=27
42207.1	DECO	si=107	zone=tunnel	ms=0.50	meshes=27
46770.4	SHADER_PROG	count=87	was=72	seg=42	zone=trees
47069.5	DECO	si=108	zone=tunnel	ms=0.50	meshes=27
47294.5	DECO	si=109	zone=tunnel	ms=0.50	meshes=27
51914.4	SHADER_PROG	count=102	was=87	seg=44	zone=trees
52270.8	DECO	si=110	zone=tunnel	ms=0.60	meshes=27
618.9	ZONE_CHANGE	→ dirt	si=54	zoneLeft=26
619.0	ZONE_CHANGE	→ trees	si=81	zoneLeft=15
619.0	ZONE_CHANGE	→ buildings	si=97	zoneLeft=20
619.0	ZONE_CHANGE	→ dirt	si=118	zoneLeft=25
619.0	ZONE_CHANGE	→ mountains	si=144	zoneLeft=34
619.0	ZONE_CHANGE	→ buildings	si=179	zoneLeft=26
641.0	DECO	si=0	zone=trees	ms=1.00	meshes=9
642.0	DECO	si=1	zone=trees	ms=1.00	meshes=13
642.5	DECO	si=2	zone=trees	ms=0.50	meshes=12
643.3	DECO	si=3	zone=trees	ms=0.80	meshes=12
643.8	DECO	si=4	zone=trees	ms=0.50	meshes=11
644.3	DECO	si=5	zone=trees	ms=0.50	meshes=11
644.7	DECO	si=6	zone=trees	ms=0.40	meshes=11
645.2	DECO	si=7	zone=trees	ms=0.50	meshes=13
645.8	DECO	si=8	zone=trees	ms=0.60	meshes=13
646.1	DECO	si=9	zone=trees	ms=0.30	meshes=10
646.6	DECO	si=10	zone=trees	ms=0.50	meshes=13
647.1	DECO	si=11	zone=trees	ms=0.50	meshes=11
647.5	DECO	si=12	zone=trees	ms=0.40	meshes=12
647.9	DECO	si=13	zone=trees	ms=0.40	meshes=10
648.5	DECO	si=14	zone=trees	ms=0.60	meshes=12
649.0	DECO	si=15	zone=trees	ms=0.50	meshes=12
649.4	DECO	si=16	zone=trees	ms=0.40	meshes=10
649.8	DECO	si=17	zone=trees	ms=0.40	meshes=11
650.4	DECO	si=18	zone=trees	ms=0.60	meshes=11
650.8	DECO	si=19	zone=trees	ms=0.40	meshes=12
651.3	DECO	si=20	zone=trees	ms=0.50	meshes=14
651.8	DECO	si=21	zone=trees	ms=0.50	meshes=12
652.1	DECO	si=22	zone=trees	ms=0.30	meshes=11
652.6	DECO	si=23	zone=trees	ms=0.50	meshes=12
653.0	DECO	si=24	zone=trees	ms=0.40	meshes=13
653.4	DECO	si=25	zone=trees	ms=0.40	meshes=11
653.9	DECO	si=26	zone=trees	ms=0.50	meshes=13
654.3	DECO	si=27	zone=trees	ms=0.40	meshes=13
654.8	DECO	si=28	zone=trees	ms=0.50	meshes=13
655.3	DECO	si=29	zone=trees	ms=0.50	meshes=13
655.7	DECO	si=30	zone=trees	ms=0.40	meshes=10
656.2	DECO	si=31	zone=trees	ms=0.50	meshes=14
656.5	DECO	si=32	zone=trees	ms=0.30	meshes=10
657.0	DECO	si=33	zone=trees	ms=0.50	meshes=14
657.4	DECO	si=34	zone=trees	ms=0.40	meshes=11
657.9	DECO	si=35	zone=trees	ms=0.50	meshes=14
658.3	DECO	si=36	zone=trees	ms=0.40	meshes=12
658.6	DECO	si=37	zone=trees	ms=0.30	meshes=10
659.1	DECO	si=38	zone=trees	ms=0.50	meshes=13
659.8	DECO	si=39	zone=trees	ms=0.70	meshes=15
660.3	DECO	si=40	zone=trees	ms=0.50	meshes=15
660.8	DECO	si=41	zone=trees	ms=0.50	meshes=12
661.2	DECO	si=42	zone=trees	ms=0.40	meshes=13
661.8	DECO	si=43	zone=trees	ms=0.60	meshes=13
662.3	DECO	si=44	zone=trees	ms=0.50	meshes=13
662.7	DECO	si=45	zone=trees	ms=0.40	meshes=14
663.4	DECO	si=46	zone=trees	ms=0.70	meshes=15
663.7	DECO	si=47	zone=trees	ms=0.30	meshes=11
664.1	DECO	si=48	zone=trees	ms=0.40	meshes=10
664.7	DECO	si=49	zone=trees	ms=0.60	meshes=14
665.1	DECO	si=50	zone=trees	ms=0.40	meshes=14
667.6	DECO	si=51	zone=trees	ms=2.50	meshes=13
668.2	DECO	si=52	zone=trees	ms=0.60	meshes=13
668.7	DECO	si=53	zone=trees	ms=0.50	meshes=13
669.0	DECO	si=54	zone=dirt	ms=0.30	meshes=8
669.0	DECO	si=55	zone=dirt	ms=0.00	meshes=7
669.2	DECO	si=56	zone=dirt	ms=0.20	meshes=8
669.2	DECO	si=57	zone=dirt	ms=0.00	meshes=6
669.3	DECO	si=58	zone=dirt	ms=0.10	meshes=4
669.4	DECO	si=59	zone=dirt	ms=0.10	meshes=5
669.5	DECO	si=60	zone=dirt	ms=0.10	meshes=5
669.5	DECO	si=61	zone=dirt	ms=0.00	meshes=8
669.6	DECO	si=62	zone=dirt	ms=0.10	meshes=8
669.8	DECO	si=63	zone=dirt	ms=0.20	meshes=9
669.9	DECO	si=64	zone=dirt	ms=0.10	meshes=17
670.0	DECO	si=65	zone=dirt	ms=0.10	meshes=13
670.0	DECO	si=66	zone=dirt	ms=0.00	meshes=4
670.2	DECO	si=67	zone=dirt	ms=0.20	meshes=12
670.2	DECO	si=68	zone=dirt	ms=0.00	meshes=9
670.3	DECO	si=69	zone=dirt	ms=0.10	meshes=10
670.4	DECO	si=70	zone=dirt	ms=0.10	meshes=10
1277.7	ZONE_CHANGE	→ buildings	si=54	zoneLeft=52
1277.7	ZONE_CHANGE	→ buildings	si=107	zoneLeft=16
1277.7	ZONE_CHANGE	→ buildings	si=124	zoneLeft=40
1277.7	ZONE_CHANGE	→ dirt	si=165	zoneLeft=51
1292.4	DECO	si=0	zone=trees	ms=2.30	meshes=12
1297.0	DECO	si=1	zone=trees	ms=4.60	meshes=11
1297.9	DECO	si=2	zone=trees	ms=0.90	meshes=13
1298.4	DECO	si=3	zone=trees	ms=0.50	meshes=12
1298.9	DECO	si=4	zone=trees	ms=0.50	meshes=10
1299.3	DECO	si=5	zone=trees	ms=0.40	meshes=11
1299.8	DECO	si=6	zone=trees	ms=0.50	meshes=9
1300.2	DECO	si=7	zone=trees	ms=0.40	meshes=10
1300.6	DECO	si=8	zone=trees	ms=0.40	meshes=12
1301.2	DECO	si=9	zone=trees	ms=0.50	meshes=11
1301.6	DECO	si=10	zone=trees	ms=0.40	meshes=12
1302.2	DECO	si=11	zone=trees	ms=0.60	meshes=13
1302.5	DECO	si=12	zone=trees	ms=0.30	meshes=11
1303.0	DECO	si=13	zone=trees	ms=0.50	meshes=14
1303.6	DECO	si=14	zone=trees	ms=0.60	meshes=12
1305.1	DECO	si=15	zone=trees	ms=1.50	meshes=10
1305.8	DECO	si=16	zone=trees	ms=0.70	meshes=11
1306.6	DECO	si=17	zone=trees	ms=0.80	meshes=12
1307.6	DECO	si=18	zone=trees	ms=1.00	meshes=12
1308.4	DECO	si=19	zone=trees	ms=0.80	meshes=13
1309.3	DECO	si=20	zone=trees	ms=0.90	meshes=13
1310.2	DECO	si=21	zone=trees	ms=0.90	meshes=14
1310.5	DECO	si=22	zone=trees	ms=0.30	meshes=12
1310.9	DECO	si=23	zone=trees	ms=0.40	meshes=10
1311.4	DECO	si=24	zone=trees	ms=0.50	meshes=11
1312.8	DECO	si=25	zone=trees	ms=1.40	meshes=13
1313.2	DECO	si=26	zone=trees	ms=0.40	meshes=10
1313.7	DECO	si=27	zone=trees	ms=0.50	meshes=14
1314.2	DECO	si=28	zone=trees	ms=0.50	meshes=14
1314.6	DECO	si=29	zone=trees	ms=0.40	meshes=10
1315.0	DECO	si=30	zone=trees	ms=0.40	meshes=12
1315.5	DECO	si=31	zone=trees	ms=0.50	meshes=13
1316.0	DECO	si=32	zone=trees	ms=0.50	meshes=13
1316.4	DECO	si=33	zone=trees	ms=0.40	meshes=11
1317.0	DECO	si=34	zone=trees	ms=0.60	meshes=13
1318.0	DECO	si=35	zone=trees	ms=1.00	meshes=11
1318.6	DECO	si=36	zone=trees	ms=0.60	meshes=14
1319.0	DECO	si=37	zone=trees	ms=0.40	meshes=10
1319.5	DECO	si=38	zone=trees	ms=0.50	meshes=14
1320.0	DECO	si=39	zone=trees	ms=0.50	meshes=13
1320.5	DECO	si=40	zone=trees	ms=0.50	meshes=12
1321.0	DECO	si=41	zone=trees	ms=0.50	meshes=14
1321.7	DECO	si=42	zone=trees	ms=0.70	meshes=14
1322.3	DECO	si=43	zone=trees	ms=0.60	meshes=14
1322.8	DECO	si=44	zone=trees	ms=0.50	meshes=13
1323.2	DECO	si=45	zone=trees	ms=0.40	meshes=15
1323.8	DECO	si=46	zone=trees	ms=0.60	meshes=13
1324.2	DECO	si=47	zone=trees	ms=0.40	meshes=11
1324.6	DECO	si=48	zone=trees	ms=0.40	meshes=12
1325.3	DECO	si=49	zone=trees	ms=0.70	meshes=14
1325.8	DECO	si=50	zone=trees	ms=0.50	meshes=13
1326.5	DECO	si=51	zone=trees	ms=0.70	meshes=14
1327.0	DECO	si=52	zone=trees	ms=0.50	meshes=14
1327.6	DECO	si=53	zone=trees	ms=0.60	meshes=14
1331.0	DECO	si=54	zone=buildings	ms=3.40	meshes=7
1333.7	DECO	si=55	zone=buildings	ms=2.70	meshes=6
1336.0	DECO	si=56	zone=buildings	ms=2.30	meshes=7
1337.5	DECO	si=57	zone=buildings	ms=1.40	meshes=7
1339.5	DECO	si=58	zone=buildings	ms=2.00	meshes=7
1341.2	DECO	si=59	zone=buildings	ms=1.70	meshes=6
1343.7	DECO	si=60	zone=buildings	ms=2.50	meshes=7
1345.2	DECO	si=61	zone=buildings	ms=1.50	meshes=7
1348.1	DECO	si=62	zone=buildings	ms=2.90	meshes=7
1349.4	DECO	si=63	zone=buildings	ms=1.30	meshes=7
1350.7	DECO	si=64	zone=buildings	ms=1.30	meshes=7
1352.2	DECO	si=65	zone=buildings	ms=1.50	meshes=7
1353.5	DECO	si=66	zone=buildings	ms=1.30	meshes=6
1354.5	DECO	si=67	zone=buildings	ms=1.00	meshes=7
1355.9	DECO	si=68	zone=buildings	ms=1.40	meshes=7
1357.0	DECO	si=69	zone=buildings	ms=1.10	meshes=7
1358.4	DECO	si=70	zone=buildings	ms=1.40	meshes=7
657.9	ZONE_CHANGE	→ ether	si=54	zoneLeft=15
657.9	ZONE_CHANGE	→ bridge	si=70	zoneLeft=16
657.9	ZONE_CHANGE	→ trees	si=87	zoneLeft=34
657.9	ZONE_CHANGE	→ trees	si=122	zoneLeft=15
657.9	ZONE_CHANGE	→ dirt	si=138	zoneLeft=34
657.9	ZONE_CHANGE	→ buildings	si=173	zoneLeft=18
668.9	DECO	si=0	zone=trees	ms=2.00	meshes=12
670.4	DECO	si=1	zone=trees	ms=1.50	meshes=12
675.3	DECO	si=2	zone=trees	ms=4.90	meshes=12
676.2	DECO	si=3	zone=trees	ms=0.90	meshes=12
676.9	DECO	si=4	zone=trees	ms=0.70	meshes=11
677.5	DECO	si=5	zone=trees	ms=0.60	meshes=10
678.3	DECO	si=6	zone=trees	ms=0.80	meshes=12
678.9	DECO	si=7	zone=trees	ms=0.60	meshes=11
679.3	DECO	si=8	zone=trees	ms=0.40	meshes=9
679.8	DECO	si=9	zone=trees	ms=0.50	meshes=11
680.4	DECO	si=10	zone=trees	ms=0.60	meshes=13
680.8	DECO	si=11	zone=trees	ms=0.40	meshes=11
681.3	DECO	si=12	zone=trees	ms=0.50	meshes=13
681.8	DECO	si=13	zone=trees	ms=0.50	meshes=12
682.2	DECO	si=14	zone=trees	ms=0.40	meshes=11
682.6	DECO	si=15	zone=trees	ms=0.40	meshes=11
683.2	DECO	si=16	zone=trees	ms=0.60	meshes=12
683.6	DECO	si=17	zone=trees	ms=0.40	meshes=11
683.9	DECO	si=18	zone=trees	ms=0.30	meshes=11
684.4	DECO	si=19	zone=trees	ms=0.50	meshes=13
684.8	DECO	si=20	zone=trees	ms=0.40	meshes=13
685.2	DECO	si=21	zone=trees	ms=0.40	meshes=12
685.6	DECO	si=22	zone=trees	ms=0.40	meshes=10
686.2	DECO	si=23	zone=trees	ms=0.60	meshes=13
686.7	DECO	si=24	zone=trees	ms=0.50	meshes=13
687.3	DECO	si=25	zone=trees	ms=0.60	meshes=11
688.4	DECO	si=26	zone=trees	ms=1.10	meshes=15
689.2	DECO	si=27	zone=trees	ms=0.80	meshes=13
689.9	DECO	si=28	zone=trees	ms=0.70	meshes=14
690.4	DECO	si=29	zone=trees	ms=0.50	meshes=16
690.9	DECO	si=30	zone=trees	ms=0.50	meshes=12
691.4	DECO	si=31	zone=trees	ms=0.50	meshes=12
692.1	DECO	si=32	zone=trees	ms=0.70	meshes=16
692.5	DECO	si=33	zone=trees	ms=0.40	meshes=14
693.0	DECO	si=34	zone=trees	ms=0.50	meshes=13
693.5	DECO	si=35	zone=trees	ms=0.50	meshes=16
694.0	DECO	si=36	zone=trees	ms=0.50	meshes=13
694.5	DECO	si=37	zone=trees	ms=0.50	meshes=11
694.9	DECO	si=38	zone=trees	ms=0.40	meshes=13
695.5	DECO	si=39	zone=trees	ms=0.60	meshes=13
695.9	DECO	si=40	zone=trees	ms=0.40	meshes=13
696.3	DECO	si=41	zone=trees	ms=0.40	meshes=13
696.8	DECO	si=42	zone=trees	ms=0.50	meshes=14
697.2	DECO	si=43	zone=trees	ms=0.40	meshes=13
697.7	DECO	si=44	zone=trees	ms=0.50	meshes=14
698.3	DECO	si=45	zone=trees	ms=0.60	meshes=15
698.7	DECO	si=46	zone=trees	ms=0.40	meshes=13
699.2	DECO	si=47	zone=trees	ms=0.50	meshes=15
699.7	DECO	si=48	zone=trees	ms=0.50	meshes=14
700.2	DECO	si=49	zone=trees	ms=0.50	meshes=15
700.5	DECO	si=50	zone=trees	ms=0.30	meshes=12
700.9	DECO	si=51	zone=trees	ms=0.40	meshes=11
701.3	DECO	si=52	zone=trees	ms=0.40	meshes=11
701.7	DECO	si=53	zone=trees	ms=0.40	meshes=14
712.1	DECO	si=54	zone=ether	ms=10.30	meshes=3
712.3	DECO	si=55	zone=ether	ms=0.20	meshes=2
712.4	DECO	si=56	zone=ether	ms=0.10	meshes=2
712.5	DECO	si=57	zone=ether	ms=0.10	meshes=2
712.7	DECO	si=58	zone=ether	ms=0.20	meshes=2
712.8	DECO	si=59	zone=ether	ms=0.10	meshes=2
712.9	DECO	si=60	zone=ether	ms=0.10	meshes=2
713.1	DECO	si=61	zone=ether	ms=0.20	meshes=2
713.3	DECO	si=62	zone=ether	ms=0.20	meshes=2
713.5	DECO	si=63	zone=ether	ms=0.20	meshes=2
713.6	DECO	si=64	zone=ether	ms=0.10	meshes=2
713.7	DECO	si=65	zone=ether	ms=0.10	meshes=2
713.9	DECO	si=66	zone=ether	ms=0.20	meshes=2
714.0	DECO	si=67	zone=ether	ms=0.10	meshes=2
714.1	DECO	si=68	zone=ether	ms=0.10	meshes=2
714.2	DECO	si=69	zone=ether	ms=0.10	meshes=3
714.6	DECO	si=70	zone=bridge	ms=0.40	meshes=5
555.0	ZONE_CHANGE	→ buildings	si=54	zoneLeft=49
555.0	ZONE_CHANGE	→ dirt	si=104	zoneLeft=44
555.0	ZONE_CHANGE	→ buildings	si=149	zoneLeft=17
555.1	ZONE_CHANGE	→ buildings	si=167	zoneLeft=40
564.5	DECO	si=0	zone=trees	ms=2.20	meshes=13
565.2	DECO	si=1	zone=trees	ms=0.70	meshes=9
565.7	DECO	si=2	zone=trees	ms=0.50	meshes=11
566.1	DECO	si=3	zone=trees	ms=0.40	meshes=12
566.6	DECO	si=4	zone=trees	ms=0.40	meshes=10
567.2	DECO	si=5	zone=trees	ms=0.60	meshes=12
567.7	DECO	si=6	zone=trees	ms=0.50	meshes=12
568.2	DECO	si=7	zone=trees	ms=0.50	meshes=13
568.8	DECO	si=8	zone=trees	ms=0.60	meshes=13
569.2	DECO	si=9	zone=trees	ms=0.40	meshes=9
569.8	DECO	si=10	zone=trees	ms=0.60	meshes=13
570.4	DECO	si=11	zone=trees	ms=0.60	meshes=13
571.6	DECO	si=12	zone=trees	ms=1.20	meshes=10
572.4	DECO	si=13	zone=trees	ms=0.80	meshes=13
572.9	DECO	si=14	zone=trees	ms=0.50	meshes=13
573.2	DECO	si=15	zone=trees	ms=0.20	meshes=10
573.5	DECO	si=16	zone=trees	ms=0.30	meshes=11
574.2	DECO	si=17	zone=trees	ms=0.60	meshes=12
574.5	DECO	si=18	zone=trees	ms=0.30	meshes=10
574.8	DECO	si=19	zone=trees	ms=0.30	meshes=11
575.3	DECO	si=20	zone=trees	ms=0.50	meshes=12
575.6	DECO	si=21	zone=trees	ms=0.20	meshes=13
576.0	DECO	si=22	zone=trees	ms=0.40	meshes=13
577.3	DECO	si=23	zone=trees	ms=1.30	meshes=11
577.9	DECO	si=24	zone=trees	ms=0.60	meshes=11
578.5	DECO	si=25	zone=trees	ms=0.60	meshes=12
578.8	DECO	si=26	zone=trees	ms=0.30	meshes=10
579.1	DECO	si=27	zone=trees	ms=0.30	meshes=12
579.7	DECO	si=28	zone=trees	ms=0.60	meshes=13
580.1	DECO	si=29	zone=trees	ms=0.40	meshes=13
580.5	DECO	si=30	zone=trees	ms=0.40	meshes=12
581.0	DECO	si=31	zone=trees	ms=0.50	meshes=12
581.4	DECO	si=32	zone=trees	ms=0.40	meshes=11
582.0	DECO	si=33	zone=trees	ms=0.60	meshes=13
582.2	DECO	si=34	zone=trees	ms=0.20	meshes=11
582.9	DECO	si=35	zone=trees	ms=0.70	meshes=12
583.5	DECO	si=36	zone=trees	ms=0.60	meshes=15
584.0	DECO	si=37	zone=trees	ms=0.50	meshes=11
584.4	DECO	si=38	zone=trees	ms=0.40	meshes=12
585.1	DECO	si=39	zone=trees	ms=0.70	meshes=13
585.8	DECO	si=40	zone=trees	ms=0.70	meshes=13
586.7	DECO	si=41	zone=trees	ms=0.90	meshes=15
587.5	DECO	si=42	zone=trees	ms=0.80	meshes=14
588.2	DECO	si=43	zone=trees	ms=0.70	meshes=14
589.0	DECO	si=44	zone=trees	ms=0.80	meshes=13
589.9	DECO	si=45	zone=trees	ms=0.90	meshes=13
590.5	DECO	si=46	zone=trees	ms=0.60	meshes=13
591.2	DECO	si=47	zone=trees	ms=0.70	meshes=12
593.1	DECO	si=48	zone=trees	ms=1.90	meshes=14
593.7	DECO	si=49	zone=trees	ms=0.60	meshes=14
594.2	DECO	si=50	zone=trees	ms=0.50	meshes=14
594.7	DECO	si=51	zone=trees	ms=0.50	meshes=13
595.0	DECO	si=52	zone=trees	ms=0.30	meshes=11
595.6	DECO	si=53	zone=trees	ms=0.60	meshes=16
599.1	DECO	si=54	zone=buildings	ms=3.50	meshes=7
601.5	DECO	si=55	zone=buildings	ms=2.40	meshes=7
604.0	DECO	si=56	zone=buildings	ms=2.50	meshes=7
605.6	DECO	si=57	zone=buildings	ms=1.60	meshes=7
609.3	DECO	si=58	zone=buildings	ms=3.70	meshes=7
611.0	DECO	si=59	zone=buildings	ms=1.70	meshes=7
612.5	DECO	si=60	zone=buildings	ms=1.50	meshes=6
613.7	DECO	si=61	zone=buildings	ms=1.20	meshes=7
615.1	DECO	si=62	zone=buildings	ms=1.40	meshes=7
616.4	DECO	si=63	zone=buildings	ms=1.30	meshes=7
617.7	DECO	si=64	zone=buildings	ms=1.30	meshes=7
618.8	DECO	si=65	zone=buildings	ms=1.10	meshes=7
620.2	DECO	si=66	zone=buildings	ms=1.40	meshes=7
622.0	DECO	si=67	zone=buildings	ms=1.80	meshes=7
623.5	DECO	si=68	zone=buildings	ms=1.50	meshes=7
624.9	DECO	si=69	zone=buildings	ms=1.40	meshes=7
626.1	DECO	si=70	zone=buildings	ms=1.20	meshes=7
379.9	ZONE_CHANGE	→ bridge	si=54	zoneLeft=44
379.9	ZONE_CHANGE	→ ether	si=99	zoneLeft=33
380.0	ZONE_CHANGE	→ buildings	si=133	zoneLeft=46
380.0	ZONE_CHANGE	→ trees	si=180	zoneLeft=36
399.4	DECO	si=0	zone=trees	ms=1.60	meshes=13
400.0	DECO	si=1	zone=trees	ms=0.60	meshes=10
400.7	DECO	si=2	zone=trees	ms=0.70	meshes=11
401.4	DECO	si=3	zone=trees	ms=0.60	meshes=13
402.1	DECO	si=4	zone=trees	ms=0.70	meshes=11
402.8	DECO	si=5	zone=trees	ms=0.70	meshes=12
403.5	DECO	si=6	zone=trees	ms=0.70	meshes=13
403.8	DECO	si=7	zone=trees	ms=0.30	meshes=10
404.3	DECO	si=8	zone=trees	ms=0.50	meshes=11
404.8	DECO	si=9	zone=trees	ms=0.50	meshes=13
405.5	DECO	si=10	zone=trees	ms=0.70	meshes=13
406.0	DECO	si=11	zone=trees	ms=0.50	meshes=12
406.5	DECO	si=12	zone=trees	ms=0.50	meshes=12
407.1	DECO	si=13	zone=trees	ms=0.60	meshes=14
407.5	DECO	si=14	zone=trees	ms=0.40	meshes=10
408.2	DECO	si=15	zone=trees	ms=0.70	meshes=12
408.8	DECO	si=16	zone=trees	ms=0.60	meshes=14
409.3	DECO	si=17	zone=trees	ms=0.50	meshes=14
409.8	DECO	si=18	zone=trees	ms=0.50	meshes=11
410.2	DECO	si=19	zone=trees	ms=0.40	meshes=11
410.6	DECO	si=20	zone=trees	ms=0.40	meshes=11
411.2	DECO	si=21	zone=trees	ms=0.60	meshes=14
411.6	DECO	si=22	zone=trees	ms=0.40	meshes=12
412.0	DECO	si=23	zone=trees	ms=0.40	meshes=13
412.5	DECO	si=24	zone=trees	ms=0.50	meshes=12
413.0	DECO	si=25	zone=trees	ms=0.50	meshes=12
413.5	DECO	si=26	zone=trees	ms=0.50	meshes=10
413.9	DECO	si=27	zone=trees	ms=0.40	meshes=15
414.5	DECO	si=28	zone=trees	ms=0.60	meshes=13
415.0	DECO	si=29	zone=trees	ms=0.50	meshes=13
415.3	DECO	si=30	zone=trees	ms=0.30	meshes=10
415.9	DECO	si=31	zone=trees	ms=0.60	meshes=13
416.5	DECO	si=32	zone=trees	ms=0.60	meshes=14
417.0	DECO	si=33	zone=trees	ms=0.50	meshes=14
417.5	DECO	si=34	zone=trees	ms=0.50	meshes=11
417.9	DECO	si=35	zone=trees	ms=0.40	meshes=13
418.4	DECO	si=36	zone=trees	ms=0.50	meshes=12
418.8	DECO	si=37	zone=trees	ms=0.40	meshes=14
419.6	DECO	si=38	zone=trees	ms=0.80	meshes=16
419.9	DECO	si=39	zone=trees	ms=0.30	meshes=12
420.6	DECO	si=40	zone=trees	ms=0.70	meshes=15
421.2	DECO	si=41	zone=trees	ms=0.60	meshes=15
421.7	DECO	si=42	zone=trees	ms=0.50	meshes=15
422.1	DECO	si=43	zone=trees	ms=0.40	meshes=11
422.5	DECO	si=44	zone=trees	ms=0.40	meshes=14
422.9	DECO	si=45	zone=trees	ms=0.40	meshes=12
423.6	DECO	si=46	zone=trees	ms=0.70	meshes=15
424.1	DECO	si=47	zone=trees	ms=0.50	meshes=15
424.6	DECO	si=48	zone=trees	ms=0.50	meshes=14
424.9	DECO	si=49	zone=trees	ms=0.30	meshes=13
425.6	DECO	si=50	zone=trees	ms=0.70	meshes=14
426.2	DECO	si=51	zone=trees	ms=0.60	meshes=13
428.6	DECO	si=52	zone=trees	ms=2.40	meshes=15
429.0	DECO	si=53	zone=trees	ms=0.40	meshes=10
429.5	DECO	si=54	zone=bridge	ms=0.50	meshes=5
429.5	DECO	si=55	zone=bridge	ms=0.00	meshes=4
429.5	DECO	si=56	zone=bridge	ms=0.00	meshes=4
429.6	DECO	si=57	zone=bridge	ms=0.10	meshes=4
429.7	DECO	si=58	zone=bridge	ms=0.10	meshes=4
429.7	DECO	si=59	zone=bridge	ms=0.00	meshes=4
432.3	DECO	si=60	zone=bridge	ms=2.60	meshes=52
432.3	DECO	si=61	zone=bridge	ms=0.00	meshes=4
432.3	DECO	si=62	zone=bridge	ms=0.00	meshes=4
432.4	DECO	si=63	zone=bridge	ms=0.10	meshes=4
432.5	DECO	si=64	zone=bridge	ms=0.10	meshes=4
432.5	DECO	si=65	zone=bridge	ms=0.00	meshes=4
432.6	DECO	si=66	zone=bridge	ms=0.10	meshes=4
432.6	DECO	si=67	zone=bridge	ms=0.00	meshes=4
432.6	DECO	si=68	zone=bridge	ms=0.00	meshes=4
432.7	DECO	si=69	zone=bridge	ms=0.10	meshes=4
432.7	DECO	si=70	zone=bridge	ms=0.00	meshes=4
345.7	ZONE_CHANGE	→ buildings	si=54	zoneLeft=26
345.7	ZONE_CHANGE	→ trees	si=81	zoneLeft=18
345.7	ZONE_CHANGE	→ dirt	si=100	zoneLeft=42
345.9	ZONE_CHANGE	→ buildings	si=143	zoneLeft=38
345.9	ZONE_CHANGE	→ trees	si=182	zoneLeft=35
385.9	DECO	si=0	zone=trees	ms=1.80	meshes=10
388.4	DECO	si=1	zone=trees	ms=2.50	meshes=10
389.6	DECO	si=2	zone=trees	ms=1.20	meshes=12
390.4	DECO	si=3	zone=trees	ms=0.80	meshes=12
391.1	DECO	si=4	zone=trees	ms=0.70	meshes=13
391.8	DECO	si=5	zone=trees	ms=0.70	meshes=11
392.2	DECO	si=6	zone=trees	ms=0.40	meshes=13
392.6	DECO	si=7	zone=trees	ms=0.40	meshes=9
393.1	DECO	si=8	zone=trees	ms=0.50	meshes=10
393.4	DECO	si=9	zone=trees	ms=0.30	meshes=10
393.9	DECO	si=10	zone=trees	ms=0.50	meshes=13
394.4	DECO	si=11	zone=trees	ms=0.50	meshes=11
394.9	DECO	si=12	zone=trees	ms=0.50	meshes=11
395.5	DECO	si=13	zone=trees	ms=0.60	meshes=12
395.9	DECO	si=14	zone=trees	ms=0.40	meshes=12
396.6	DECO	si=15	zone=trees	ms=0.70	meshes=12
397.3	DECO	si=16	zone=trees	ms=0.70	meshes=12
397.9	DECO	si=17	zone=trees	ms=0.60	meshes=12
398.3	DECO	si=18	zone=trees	ms=0.40	meshes=12
398.9	DECO	si=19	zone=trees	ms=0.60	meshes=13
399.4	DECO	si=20	zone=trees	ms=0.50	meshes=12
399.9	DECO	si=21	zone=trees	ms=0.50	meshes=14
400.5	DECO	si=22	zone=trees	ms=0.60	meshes=14
400.9	DECO	si=23	zone=trees	ms=0.40	meshes=12
401.4	DECO	si=24	zone=trees	ms=0.50	meshes=12
401.9	DECO	si=25	zone=trees	ms=0.50	meshes=13
402.3	DECO	si=26	zone=trees	ms=0.40	meshes=11
402.8	DECO	si=27	zone=trees	ms=0.50	meshes=16
403.3	DECO	si=28	zone=trees	ms=0.50	meshes=13
403.6	DECO	si=29	zone=trees	ms=0.30	meshes=11
404.1	DECO	si=30	zone=trees	ms=0.50	meshes=13
405.0	DECO	si=31	zone=trees	ms=0.90	meshes=14
406.1	DECO	si=32	zone=trees	ms=1.10	meshes=16
406.8	DECO	si=33	zone=trees	ms=0.70	meshes=12
407.4	DECO	si=34	zone=trees	ms=0.60	meshes=11
408.1	DECO	si=35	zone=trees	ms=0.70	meshes=12
408.8	DECO	si=36	zone=trees	ms=0.70	meshes=14
409.6	DECO	si=37	zone=trees	ms=0.80	meshes=13
410.4	DECO	si=38	zone=trees	ms=0.80	meshes=15
411.0	DECO	si=39	zone=trees	ms=0.60	meshes=12
412.0	DECO	si=40	zone=trees	ms=1.00	meshes=15
412.6	DECO	si=41	zone=trees	ms=0.60	meshes=12
413.3	DECO	si=42	zone=trees	ms=0.70	meshes=12
414.3	DECO	si=43	zone=trees	ms=1.00	meshes=14
415.2	DECO	si=44	zone=trees	ms=0.90	meshes=15
415.9	DECO	si=45	zone=trees	ms=0.70	meshes=15
416.6	DECO	si=46	zone=trees	ms=0.70	meshes=13
419.3	DECO	si=47	zone=trees	ms=2.70	meshes=12
419.8	DECO	si=48	zone=trees	ms=0.50	meshes=12
420.3	DECO	si=49	zone=trees	ms=0.50	meshes=14
420.9	DECO	si=50	zone=trees	ms=0.60	meshes=14
421.4	DECO	si=51	zone=trees	ms=0.50	meshes=14
421.8	DECO	si=52	zone=trees	ms=0.40	meshes=12
422.5	DECO	si=53	zone=trees	ms=0.70	meshes=15
425.3	DECO	si=54	zone=buildings	ms=2.80	meshes=7
426.5	DECO	si=55	zone=buildings	ms=1.20	meshes=6
428.6	DECO	si=56	zone=buildings	ms=2.10	meshes=6
430.1	DECO	si=57	zone=buildings	ms=1.50	meshes=6
431.7	DECO	si=58	zone=buildings	ms=1.60	meshes=6
432.9	DECO	si=59	zone=buildings	ms=1.20	meshes=6
433.8	DECO	si=60	zone=buildings	ms=0.90	meshes=7
435.2	DECO	si=61	zone=buildings	ms=1.40	meshes=5
436.6	DECO	si=62	zone=buildings	ms=1.40	meshes=7
438.1	DECO	si=63	zone=buildings	ms=1.50	meshes=7
439.3	DECO	si=64	zone=buildings	ms=1.20	meshes=6
443.4	DECO	si=65	zone=buildings	ms=4.10	meshes=6
444.6	DECO	si=66	zone=buildings	ms=1.20	meshes=6
445.8	DECO	si=67	zone=buildings	ms=1.20	meshes=7
447.5	DECO	si=68	zone=buildings	ms=1.70	meshes=7
448.8	DECO	si=69	zone=buildings	ms=1.30	meshes=7
449.8	DECO	si=70	zone=buildings	ms=1.00	meshes=7
2656.8	SHADER_PROG	count=23	was=0	seg=2	zone=trees
14318.9	DECO	si=71	zone=buildings	ms=1.50	meshes=7
14469.2	DECO	si=72	zone=buildings	ms=1.60	meshes=7
14602.3	DECO	si=73	zone=buildings	ms=1.50	meshes=7
14747.4	SHADER_PROG	count=24	was=23	seg=8	zone=trees
14777.3	DECO	si=74	zone=buildings	ms=2.80	meshes=7
15109.8	DECO	si=75	zone=buildings	ms=1.60	meshes=7
15279.4	DECO	si=76	zone=intersection	ms=1.80	meshes=37
15560.6	DECO	si=77	zone=buildings	ms=2.00	meshes=7
15726.7	DECO	si=78	zone=buildings	ms=1.50	meshes=6
16129.1	DECO	si=79	zone=buildings	ms=1.80	meshes=6
16294.3	DECO	si=80	zone=buildings	ms=1.30	meshes=7
16669.7	DECO	si=81	zone=trees	ms=0.80	meshes=14
16836.2	DECO	si=82	zone=trees	ms=0.70	meshes=14
17003.0	DECO	si=83	zone=trees	ms=0.60	meshes=13
17170.0	DECO	si=84	zone=trees	ms=0.60	meshes=16
17337.1	DECO	si=85	zone=trees	ms=0.60	meshes=16
17503.5	DECO	si=86	zone=trees	ms=0.60	meshes=15
17670.3	DECO	si=87	zone=trees	ms=0.60	meshes=14
17837.2	DECO	si=88	zone=trees	ms=0.80	meshes=16
18004.4	DECO	si=89	zone=trees	ms=1.00	meshes=18
18170.5	DECO	si=90	zone=trees	ms=0.70	meshes=16
18338.1	DECO	si=91	zone=trees	ms=0.70	meshes=13
18505.1	DECO	si=92	zone=trees	ms=0.70	meshes=13
18671.8	DECO	si=93	zone=trees	ms=0.70	meshes=17
18838.5	DECO	si=94	zone=trees	ms=0.70	meshes=13
19004.5	DECO	si=95	zone=trees	ms=0.70	meshes=15
19176.1	DECO	si=96	zone=trees	ms=0.70	meshes=20
19338.2	DECO	si=97	zone=trees	ms=0.80	meshes=17
19505.9	DECO	si=98	zone=trees	ms=0.80	meshes=15
19673.7	DECO	si=99	zone=trees	ms=2.50	meshes=17
19854.8	DECO	si=100	zone=dirt	ms=0.30	meshes=5
20021.6	DECO	si=101	zone=dirt	ms=0.20	meshes=7
20188.4	DECO	si=102	zone=dirt	ms=0.40	meshes=8
20355.2	DECO	si=103	zone=dirt	ms=0.10	meshes=12
20522.0	DECO	si=104	zone=dirt	ms=0.10	meshes=9
20688.8	DECO	si=105	zone=dirt	ms=0.10	meshes=7
20855.8	DECO	si=106	zone=dirt	ms=0.20	meshes=7
21022.5	DECO	si=107	zone=dirt	ms=0.10	meshes=4
21189.4	DECO	si=108	zone=dirt	ms=0.10	meshes=12
21356.2	DECO	si=109	zone=dirt	ms=0.20	meshes=5
21523.0	DECO	si=110	zone=dirt	ms=0.20	meshes=10
21689.5	DECO	si=111	zone=dirt	ms=0.20	meshes=4
21856.4	DECO	si=112	zone=dirt	ms=0.20	meshes=6
22023.1	DECO	si=113	zone=dirt	ms=0.00	meshes=8
22190.1	DECO	si=114	zone=dirt	ms=0.20	meshes=14
22357.4	DECO	si=115	zone=dirt	ms=0.10	meshes=15
22523.8	DECO	si=116	zone=dirt	ms=0.10	meshes=8
22690.6	DECO	si=117	zone=dirt	ms=0.10	meshes=13
22857.3	DECO	si=118	zone=dirt	ms=0.10	meshes=2
23024.0	DECO	si=119	zone=dirt	ms=0.10	meshes=11
23190.7	DECO	si=120	zone=dirt	ms=0.10	meshes=8
23357.8	DECO	si=121	zone=dirt	ms=0.20	meshes=12
23525.2	DECO	si=122	zone=dirt	ms=0.10	meshes=12
23691.2	DECO	si=123	zone=dirt	ms=0.20	meshes=6
23857.9	DECO	si=124	zone=dirt	ms=0.20	meshes=9
24025.1	DECO	si=125	zone=dirt	ms=0.10	meshes=8
24226.9	SHADER_PROG	count=25	was=24	seg=60	zone=buildings
24291.9	DECO	si=126	zone=dirt	ms=0.10	meshes=6
24458.7	DECO	si=127	zone=dirt	ms=0.00	meshes=8
24625.4	DECO	si=128	zone=dirt	ms=0.10	meshes=7
24792.2	DECO	si=129	zone=dirt	ms=0.10	meshes=14
24959.4	DECO	si=130	zone=dirt	ms=0.00	meshes=13
25126.2	DECO	si=131	zone=dirt	ms=0.00	meshes=4
25292.9	DECO	si=132	zone=dirt	ms=0.10	meshes=11
25459.7	DECO	si=133	zone=dirt	ms=0.20	meshes=13
25626.3	DECO	si=134	zone=dirt	ms=0.20	meshes=9
25793.2	DECO	si=135	zone=dirt	ms=0.10	meshes=6
25959.8	DECO	si=136	zone=dirt	ms=0.10	meshes=17
26293.7	DECO	si=137	zone=dirt	ms=0.10	meshes=8
26494.2	DECO	si=138	zone=dirt	ms=0.10	meshes=11
26661.1	DECO	si=139	zone=dirt	ms=0.10	meshes=9
26827.7	DECO	si=140	zone=dirt	ms=0.10	meshes=2
26994.5	DECO	si=141	zone=dirt	ms=0.10	meshes=10
27160.6	DECO	si=142	zone=dirt	ms=0.10	meshes=9
27327.8	ZONE_CHANGE	→ dirt	si=218	zoneLeft=28
27329.9	DECO	si=143	zone=buildings	ms=2.00	meshes=6
27496.6	DECO	si=144	zone=buildings	ms=1.60	meshes=7
27663.0	DECO	si=145	zone=buildings	ms=1.70	meshes=7
27830.1	DECO	si=146	zone=buildings	ms=1.60	meshes=7
28014.2	DECO	si=147	zone=buildings	ms=1.60	meshes=7
28180.0	DECO	si=148	zone=buildings	ms=1.80	meshes=7
28346.7	DECO	si=149	zone=buildings	ms=1.60	meshes=7
28513.6	DECO	si=150	zone=buildings	ms=1.30	meshes=7
28680.3	DECO	si=151	zone=buildings	ms=1.80	meshes=7
28847.4	DECO	si=152	zone=buildings	ms=1.40	meshes=7
29014.4	DECO	si=153	zone=buildings	ms=1.50	meshes=6
29181.1	DECO	si=154	zone=buildings	ms=1.40	meshes=6
29348.0	DECO	si=155	zone=buildings	ms=1.80	meshes=7
29514.7	DECO	si=156	zone=buildings	ms=1.60	meshes=7
29681.5	DECO	si=157	zone=buildings	ms=1.60	meshes=6
29847.6	DECO	si=158	zone=buildings	ms=1.30	meshes=7
30014.7	DECO	si=159	zone=buildings	ms=2.00	meshes=7
30181.4	DECO	si=160	zone=buildings	ms=1.20	meshes=6
30349.8	DECO	si=161	zone=buildings	ms=2.60	meshes=7
30514.4	DECO	si=162	zone=buildings	ms=1.20	meshes=6
30681.5	DECO	si=163	zone=buildings	ms=1.40	meshes=7
30848.1	DECO	si=164	zone=buildings	ms=1.40	meshes=7
31014.4	DECO	si=165	zone=intersection	ms=1.00	meshes=37
31198.5	DECO	si=166	zone=buildings	ms=1.50	meshes=7
31383.0	DECO	si=167	zone=buildings	ms=1.60	meshes=7
31583.0	DECO	si=168	zone=buildings	ms=1.60	meshes=6
31765.4	DECO	si=169	zone=buildings	ms=1.30	meshes=6
31949.6	DECO	si=170	zone=buildings	ms=2.00	meshes=7
32149.4	DECO	si=171	zone=buildings	ms=1.30	meshes=6
32331.5	ZONE_CHANGE	→ trees	si=247	zoneLeft=33
32333.0	DECO	si=172	zone=buildings	ms=1.50	meshes=7
32516.7	DECO	si=173	zone=buildings	ms=1.60	meshes=6
32717.9	DECO	si=174	zone=buildings	ms=2.20	meshes=7
32900.2	DECO	si=175	zone=buildings	ms=1.40	meshes=7
33101.4	DECO	si=176	zone=buildings	ms=1.90	meshes=6
33283.5	DECO	si=177	zone=buildings	ms=1.60	meshes=7
33467.7	DECO	si=178	zone=buildings	ms=2.10	meshes=7
33667.3	DECO	si=179	zone=buildings	ms=1.70	meshes=6
33850.9	DECO	si=180	zone=buildings	ms=1.50	meshes=7
34034.6	DECO	si=181	zone=buildings	ms=1.40	meshes=7
34234.2	DECO	si=182	zone=trees	ms=0.90	meshes=20
34417.9	DECO	si=183	zone=trees	ms=1.00	meshes=18
34601.1	DECO	si=184	zone=trees	ms=0.70	meshes=21
34801.4	DECO	si=185	zone=trees	ms=0.70	meshes=18
34984.8	DECO	si=186	zone=trees	ms=0.80	meshes=20
35184.6	DECO	si=187	zone=trees	ms=0.90	meshes=19
35368.0	DECO	si=188	zone=trees	ms=0.90	meshes=23
35551.5	DECO	si=189	zone=trees	ms=0.80	meshes=20
35751.4	DECO	si=190	zone=trees	ms=0.70	meshes=20
35935.4	DECO	si=191	zone=trees	ms=0.90	meshes=20
36118.7	DECO	si=192	zone=trees	ms=0.90	meshes=23
36318.5	DECO	si=193	zone=trees	ms=0.90	meshes=23
36502.3	DECO	si=194	zone=trees	ms=1.00	meshes=25
36685.8	DECO	si=195	zone=trees	ms=0.60	meshes=19
36886.0	DECO	si=196	zone=trees	ms=1.10	meshes=25
37070.1	DECO	si=197	zone=trees	ms=1.10	meshes=23
37269.5	DECO	si=198	zone=trees	ms=1.00	meshes=24
37453.4	DECO	si=199	zone=trees	ms=0.80	meshes=21
37637.1	DECO	si=200	zone=trees	ms=0.90	meshes=23
37836.7	DECO	si=201	zone=trees	ms=1.10	meshes=23
38020.1	DECO	si=202	zone=trees	ms=0.80	meshes=23
38203.8	DECO	si=203	zone=trees	ms=1.00	meshes=25
38403.9	DECO	si=204	zone=trees	ms=0.70	meshes=19
38587.8	DECO	si=205	zone=trees	ms=0.90	meshes=23
38770.1	ZONE_CHANGE	→ buildings	si=281	zoneLeft=49
38771.2	DECO	si=206	zone=trees	ms=0.90	meshes=19
38971.4	DECO	si=207	zone=trees	ms=0.70	meshes=17
39154.2	DECO	si=208	zone=trees	ms=0.70	meshes=19
39321.9	DECO	si=209	zone=trees	ms=0.90	meshes=22
39488.1	DECO	si=210	zone=trees	ms=1.00	meshes=26
39654.6	DECO	si=211	zone=trees	ms=0.90	meshes=22
39821.4	DECO	si=212	zone=trees	ms=0.70	meshes=19
39992.8	DECO	si=213	zone=trees	ms=0.80	meshes=19
40156.1	DECO	si=214	zone=trees	ms=1.00	meshes=24
40323.4	DECO	si=215	zone=trees	ms=1.00	meshes=21
40489.3	DECO	si=216	zone=trees	ms=1.00	meshes=23
40655.8	DECO	si=217	zone=trees	ms=0.70	meshes=18
40822.7	DECO	si=218	zone=dirt	ms=0.10	meshes=6
40989.0	DECO	si=219	zone=dirt	ms=0.20	meshes=13
41155.7	DECO	si=220	zone=dirt	ms=0.10	meshes=8
41324.1	DECO	si=221	zone=dirt	ms=0.10	meshes=13
41494.0	DECO	si=222	zone=dirt	ms=0.10	meshes=9
41667.7	DECO	si=223	zone=dirt	ms=0.20	meshes=11
41842.2	DECO	si=224	zone=dirt	ms=0.10	meshes=14
42016.3	DECO	si=225	zone=dirt	ms=0.10	meshes=10
42198.2	DECO	si=226	zone=dirt	ms=0.20	meshes=9
42382.2	DECO	si=227	zone=dirt	ms=0.10	meshes=2
42567.1	DECO	si=228	zone=dirt	ms=0.10	meshes=7
42751.2	DECO	si=229	zone=dirt	ms=0.10	meshes=14
42933.8	DECO	si=230	zone=dirt	ms=0.10	meshes=17
43121.9	DECO	si=231	zone=dirt	ms=0.00	meshes=6
43310.5	DECO	si=232	zone=dirt	ms=0.20	meshes=10
43508.5	DECO	si=233	zone=dirt	ms=0.10	meshes=12
43702.0	DECO	si=234	zone=dirt	ms=0.10	meshes=5
43896.8	DECO	si=235	zone=dirt	ms=0.20	meshes=12
44092.7	DECO	si=236	zone=dirt	ms=0.20	meshes=14
44287.7	DECO	si=237	zone=dirt	ms=0.60	meshes=9
44481.6	DECO	si=238	zone=dirt	ms=0.10	meshes=12
44686.5	DECO	si=239	zone=dirt	ms=0.10	meshes=5
44892.2	DECO	si=240	zone=dirt	ms=0.10	meshes=12
45100.1	DECO	si=241	zone=dirt	ms=0.10	meshes=9
45303.1	DECO	si=242	zone=dirt	ms=0.20	meshes=7
49087.8	SHADER_PROG	count=42	was=25	seg=177	zone=buildings
49320.0	DECO	si=243	zone=dirt	ms=0.20	meshes=2
49522.2	DECO	si=244	zone=dirt	ms=0.30	meshes=10
49712.0	DECO	si=245	zone=dirt	ms=0.10	meshes=13
49890.9	DECO	si=246	zone=dirt	ms=0.10	meshes=12
50060.8	DECO	si=247	zone=trees	ms=0.90	meshes=24
50225.0	DECO	si=248	zone=trees	ms=1.00	meshes=25
50393.1	DECO	si=249	zone=trees	ms=1.10	meshes=27
50393.7	SHADER_PROG	count=43	was=42	seg=184	zone=trees
50416.2	SHADER_PROG	count=44	was=43	seg=184	zone=trees
50563.7	DECO	si=250	zone=trees	ms=1.20	meshes=28
50730.1	DECO	si=251	zone=trees	ms=0.80	meshes=21
50897.1	DECO	si=252	zone=trees	ms=0.90	meshes=21
51063.5	DECO	si=253	zone=trees	ms=0.80	meshes=22
51230.5	DECO	si=254	zone=trees	ms=0.80	meshes=24
51363.9	SHADER_PROG	count=42	was=44	seg=189	zone=trees
51397.9	DECO	si=255	zone=trees	ms=1.20	meshes=24
51563.3	ZONE_CHANGE	→ trees	si=331	zoneLeft=28
51564.1	DECO	si=256	zone=trees	ms=0.70	meshes=24
51731.3	DECO	si=257	zone=trees	ms=1.20	meshes=25
51897.9	DECO	si=258	zone=trees	ms=1.00	meshes=24
52065.4	DECO	si=259	zone=trees	ms=1.10	meshes=27
52232.1	DECO	si=260	zone=trees	ms=0.90	meshes=24
52398.6	DECO	si=261	zone=trees	ms=1.00	meshes=24
52565.3	DECO	si=262	zone=trees	ms=1.00	meshes=22
52732.4	DECO	si=263	zone=trees	ms=1.00	meshes=21
52898.7	DECO	si=264	zone=trees	ms=1.00	meshes=21
53066.3	DECO	si=265	zone=trees	ms=0.90	meshes=23
53233.0	DECO	si=266	zone=trees	ms=0.90	meshes=22
53399.1	DECO	si=267	zone=trees	ms=1.00	meshes=28
53567.7	DECO	si=268	zone=trees	ms=1.90	meshes=28
53733.6	DECO	si=269	zone=trees	ms=1.20	meshes=30
53900.2	DECO	si=270	zone=trees	ms=1.00	meshes=25
54067.1	DECO	si=271	zone=trees	ms=1.10	meshes=25
54233.1	DECO	si=272	zone=trees	ms=1.10	meshes=24
54400.7	DECO	si=273	zone=trees	ms=1.00	meshes=23
54401.4	SHADER_PROG	count=41	was=42	seg=208	zone=trees
54567.3	DECO	si=274	zone=trees	ms=1.00	meshes=22
54734.6	DECO	si=275	zone=trees	ms=1.20	meshes=30
54900.9	DECO	si=276	zone=trees	ms=0.80	meshes=22
55067.9	DECO	si=277	zone=trees	ms=0.90	meshes=21
55234.0	DECO	si=278	zone=trees	ms=1.10	meshes=27
55401.1	DECO	si=279	zone=trees	ms=1.10	meshes=29
55567.6	DECO	si=280	zone=trees	ms=1.00	meshes=24
55735.5	DECO	si=281	zone=buildings	ms=1.60	meshes=7
55901.9	DECO	si=282	zone=buildings	ms=1.60	meshes=7
56068.6	DECO	si=283	zone=buildings	ms=1.50	meshes=7
56268.4	DECO	si=284	zone=buildings	ms=1.10	meshes=6
56450.7	ZONE_CHANGE	→ trees	si=360	zoneLeft=17
56452.3	DECO	si=285	zone=buildings	ms=1.60	meshes=7
56635.1	DECO	si=286	zone=buildings	ms=1.10	meshes=7
56836.3	DECO	si=287	zone=buildings	ms=1.70	meshes=7
57019.2	DECO	si=288	zone=buildings	ms=1.50	meshes=7
57220.4	DECO	si=289	zone=buildings	ms=1.80	meshes=7
57403.5	DECO	si=290	zone=buildings	ms=2.00	meshes=7
57597.5	DECO	si=291	zone=buildings	ms=1.40	meshes=7
57598.1	SHADER_PROG	count=42	was=41	seg=226	zone=dirt
57617.1	SHADER_PROG	count=43	was=42	seg=226	zone=dirt
57795.6	DECO	si=292	zone=buildings	ms=1.40	meshes=7
57980.6	DECO	si=293	zone=buildings	ms=1.60	meshes=6
58164.5	DECO	si=294	zone=buildings	ms=1.30	meshes=6
58365.0	DECO	si=295	zone=buildings	ms=1.50	meshes=7
58548.9	DECO	si=296	zone=buildings	ms=1.30	meshes=7
58565.9	SHADER_PROG	count=41	was=43	seg=231	zone=dirt
58734.4	DECO	si=297	zone=buildings	ms=1.50	meshes=7
58937.6	DECO	si=298	zone=buildings	ms=1.10	meshes=6
59125.5	DECO	si=299	zone=buildings	ms=1.40	meshes=7
59331.9	DECO	si=300	zone=buildings	ms=1.50	meshes=7
59538.7	DECO	si=301	zone=buildings	ms=1.40	meshes=7
59748.4	DECO	si=302	zone=buildings	ms=1.50	meshes=6
59969.4	ZONE_CHANGE	→ mountains	si=378	zoneLeft=23
59970.8	DECO	si=303	zone=intersection	ms=1.40	meshes=37
60175.7	DECO	si=304	zone=buildings	ms=1.70	meshes=7
60384.3	DECO	si=305	zone=buildings	ms=1.10	meshes=7
60624.8	DECO	si=306	zone=buildings	ms=1.60	meshes=6
60853.4	DECO	si=307	zone=buildings	ms=1.40	meshes=7
61003.2	SHADER_PROG	count=42	was=41	seg=242	zone=dirt
61089.0	DECO	si=308	zone=buildings	ms=1.30	meshes=7
61343.2	DECO	si=309	zone=buildings	ms=1.90	meshes=7
61575.1	DECO	si=310	zone=buildings	ms=1.70	meshes=7
61824.9	DECO	si=311	zone=buildings	ms=1.90	meshes=7
61894.0	SHADER_PROG	count=43	was=42	seg=246	zone=dirt
61928.0	SHADER_PROG	count=45	was=43	seg=246	zone=dirt
62072.5	DECO	si=312	zone=buildings	ms=1.40	meshes=7
62276.4	DECO	si=313	zone=buildings	ms=1.60	meshes=7
62482.3	DECO	si=314	zone=buildings	ms=1.50	meshes=6
62687.3	DECO	si=315	zone=buildings	ms=1.20	meshes=7
62855.9	SHADER_PROG	count=43	was=45	seg=250	zone=trees
62897.5	DECO	si=316	zone=buildings	ms=1.40	meshes=7
63103.8	DECO	si=317	zone=buildings	ms=1.30	meshes=7
63310.9	DECO	si=318	zone=buildings	ms=1.50	meshes=7
63511.0	DECO	si=319	zone=buildings	ms=1.60	meshes=7
63703.7	DECO	si=320	zone=buildings	ms=1.80	meshes=7
63900.5	DECO	si=321	zone=buildings	ms=1.40	meshes=6
64098.6	DECO	si=322	zone=buildings	ms=1.70	meshes=7
64292.7	DECO	si=323	zone=buildings	ms=1.40	meshes=7
64487.8	DECO	si=324	zone=buildings	ms=1.70	meshes=7
64677.5	DECO	si=325	zone=buildings	ms=1.50	meshes=7
64864.8	DECO	si=326	zone=intersection	ms=0.90	meshes=37
65049.6	ZONE_CHANGE	→ ether	si=402	zoneLeft=47
65051.1	DECO	si=327	zone=buildings	ms=1.40	meshes=6
65235.4	DECO	si=328	zone=buildings	ms=1.10	meshes=7
65422.1	DECO	si=329	zone=buildings	ms=1.60	meshes=7
65609.3	DECO	si=330	zone=buildings	ms=1.30	meshes=7
65788.0	DECO	si=331	zone=trees	ms=1.20	meshes=31
65966.0	DECO	si=332	zone=trees	ms=1.00	meshes=26
66145.0	DECO	si=333	zone=trees	ms=1.20	meshes=33
66323.9	DECO	si=334	zone=trees	ms=1.10	meshes=27
66499.2	DECO	si=335	zone=trees	ms=1.10	meshes=26
66673.6	DECO	si=336	zone=trees	ms=1.60	meshes=27
66846.6	DECO	si=337	zone=trees	ms=1.10	meshes=29
67026.5	DECO	si=338	zone=trees	ms=0.90	meshes=24
67203.2	DECO	si=339	zone=trees	ms=0.90	meshes=22
67380.0	DECO	si=340	zone=trees	ms=1.00	meshes=22
67559.1	DECO	si=341	zone=trees	ms=1.20	meshes=29
67743.8	DECO	si=342	zone=trees	ms=1.20	meshes=26
67917.9	DECO	si=343	zone=trees	ms=1.40	meshes=29
68099.6	DECO	si=344	zone=trees	ms=1.40	meshes=30
68279.6	DECO	si=345	zone=trees	ms=1.40	meshes=31
68459.4	DECO	si=346	zone=trees	ms=1.20	meshes=25
68644.1	DECO	si=347	zone=trees	ms=1.10	meshes=30
68829.0	DECO	si=348	zone=trees	ms=1.20	meshes=28
69019.6	DECO	si=349	zone=trees	ms=1.50	meshes=25
69208.2	DECO	si=350	zone=trees	ms=1.30	meshes=31
69289.5	SHADER_PROG	count=44	was=43	seg=285	zone=buildings
69319.5	SHADER_PROG	count=45	was=44	seg=285	zone=buildings
69413.2	DECO	si=351	zone=trees	ms=0.90	meshes=28
69600.7	DECO	si=352	zone=trees	ms=1.20	meshes=35
69790.1	DECO	si=353	zone=trees	ms=1.10	meshes=25
69969.1	DECO	si=354	zone=trees	ms=0.90	meshes=25
70152.4	DECO	si=355	zone=trees	ms=1.00	meshes=28
70260.5	SHADER_PROG	count=43	was=45	seg=290	zone=buildings
70331.5	DECO	si=356	zone=trees	ms=1.10	meshes=27
70509.4	DECO	si=357	zone=trees	ms=1.40	meshes=32
70690.6	DECO	si=358	zone=trees	ms=1.60	meshes=29
70876.5	DECO	si=359	zone=trees	ms=1.40	meshes=30
71063.7	DECO	si=360	zone=trees	ms=1.20	meshes=29
71268.4	DECO	si=361	zone=trees	ms=1.90	meshes=29
71456.3	DECO	si=362	zone=trees	ms=1.00	meshes=35
71649.0	DECO	si=363	zone=trees	ms=0.90	meshes=25
71844.4	DECO	si=364	zone=trees	ms=1.10	meshes=28
72038.9	DECO	si=365	zone=trees	ms=1.30	meshes=30
72237.0	DECO	si=366	zone=trees	ms=1.10	meshes=30
72438.9	DECO	si=367	zone=trees	ms=1.20	meshes=26
72643.9	DECO	si=368	zone=trees	ms=0.90	meshes=24
72880.0	DECO	si=369	zone=trees	ms=1.10	meshes=27
73086.7	DECO	si=370	zone=trees	ms=1.20	meshes=28
73296.8	DECO	si=371	zone=trees	ms=1.40	meshes=32
73524.9	DECO	si=372	zone=trees	ms=1.00	meshes=25
73746.6	DECO	si=373	zone=trees	ms=1.10	meshes=35
73964.7	DECO	si=374	zone=trees	ms=1.00	meshes=28
74188.2	ZONE_CHANGE	→ buildings	si=450	zoneLeft=21
74189.5	DECO	si=375	zone=trees	ms=1.30	meshes=29
74418.8	DECO	si=376	zone=trees	ms=1.40	meshes=34
74651.8	DECO	si=377	zone=trees	ms=1.30	meshes=32
74895.6	DECO	si=378	zone=mountains	ms=7.30	meshes=10
75131.1	DECO	si=379	zone=mountains	ms=0.60	meshes=14
75366.7	DECO	si=380	zone=mountains	ms=0.60	meshes=14
75607.3	DECO	si=381	zone=mountains	ms=0.50	meshes=18
75849.9	DECO	si=382	zone=mountains	ms=0.40	meshes=10
76093.5	DECO	si=383	zone=mountains	ms=0.30	meshes=10
76297.7	SHADER_PROG	count=44	was=43	seg=318	zone=buildings
76332.1	SHADER_PROG	count=45	was=44	seg=318	zone=buildings
76360.7	DECO	si=384	zone=mountains	ms=0.40	meshes=14
76606.0	DECO	si=385	zone=mountains	ms=0.50	meshes=18
76858.8	DECO	si=386	zone=mountains	ms=0.40	meshes=10
77157.0	SHADER_PROG	count=46	was=45	seg=321	zone=buildings
77285.0	DECO	si=387	zone=mountains	ms=0.50	meshes=14
77539.1	DECO	si=388	zone=mountains	ms=0.40	meshes=10
77796.5	DECO	si=389	zone=mountains	ms=0.50	meshes=18
78055.6	DECO	si=390	zone=mountains	ms=0.40	meshes=14
78310.8	DECO	si=391	zone=mountains	ms=0.30	meshes=14
78574.8	DECO	si=392	zone=mountains	ms=0.30	meshes=14
78831.3	DECO	si=393	zone=mountains	ms=0.40	meshes=14
79098.6	DECO	si=394	zone=mountains	ms=0.30	meshes=10
79235.7	SHADER_PROG	count=44	was=46	seg=329	zone=buildings
79365.0	DECO	si=395	zone=mountains	ms=0.20	meshes=10
79624.4	DECO	si=396	zone=mountains	ms=0.30	meshes=10
79882.8	ZONE_CHANGE	→ trees	si=472	zoneLeft=47
79883.3	DECO	si=397	zone=mountains	ms=0.30	meshes=10
80141.7	DECO	si=398	zone=mountains	ms=2.00	meshes=10
80393.3	DECO	si=399	zone=mountains	ms=0.50	meshes=18
80644.5	DECO	si=400	zone=mountains	ms=0.50	meshes=18
80898.6	DECO	si=401	zone=mountains	ms=0.40	meshes=10
81154.8	DECO	si=402	zone=ether	ms=6.90	meshes=3
83987.9	SHADER_PROG	count=65	was=44	seg=337	zone=trees
84288.8	DECO	si=403	zone=ether	ms=0.10	meshes=2
84550.0	DECO	si=404	zone=ether	ms=0.10	meshes=2
84799.9	DECO	si=405	zone=ether	ms=0.10	meshes=2
85040.0	DECO	si=406	zone=ether	ms=0.20	meshes=2
85283.1	DECO	si=407	zone=ether	ms=0.20	meshes=2
85520.1	DECO	si=408	zone=ether	ms=0.20	meshes=2
85750.5	DECO	si=409	zone=ether	ms=0.10	meshes=2
85974.0	DECO	si=410	zone=ether	ms=0.20	meshes=2
86195.0	DECO	si=411	zone=ether	ms=0.10	meshes=2
86415.8	DECO	si=412	zone=ether	ms=0.20	meshes=2
86637.3	DECO	si=413	zone=ether	ms=0.20	meshes=2
86844.0	DECO	si=414	zone=ether	ms=0.20	meshes=2
87053.3	DECO	si=415	zone=ether	ms=0.10	meshes=2
87054.4	SHADER_PROG	count=64	was=65	seg=350	zone=trees
87255.4	DECO	si=416	zone=ether	ms=0.10	meshes=2
87456.9	DECO	si=417	zone=ether	ms=0.10	meshes=2
87646.3	DECO	si=418	zone=ether	ms=0.10	meshes=2
87821.1	DECO	si=419	zone=ether	ms=0.10	meshes=2
87994.7	DECO	si=420	zone=ether	ms=0.10	meshes=2
88160.0	DECO	si=421	zone=ether	ms=0.10	meshes=2
88326.6	DECO	si=422	zone=ether	ms=0.10	meshes=2
88327.4	SHADER_PROG	count=63	was=64	seg=357	zone=trees
88493.0	DECO	si=423	zone=ether	ms=0.00	meshes=2
88666.1	DECO	si=424	zone=ether	ms=5.60	meshes=2
91619.8	SHADER_PROG	count=74	was=63	seg=359	zone=trees
91770.9	DECO	si=425	zone=ether	ms=0.10	meshes=2
91939.7	DECO	si=426	zone=ether	ms=0.10	meshes=2
92102.2	DECO	si=427	zone=ether	ms=0.10	meshes=2
92268.5	SHADER_PROG	count=75	was=74	seg=362	zone=trees
92296.9	DECO	si=428	zone=ether	ms=0.20	meshes=2
92463.7	DECO	si=429	zone=ether	ms=0.20	meshes=2
92629.8	DECO	si=430	zone=ether	ms=0.10	meshes=2
92796.8	DECO	si=431	zone=ether	ms=0.10	meshes=2
92963.2	DECO	si=432	zone=ether	ms=0.10	meshes=2
93130.0	DECO	si=433	zone=ether	ms=0.20	meshes=2
93296.6	DECO	si=434	zone=ether	ms=0.20	meshes=2
93463.5	DECO	si=435	zone=ether	ms=0.10	meshes=2
93631.0	DECO	si=436	zone=ether	ms=0.10	meshes=2
93797.9	DECO	si=437	zone=ether	ms=0.10	meshes=2
93964.5	DECO	si=438	zone=ether	ms=0.10	meshes=2
94131.3	DECO	si=439	zone=ether	ms=0.10	meshes=2
94297.8	DECO	si=440	zone=ether	ms=0.10	meshes=2
94464.7	DECO	si=441	zone=ether	ms=0.10	meshes=2
94631.3	DECO	si=442	zone=ether	ms=0.00	meshes=2
94798.2	DECO	si=443	zone=ether	ms=0.10	meshes=2
94964.7	DECO	si=444	zone=ether	ms=0.10	meshes=2
95132.0	ZONE_CHANGE	→ ether	si=520	zoneLeft=23
95132.2	DECO	si=445	zone=ether	ms=0.10	meshes=2
95303.7	DECO	si=446	zone=ether	ms=4.80	meshes=2
98256.3	SHADER_PROG	count=85	was=75	seg=381	zone=mountains
98400.7	DECO	si=447	zone=ether	ms=0.10	meshes=2
98568.3	DECO	si=448	zone=ether	ms=0.20	meshes=2
98734.5	DECO	si=449	zone=ether	ms=0.20	meshes=3
98759.3	SHADER_PROG	count=86	was=85	seg=384	zone=mountains
98903.6	DECO	si=450	zone=buildings	ms=2.30	meshes=7
99069.2	DECO	si=451	zone=buildings	ms=1.40	meshes=7
99237.2	DECO	si=452	zone=buildings	ms=1.70	meshes=7
99403.9	DECO	si=453	zone=buildings	ms=1.50	meshes=6
99570.4	DECO	si=454	zone=buildings	ms=1.30	meshes=7
99737.4	DECO	si=455	zone=buildings	ms=1.30	meshes=7
99904.3	DECO	si=456	zone=buildings	ms=1.80	meshes=7
100070.9	DECO	si=457	zone=buildings	ms=1.50	meshes=7
100237.8	DECO	si=458	zone=buildings	ms=1.40	meshes=7
100404.1	DECO	si=459	zone=buildings	ms=1.20	meshes=6
100570.6	DECO	si=460	zone=buildings	ms=1.20	meshes=6
100737.7	DECO	si=461	zone=buildings	ms=1.40	meshes=7
100904.2	DECO	si=462	zone=buildings	ms=1.30	meshes=7
101071.2	DECO	si=463	zone=buildings	ms=1.50	meshes=6
101237.9	DECO	si=464	zone=buildings	ms=1.30	meshes=7
101404.6	DECO	si=465	zone=buildings	ms=1.20	meshes=7
101571.8	DECO	si=466	zone=buildings	ms=1.80	meshes=7
101738.1	DECO	si=467	zone=buildings	ms=1.20	meshes=7
101905.1	DECO	si=468	zone=buildings	ms=1.40	meshes=6
102480.9	ZONE_CHANGE	→ tunnel	si=544	zoneLeft=47
102482.2	DECO	si=469	zone=buildings	ms=1.30	meshes=7
102482.8	SHADER_PROG	count=87	was=86	seg=404	zone=ether
102760.5	SHADER_PROG	count=88	was=87	seg=404	zone=ether
102890.1	DECO	si=470	zone=buildings	ms=1.70	meshes=7
102981.9	SHADER_PROG	count=91	was=88	seg=405	zone=ether
103139.8	DECO	si=471	zone=buildings	ms=1.40	meshes=7
103605.4	SHADER_PROG	count=92	was=91	seg=406	zone=ether
103741.6	SHADER_PROG	count=93	was=92	seg=406	zone=ether
104112.8	SHADER_PROG	count=94	was=93	seg=406	zone=ether
104177.6	DECO	si=472	zone=trees	ms=4.90	meshes=30
104189.3	SHADER_PROG	count=95	was=94	seg=407	zone=ether
104339.4	SHADER_PROG	count=96	was=95	seg=407	zone=ether
104365.4	DECO	si=473	zone=trees	ms=8.90	meshes=39
104528.2	DECO	si=474	zone=trees	ms=5.40	meshes=39
104693.3	DECO	si=475	zone=trees	ms=3.20	meshes=34
104860.0	DECO	si=476	zone=trees	ms=3.50	meshes=30
105025.5	DECO	si=477	zone=trees	ms=2.20	meshes=37
105145.8	SHADER_PROG	count=97	was=96	seg=412	zone=ether
105292.0	DECO	si=478	zone=trees	ms=1.70	meshes=30
105457.7	DECO	si=479	zone=trees	ms=1.10	meshes=31
105624.7	DECO	si=480	zone=trees	ms=1.40	meshes=34
105791.6	DECO	si=481	zone=trees	ms=1.80	meshes=40
105958.4	DECO	si=482	zone=trees	ms=1.70	meshes=39
106125.3	DECO	si=483	zone=trees	ms=1.20	meshes=30
106291.9	DECO	si=484	zone=trees	ms=1.40	meshes=33
106458.5	DECO	si=485	zone=trees	ms=1.30	meshes=33
106709.1	DECO	si=486	zone=trees	ms=1.20	meshes=29
107343.3	DECO	si=487	zone=trees	ms=1.70	meshes=38
107993.5	DECO	si=488	zone=trees	ms=1.40	meshes=33
108326.8	DECO	si=489	zone=trees	ms=1.40	meshes=36
108510.6	DECO	si=490	zone=trees	ms=1.50	meshes=38
108677.3	DECO	si=491	zone=trees	ms=1.30	meshes=35
108894.5	DECO	si=492	zone=trees	ms=1.50	meshes=31
109077.8	DECO	si=493	zone=trees	ms=1.30	meshes=37
109243.9	DECO	si=494	zone=trees	ms=1.30	meshes=30
109427.6	DECO	si=495	zone=trees	ms=1.40	meshes=38
109428.8	SHADER_PROG	count=96	was=97	seg=430	zone=ether
110945.7	SHADER_PROG	count=101	was=96	seg=430	zone=ether
111095.6	DECO	si=496	zone=trees	ms=1.30	meshes=30
111262.5	DECO	si=497	zone=trees	ms=1.30	meshes=37
111430.0	DECO	si=498	zone=trees	ms=1.60	meshes=37
111596.4	DECO	si=499	zone=trees	ms=1.00	meshes=27
111763.6	DECO	si=500	zone=trees	ms=1.40	meshes=33
111930.0	DECO	si=501	zone=trees	ms=1.20	meshes=36
112096.7	DECO	si=502	zone=trees	ms=1.30	meshes=34
112263.2	DECO	si=503	zone=trees	ms=1.20	meshes=28
112438.3	DECO	si=504	zone=trees	ms=1.50	meshes=39
112613.7	DECO	si=505	zone=trees	ms=1.20	meshes=29
112791.2	DECO	si=506	zone=trees	ms=1.30	meshes=33
112970.9	DECO	si=507	zone=trees	ms=1.60	meshes=37
113160.1	DECO	si=508	zone=trees	ms=1.20	meshes=30
113357.6	DECO	si=509	zone=trees	ms=1.20	meshes=34
113563.0	DECO	si=510	zone=trees	ms=1.30	meshes=29
113772.7	DECO	si=511	zone=trees	ms=1.90	meshes=36
114040.6	DECO	si=512	zone=trees	ms=1.20	meshes=30
114235.8	SHADER_PROG	count=104	was=101	seg=447	zone=ether
114328.2	DECO	si=513	zone=trees	ms=1.20	meshes=33
114585.5	DECO	si=514	zone=trees	ms=1.50	meshes=37
114822.3	DECO	si=515	zone=trees	ms=1.30	meshes=32
115066.3	DECO	si=516	zone=trees	ms=1.60	meshes=36
115318.2	ZONE_CHANGE	→ tunnel	si=592	zoneLeft=51
115319.8	DECO	si=517	zone=trees	ms=1.50	meshes=40
115320.9	SHADER_PROG	count=103	was=104	seg=452	zone=buildings
116685.1	SHADER_PROG	count=108	was=103	seg=452	zone=buildings
116945.0	DECO	si=518	zone=trees	ms=2.50	meshes=36
117315.1	DECO	si=519	zone=trees	ms=1.30	meshes=35
117586.7	DECO	si=520	zone=ether	ms=5.20	meshes=3
117783.6	SHADER_PROG	count=109	was=108	seg=455	zone=buildings
117865.4	DECO	si=521	zone=ether	ms=0.10	meshes=2
118138.3	DECO	si=522	zone=ether	ms=0.10	meshes=2
118447.7	DECO	si=523	zone=ether	ms=0.20	meshes=2
118731.0	DECO	si=524	zone=ether	ms=0.00	meshes=2
119014.0	DECO	si=525	zone=ether	ms=0.10	meshes=2
119303.7	DECO	si=526	zone=ether	ms=0.10	meshes=2
119593.5	DECO	si=527	zone=ether	ms=0.20	meshes=2
119883.6	DECO	si=528	zone=ether	ms=0.10	meshes=2
120172.7	DECO	si=529	zone=ether	ms=0.20	meshes=2
120466.6	DECO	si=530	zone=ether	ms=0.10	meshes=2
120826.5	DECO	si=531	zone=ether	ms=0.20	meshes=2
121123.6	DECO	si=532	zone=ether	ms=0.10	meshes=2
121414.7	DECO	si=533	zone=ether	ms=0.20	meshes=2
121708.4	DECO	si=534	zone=ether	ms=0.10	meshes=2
121997.9	DECO	si=535	zone=ether	ms=0.10	meshes=2
122289.4	DECO	si=536	zone=ether	ms=0.20	meshes=2
122580.2	DECO	si=537	zone=ether	ms=0.10	meshes=2
122872.1	DECO	si=538	zone=ether	ms=0.10	meshes=2
123158.5	DECO	si=539	zone=ether	ms=0.20	meshes=2
123159.4	SHADER_PROG	count=108	was=109	seg=474	zone=trees
123474.8	DECO	si=540	zone=ether	ms=0.10	meshes=2
123755.3	DECO	si=541	zone=ether	ms=0.10	meshes=2
124041.2	DECO	si=542	zone=ether	ms=4.50	meshes=2
124042.0	SHADER_PROG	count=107	was=108	seg=477	zone=trees
124323.1	DECO	si=543	zone=ether	ms=0.10	meshes=3
124611.4	DECO	si=544	zone=tunnel	ms=0.80	meshes=27
124894.6	DECO	si=545	zone=tunnel	ms=0.50	meshes=27
125180.3	DECO	si=546	zone=tunnel	ms=0.60	meshes=27
125408.4	SHADER_PROG	count=108	was=107	seg=481	zone=trees
125465.2	DECO	si=547	zone=tunnel	ms=0.60	meshes=27
125741.0	DECO	si=548	zone=tunnel	ms=0.50	meshes=27
126005.3	DECO	si=549	zone=tunnel	ms=0.50	meshes=27
126269.0	DECO	si=550	zone=tunnel	ms=0.50	meshes=27
126527.0	DECO	si=551	zone=tunnel	ms=0.40	meshes=27
126779.5	DECO	si=552	zone=tunnel	ms=0.40	meshes=27
127026.7	DECO	si=553	zone=tunnel	ms=0.40	meshes=27
127276.0	DECO	si=554	zone=tunnel	ms=0.40	meshes=27
127517.5	DECO	si=555	zone=tunnel	ms=0.50	meshes=27
127748.2	DECO	si=556	zone=tunnel	ms=0.40	meshes=27
127978.3	DECO	si=557	zone=tunnel	ms=0.30	meshes=27
128200.0	DECO	si=558	zone=tunnel	ms=0.40	meshes=27
128421.4	DECO	si=559	zone=tunnel	ms=0.40	meshes=27
128628.4	DECO	si=560	zone=tunnel	ms=0.40	meshes=27
128832.5	DECO	si=561	zone=tunnel	ms=0.40	meshes=27
129026.4	DECO	si=562	zone=tunnel	ms=0.40	meshes=27
129027.4	SHADER_PROG	count=107	was=108	seg=497	zone=trees
129212.9	DECO	si=563	zone=tunnel	ms=0.30	meshes=27
129393.9	DECO	si=564	zone=tunnel	ms=0.40	meshes=27
129565.9	DECO	si=565	zone=tunnel	ms=0.50	meshes=27
129732.3	DECO	si=566	zone=tunnel	ms=0.40	meshes=27
129893.6	DECO	si=567	zone=tunnel	ms=0.40	meshes=27
130060.2	DECO	si=568	zone=tunnel	ms=0.40	meshes=27
130226.2	ZONE_CHANGE	→ buildings	si=644	zoneLeft=36
130226.7	DECO	si=569	zone=tunnel	ms=0.40	meshes=27
130394.2	DECO	si=570	zone=tunnel	ms=0.40	meshes=27
130561.0	DECO	si=571	zone=tunnel	ms=0.40	meshes=27
130727.1	DECO	si=572	zone=tunnel	ms=0.40	meshes=27
130894.0	DECO	si=573	zone=tunnel	ms=0.50	meshes=27
131061.1	DECO	si=574	zone=tunnel	ms=0.40	meshes=27
131227.9	DECO	si=575	zone=tunnel	ms=0.40	meshes=27
131394.2	DECO	si=576	zone=tunnel	ms=0.40	meshes=27
131561.1	DECO	si=577	zone=tunnel	ms=0.40	meshes=27
131727.9	DECO	si=578	zone=tunnel	ms=0.40	meshes=27
131895.4	DECO	si=579	zone=tunnel	ms=0.40	meshes=27
132061.3	DECO	si=580	zone=tunnel	ms=0.40	meshes=27
132229.0	DECO	si=581	zone=tunnel	ms=0.40	meshes=27
132395.8	DECO	si=582	zone=tunnel	ms=0.30	meshes=27
132562.4	DECO	si=583	zone=tunnel	ms=0.40	meshes=27
132729.0	DECO	si=584	zone=tunnel	ms=0.30	meshes=27
132895.7	DECO	si=585	zone=tunnel	ms=0.30	meshes=27
133062.6	DECO	si=586	zone=tunnel	ms=0.50	meshes=27
133229.7	DECO	si=587	zone=tunnel	ms=0.40	meshes=27
133395.9	DECO	si=588	zone=tunnel	ms=0.30	meshes=27
133612.7	DECO	si=589	zone=tunnel	ms=0.40	meshes=27
133779.5	DECO	si=590	zone=tunnel	ms=0.40	meshes=27
133946.3	DECO	si=591	zone=tunnel	ms=0.40	meshes=27
134113.0	DECO	si=592	zone=tunnel	ms=0.50	meshes=27
134280.3	DECO	si=593	zone=tunnel	ms=0.50	meshes=27
134446.9	DECO	si=594	zone=tunnel	ms=0.40	meshes=27
134613.5	DECO	si=595	zone=tunnel	ms=0.40	meshes=27
134780.5	DECO	si=596	zone=tunnel	ms=0.40	meshes=27
134947.2	DECO	si=597	zone=tunnel	ms=0.40	meshes=27
135114.3	DECO	si=598	zone=tunnel	ms=0.50	meshes=27
135281.0	DECO	si=599	zone=tunnel	ms=0.30	meshes=27
135448.0	DECO	si=600	zone=tunnel	ms=0.40	meshes=27
135614.6	DECO	si=601	zone=tunnel	ms=0.40	meshes=27
135781.4	DECO	si=602	zone=tunnel	ms=0.40	meshes=27
135948.4	DECO	si=603	zone=tunnel	ms=0.40	meshes=27
136115.4	DECO	si=604	zone=tunnel	ms=0.40	meshes=27
136282.2	DECO	si=605	zone=tunnel	ms=0.50	meshes=27
136448.5	ZONE_CHANGE	→ mountains	si=681	zoneLeft=29
136449.3	DECO	si=606	zone=tunnel	ms=0.60	meshes=27
136615.5	DECO	si=607	zone=tunnel	ms=0.30	meshes=27
136782.3	DECO	si=608	zone=tunnel	ms=0.40	meshes=27
136949.2	DECO	si=609	zone=tunnel	ms=0.50	meshes=27
137115.3	DECO	si=610	zone=tunnel	ms=0.40	meshes=27
137332.5	DECO	si=611	zone=tunnel	ms=0.50	meshes=27
137516.2	DECO	si=612	zone=tunnel	ms=0.60	meshes=27
137682.9	DECO	si=613	zone=tunnel	ms=0.40	meshes=27
137850.1	DECO	si=614	zone=tunnel	ms=0.40	meshes=27
138016.2	DECO	si=615	zone=tunnel	ms=0.40	meshes=27
138182.8	DECO	si=616	zone=tunnel	ms=0.50	meshes=27
138349.8	DECO	si=617	zone=tunnel	ms=0.40	meshes=27
138516.7	DECO	si=618	zone=tunnel	ms=0.50	meshes=27
138683.4	DECO	si=619	zone=tunnel	ms=0.50	meshes=27
138850.4	DECO	si=620	zone=tunnel	ms=0.40	meshes=27
139017.0	DECO	si=621	zone=tunnel	ms=0.40	meshes=27
141717.8	SHADER_PROG	count=118	was=107	seg=556	zone=tunnel
141853.8	DECO	si=622	zone=tunnel	ms=0.40	meshes=27
142019.5	DECO	si=623	zone=tunnel	ms=0.40	meshes=27
142186.0	DECO	si=624	zone=tunnel	ms=0.40	meshes=27
142353.8	DECO	si=625	zone=tunnel	ms=0.40	meshes=27
142520.6	DECO	si=626	zone=tunnel	ms=0.40	meshes=27
142687.3	DECO	si=627	zone=tunnel	ms=0.50	meshes=27
142853.4	DECO	si=628	zone=tunnel	ms=0.50	meshes=27
143020.9	DECO	si=629	zone=tunnel	ms=0.50	meshes=27
143160.6	SHADER_PROG	count=119	was=118	seg=564	zone=tunnel
143183.6	SHADER_PROG	count=120	was=119	seg=564	zone=tunnel
143204.4	DECO	si=630	zone=tunnel	ms=0.50	meshes=27
143371.1	DECO	si=631	zone=tunnel	ms=0.40	meshes=27
143537.1	DECO	si=632	zone=tunnel	ms=0.40	meshes=27
143704.6	DECO	si=633	zone=tunnel	ms=0.50	meshes=27
143870.8	DECO	si=634	zone=tunnel	ms=0.50	meshes=27
144037.6	DECO	si=635	zone=tunnel	ms=0.40	meshes=27
144038.7	SHADER_PROG	count=119	was=120	seg=570	zone=tunnel
146189.3	SHADER_PROG	count=128	was=119	seg=570	zone=tunnel
146222.3	SHADER_PROG	count=126	was=128	seg=570	zone=tunnel
146340.1	ZONE_CHANGE	→ ether	si=711	zoneLeft=44
146342.4	DECO	si=636	zone=tunnel	ms=2.00	meshes=27
146345.1	SHADER_PROG	count=125	was=126	seg=571	zone=tunnel
146540.9	DECO	si=637	zone=tunnel	ms=1.10	meshes=27
147925.4	DECO	si=638	zone=tunnel	ms=1.00	meshes=27
148092.2	DECO	si=639	zone=tunnel	ms=1.30	meshes=27
148259.6	DECO	si=640	zone=tunnel	ms=1.30	meshes=27
148425.8	DECO	si=641	zone=tunnel	ms=1.20	meshes=27
148593.1	DECO	si=642	zone=tunnel	ms=1.20	meshes=27
148759.2	DECO	si=643	zone=tunnel	ms=0.90	meshes=27
148928.5	DECO	si=644	zone=buildings	ms=3.90	meshes=7
149095.6	DECO	si=645	zone=buildings	ms=4.10	meshes=7
149262.1	DECO	si=646	zone=buildings	ms=3.90	meshes=7
149431.3	DECO	si=647	zone=buildings	ms=5.80	meshes=7
149595.3	DECO	si=648	zone=buildings	ms=3.50	meshes=6
149762.8	DECO	si=649	zone=buildings	ms=3.90	meshes=7
149929.3	DECO	si=650	zone=buildings	ms=3.20	meshes=7
150113.6	DECO	si=651	zone=buildings	ms=4.20	meshes=7
150279.9	DECO	si=652	zone=buildings	ms=3.80	meshes=7
150446.3	DECO	si=653	zone=buildings	ms=3.50	meshes=7
150612.0	DECO	si=654	zone=buildings	ms=2.70	meshes=7
150779.0	DECO	si=655	zone=buildings	ms=2.70	meshes=7
150948.8	DECO	si=656	zone=buildings	ms=5.20	meshes=7
151112.7	DECO	si=657	zone=buildings	ms=2.80	meshes=6
151279.6	DECO	si=658	zone=buildings	ms=3.10	meshes=5
151445.8	DECO	si=659	zone=buildings	ms=2.40	meshes=6
151613.2	DECO	si=660	zone=buildings	ms=3.30	meshes=7
151779.2	DECO	si=661	zone=buildings	ms=2.40	meshes=7
151947.6	DECO	si=662	zone=buildings	ms=3.50	meshes=6
152113.4	DECO	si=663	zone=buildings	ms=3.00	meshes=6
152282.6	DECO	si=664	zone=buildings	ms=4.50	meshes=7
152449.1	DECO	si=665	zone=buildings	ms=4.00	meshes=7
152616.7	DECO	si=666	zone=intersection	ms=5.70	meshes=37
152781.1	DECO	si=667	zone=buildings	ms=3.20	meshes=7
152948.2	DECO	si=668	zone=buildings	ms=3.20	meshes=7
153115.4	DECO	si=669	zone=buildings	ms=3.80	meshes=7
153279.7	DECO	si=670	zone=buildings	ms=1.50	meshes=7
153446.7	DECO	si=671	zone=buildings	ms=1.70	meshes=7
153512.5	SHADER_PROG	count=126	was=125	seg=606	zone=tunnel
153615.7	DECO	si=672	zone=buildings	ms=3.40	meshes=7
153780.9	DECO	si=673	zone=buildings	ms=2.20	meshes=7
153948.8	DECO	si=674	zone=buildings	ms=2.70	meshes=7
154114.8	DECO	si=675	zone=buildings	ms=2.40	meshes=7
154281.1	DECO	si=676	zone=buildings	ms=2.00	meshes=7
154447.1	DECO	si=677	zone=buildings	ms=1.70	meshes=7
154614.6	DECO	si=678	zone=buildings	ms=1.60	meshes=7
154780.5	DECO	si=679	zone=buildings	ms=1.20	meshes=7
154947.0	DECO	si=680	zone=buildings	ms=1.20	meshes=7
155047.4	SHADER_PROG	count=127	was=126	seg=615	zone=tunnel
155112.7	ZONE_CHANGE	→ buildings	si=756	zoneLeft=53
155116.7	DECO	si=681	zone=mountains	ms=3.80	meshes=14
155280.3	DECO	si=682	zone=mountains	ms=0.30	meshes=10
155447.1	DECO	si=683	zone=mountains	ms=0.50	meshes=14
155614.0	DECO	si=684	zone=mountains	ms=0.40	meshes=10
155780.6	DECO	si=685	zone=mountains	ms=0.50	meshes=10
155947.3	DECO	si=686	zone=mountains	ms=0.40	meshes=10
155998.0	SHADER_PROG	count=128	was=127	seg=621	zone=tunnel
156014.5	SHADER_PROG	count=129	was=128	seg=621	zone=tunnel
156114.1	DECO	si=687	zone=mountains	ms=0.50	meshes=14
156281.6	DECO	si=688	zone=mountains	ms=0.70	meshes=18
156447.7	DECO	si=689	zone=mountains	ms=0.60	meshes=18
156614.9	DECO	si=690	zone=mountains	ms=0.40	meshes=10
156781.6	DECO	si=691	zone=mountains	ms=0.50	meshes=14
156948.3	DECO	si=692	zone=mountains	ms=0.60	meshes=18
156966.1	SHADER_PROG	count=127	was=129	seg=627	zone=tunnel
158711.5	SHADER_PROG	count=128	was=127	seg=627	zone=tunnel
158730.2	SHADER_PROG	count=129	was=128	seg=627	zone=tunnel
159668.1	SHADER_PROG	count=127	was=129	seg=627	zone=tunnel
557.0	ZONE_CHANGE	→ trees	si=54	zoneLeft=45
557.0	ZONE_CHANGE	→ trees	si=100	zoneLeft=42
557.0	ZONE_CHANGE	→ buildings	si=143	zoneLeft=50
564.8	DECO	si=0	zone=trees	ms=1.00	meshes=8
565.6	DECO	si=1	zone=trees	ms=0.80	meshes=10
566.4	DECO	si=2	zone=trees	ms=0.80	meshes=12
567.0	DECO	si=3	zone=trees	ms=0.60	meshes=10
567.5	DECO	si=4	zone=trees	ms=0.50	meshes=12
568.0	DECO	si=5	zone=trees	ms=0.50	meshes=11
568.8	DECO	si=6	zone=trees	ms=0.80	meshes=11
569.4	DECO	si=7	zone=trees	ms=0.60	meshes=13
570.0	DECO	si=8	zone=trees	ms=0.60	meshes=14
570.4	DECO	si=9	zone=trees	ms=0.40	meshes=10
570.7	DECO	si=10	zone=trees	ms=0.30	meshes=10
571.2	DECO	si=11	zone=trees	ms=0.50	meshes=11
571.8	DECO	si=12	zone=trees	ms=0.60	meshes=12
572.5	DECO	si=13	zone=trees	ms=0.70	meshes=14
573.1	DECO	si=14	zone=trees	ms=0.60	meshes=12
573.6	DECO	si=15	zone=trees	ms=0.50	meshes=14
574.0	DECO	si=16	zone=trees	ms=0.40	meshes=11
574.6	DECO	si=17	zone=trees	ms=0.60	meshes=10
575.1	DECO	si=18	zone=trees	ms=0.50	meshes=14
575.7	DECO	si=19	zone=trees	ms=0.60	meshes=13
576.1	DECO	si=20	zone=trees	ms=0.40	meshes=12
576.6	DECO	si=21	zone=trees	ms=0.50	meshes=13
577.1	DECO	si=22	zone=trees	ms=0.50	meshes=13
577.5	DECO	si=23	zone=trees	ms=0.40	meshes=12
578.0	DECO	si=24	zone=trees	ms=0.50	meshes=13
578.3	DECO	si=25	zone=trees	ms=0.30	meshes=12
578.8	DECO	si=26	zone=trees	ms=0.50	meshes=13
579.5	DECO	si=27	zone=trees	ms=0.70	meshes=13
579.9	DECO	si=28	zone=trees	ms=0.40	meshes=13
580.5	DECO	si=29	zone=trees	ms=0.60	meshes=14
581.0	DECO	si=30	zone=trees	ms=0.50	meshes=12
581.5	DECO	si=31	zone=trees	ms=0.50	meshes=12
582.0	DECO	si=32	zone=trees	ms=0.50	meshes=13
582.7	DECO	si=33	zone=trees	ms=0.70	meshes=13
583.3	DECO	si=34	zone=trees	ms=0.60	meshes=11
583.7	DECO	si=35	zone=trees	ms=0.40	meshes=14
584.2	DECO	si=36	zone=trees	ms=0.50	meshes=14
584.6	DECO	si=37	zone=trees	ms=0.40	meshes=11
585.1	DECO	si=38	zone=trees	ms=0.50	meshes=11
585.5	DECO	si=39	zone=trees	ms=0.40	meshes=12
586.0	DECO	si=40	zone=trees	ms=0.50	meshes=14
586.5	DECO	si=41	zone=trees	ms=0.40	meshes=12
587.2	DECO	si=42	zone=trees	ms=0.70	meshes=14
587.5	DECO	si=43	zone=trees	ms=0.30	meshes=11
589.7	DECO	si=44	zone=trees	ms=2.20	meshes=15
590.4	DECO	si=45	zone=trees	ms=0.70	meshes=15
591.1	DECO	si=46	zone=trees	ms=0.70	meshes=14
591.5	DECO	si=47	zone=trees	ms=0.40	meshes=12
592.2	DECO	si=48	zone=trees	ms=0.70	meshes=14
592.8	DECO	si=49	zone=trees	ms=0.60	meshes=16
593.2	DECO	si=50	zone=trees	ms=0.40	meshes=13
593.8	DECO	si=51	zone=trees	ms=0.60	meshes=14
594.2	DECO	si=52	zone=trees	ms=0.40	meshes=11
594.8	DECO	si=53	zone=trees	ms=0.60	meshes=15
595.3	DECO	si=54	zone=trees	ms=0.50	meshes=13
595.7	DECO	si=55	zone=trees	ms=0.40	meshes=13
596.3	DECO	si=56	zone=trees	ms=0.60	meshes=15
596.8	DECO	si=57	zone=trees	ms=0.50	meshes=10
597.4	DECO	si=58	zone=trees	ms=0.60	meshes=13
598.0	DECO	si=59	zone=trees	ms=0.60	meshes=13
598.5	DECO	si=60	zone=trees	ms=0.50	meshes=14
599.1	DECO	si=61	zone=trees	ms=0.60	meshes=15
599.6	DECO	si=62	zone=trees	ms=0.50	meshes=14
600.0	DECO	si=63	zone=trees	ms=0.40	meshes=12
600.8	DECO	si=64	zone=trees	ms=0.80	meshes=18
601.2	DECO	si=65	zone=trees	ms=0.40	meshes=14
601.6	DECO	si=66	zone=trees	ms=0.40	meshes=11
602.3	DECO	si=67	zone=trees	ms=0.70	meshes=16
602.7	DECO	si=68	zone=trees	ms=0.40	meshes=13
603.4	DECO	si=69	zone=trees	ms=0.70	meshes=16
603.8	DECO	si=70	zone=trees	ms=0.40	meshes=12
559.7	ZONE_CHANGE	→ buildings	si=54	zoneLeft=27
559.7	ZONE_CHANGE	→ trees	si=82	zoneLeft=51
559.7	ZONE_CHANGE	→ dirt	si=134	zoneLeft=18
559.8	ZONE_CHANGE	→ buildings	si=153	zoneLeft=21
559.8	ZONE_CHANGE	→ ether	si=175	zoneLeft=25
574.7	DECO	si=0	zone=trees	ms=3.40	meshes=11
576.6	DECO	si=1	zone=trees	ms=1.90	meshes=10
578.4	DECO	si=2	zone=trees	ms=1.80	meshes=12
581.3	DECO	si=3	zone=trees	ms=2.80	meshes=11
583.2	DECO	si=4	zone=trees	ms=1.90	meshes=11
584.2	DECO	si=5	zone=trees	ms=1.00	meshes=10
585.3	DECO	si=6	zone=trees	ms=1.10	meshes=10
586.2	DECO	si=7	zone=trees	ms=0.90	meshes=10
588.8	DECO	si=8	zone=trees	ms=2.60	meshes=14
606.9	DECO	si=9	zone=trees	ms=18.10	meshes=12
607.5	DECO	si=10	zone=trees	ms=0.60	meshes=10
608.2	DECO	si=11	zone=trees	ms=0.70	meshes=13
608.7	DECO	si=12	zone=trees	ms=0.50	meshes=14
609.2	DECO	si=13	zone=trees	ms=0.50	meshes=12
609.6	DECO	si=14	zone=trees	ms=0.40	meshes=10
610.1	DECO	si=15	zone=trees	ms=0.50	meshes=10
610.6	DECO	si=16	zone=trees	ms=0.50	meshes=10
610.9	DECO	si=17	zone=trees	ms=0.30	meshes=11
611.4	DECO	si=18	zone=trees	ms=0.50	meshes=12
611.9	DECO	si=19	zone=trees	ms=0.50	meshes=12
612.4	DECO	si=20	zone=trees	ms=0.50	meshes=11
612.8	DECO	si=21	zone=trees	ms=0.40	meshes=12
613.3	DECO	si=22	zone=trees	ms=0.50	meshes=12
613.6	DECO	si=23	zone=trees	ms=0.30	meshes=10
614.5	DECO	si=24	zone=trees	ms=0.90	meshes=10
615.0	DECO	si=25	zone=trees	ms=0.50	meshes=12
615.5	DECO	si=26	zone=trees	ms=0.50	meshes=15
616.2	DECO	si=27	zone=trees	ms=0.70	meshes=12
616.6	DECO	si=28	zone=trees	ms=0.40	meshes=12
617.0	DECO	si=29	zone=trees	ms=0.40	meshes=11
617.5	DECO	si=30	zone=trees	ms=0.50	meshes=15
618.1	DECO	si=31	zone=trees	ms=0.60	meshes=13
618.4	DECO	si=32	zone=trees	ms=0.30	meshes=12
619.7	DECO	si=33	zone=trees	ms=1.30	meshes=12
620.4	DECO	si=34	zone=trees	ms=0.70	meshes=16
620.8	DECO	si=35	zone=trees	ms=0.40	meshes=14
621.6	DECO	si=36	zone=trees	ms=0.70	meshes=14
622.0	DECO	si=37	zone=trees	ms=0.40	meshes=12
622.5	DECO	si=38	zone=trees	ms=0.50	meshes=12
623.0	DECO	si=39	zone=trees	ms=0.50	meshes=13
623.5	DECO	si=40	zone=trees	ms=0.50	meshes=13
623.9	DECO	si=41	zone=trees	ms=0.40	meshes=13
625.3	DECO	si=42	zone=trees	ms=1.40	meshes=14
626.1	DECO	si=43	zone=trees	ms=0.70	meshes=14
626.6	DECO	si=44	zone=trees	ms=0.50	meshes=16
627.1	DECO	si=45	zone=trees	ms=0.50	meshes=15
627.5	DECO	si=46	zone=trees	ms=0.40	meshes=12
628.0	DECO	si=47	zone=trees	ms=0.50	meshes=13
628.7	DECO	si=48	zone=trees	ms=0.70	meshes=14
629.2	DECO	si=49	zone=trees	ms=0.50	meshes=13
629.6	DECO	si=50	zone=trees	ms=0.40	meshes=11
630.2	DECO	si=51	zone=trees	ms=0.60	meshes=12
630.7	DECO	si=52	zone=trees	ms=0.50	meshes=15
631.3	DECO	si=53	zone=trees	ms=0.60	meshes=15
633.8	DECO	si=54	zone=buildings	ms=2.50	meshes=7
636.0	DECO	si=55	zone=buildings	ms=2.20	meshes=7
638.0	DECO	si=56	zone=buildings	ms=2.00	meshes=6
639.9	DECO	si=57	zone=buildings	ms=1.90	meshes=7
642.5	DECO	si=58	zone=buildings	ms=2.60	meshes=7
643.7	DECO	si=59	zone=buildings	ms=1.20	meshes=7
645.0	DECO	si=60	zone=buildings	ms=1.30	meshes=6
646.5	DECO	si=61	zone=buildings	ms=1.50	meshes=7
648.3	DECO	si=62	zone=buildings	ms=1.80	meshes=7
650.2	DECO	si=63	zone=buildings	ms=1.90	meshes=7
651.9	DECO	si=64	zone=buildings	ms=1.70	meshes=7
653.5	DECO	si=65	zone=buildings	ms=1.60	meshes=7
656.3	DECO	si=66	zone=buildings	ms=2.80	meshes=7
657.9	DECO	si=67	zone=buildings	ms=1.60	meshes=6
659.3	DECO	si=68	zone=buildings	ms=1.40	meshes=7
660.7	DECO	si=69	zone=buildings	ms=1.40	meshes=6
661.9	DECO	si=70	zone=buildings	ms=1.20	meshes=6
619.2	ZONE_CHANGE	→ buildings	si=54	zoneLeft=51
619.3	ZONE_CHANGE	→ mountains	si=106	zoneLeft=53
619.3	ZONE_CHANGE	→ ether	si=160	zoneLeft=19
619.3	ZONE_CHANGE	→ tunnel	si=180	zoneLeft=29
631.3	DECO	si=0	zone=trees	ms=2.40	meshes=14
632.5	DECO	si=1	zone=trees	ms=1.20	meshes=11
634.0	DECO	si=2	zone=trees	ms=1.50	meshes=13
634.8	DECO	si=3	zone=trees	ms=0.80	meshes=10
635.8	DECO	si=4	zone=trees	ms=1.00	meshes=13
636.8	DECO	si=5	zone=trees	ms=1.00	meshes=10
638.2	DECO	si=6	zone=trees	ms=1.40	meshes=14
639.2	DECO	si=7	zone=trees	ms=1.00	meshes=11
639.9	DECO	si=8	zone=trees	ms=0.70	meshes=10
640.9	DECO	si=9	zone=trees	ms=1.00	meshes=10
642.0	DECO	si=10	zone=trees	ms=1.10	meshes=12
642.9	DECO	si=11	zone=trees	ms=0.90	meshes=11
644.1	DECO	si=12	zone=trees	ms=1.20	meshes=14
645.1	DECO	si=13	zone=trees	ms=1.00	meshes=11
646.0	DECO	si=14	zone=trees	ms=0.90	meshes=13
646.9	DECO	si=15	zone=trees	ms=0.90	meshes=11
647.8	DECO	si=16	zone=trees	ms=0.90	meshes=12
648.8	DECO	si=17	zone=trees	ms=1.00	meshes=10
650.4	DECO	si=18	zone=trees	ms=1.60	meshes=13
651.2	DECO	si=19	zone=trees	ms=0.80	meshes=11
652.2	DECO	si=20	zone=trees	ms=1.00	meshes=14
653.3	DECO	si=21	zone=trees	ms=1.10	meshes=12
658.6	DECO	si=22	zone=trees	ms=5.30	meshes=12
658.9	DECO	si=23	zone=trees	ms=0.30	meshes=11
659.5	DECO	si=24	zone=trees	ms=0.60	meshes=14
659.9	DECO	si=25	zone=trees	ms=0.40	meshes=10
660.2	DECO	si=26	zone=trees	ms=0.30	meshes=10
660.6	DECO	si=27	zone=trees	ms=0.40	meshes=12
661.1	DECO	si=28	zone=trees	ms=0.50	meshes=13
661.5	DECO	si=29	zone=trees	ms=0.40	meshes=12
662.0	DECO	si=30	zone=trees	ms=0.50	meshes=12
662.6	DECO	si=31	zone=trees	ms=0.60	meshes=13
663.0	DECO	si=32	zone=trees	ms=0.40	meshes=11
663.4	DECO	si=33	zone=trees	ms=0.40	meshes=11
663.9	DECO	si=34	zone=trees	ms=0.50	meshes=13
664.4	DECO	si=35	zone=trees	ms=0.50	meshes=15
665.5	DECO	si=36	zone=trees	ms=1.10	meshes=15
666.0	DECO	si=37	zone=trees	ms=0.50	meshes=12
666.5	DECO	si=38	zone=trees	ms=0.50	meshes=14
667.0	DECO	si=39	zone=trees	ms=0.50	meshes=15
667.3	DECO	si=40	zone=trees	ms=0.30	meshes=10
667.7	DECO	si=41	zone=trees	ms=0.40	meshes=13
668.3	DECO	si=42	zone=trees	ms=0.60	meshes=16
668.7	DECO	si=43	zone=trees	ms=0.40	meshes=13
669.4	DECO	si=44	zone=trees	ms=0.70	meshes=15
670.8	DECO	si=45	zone=trees	ms=1.40	meshes=13
671.2	DECO	si=46	zone=trees	ms=0.40	meshes=14
671.7	DECO	si=47	zone=trees	ms=0.50	meshes=13
672.1	DECO	si=48	zone=trees	ms=0.40	meshes=14
672.7	DECO	si=49	zone=trees	ms=0.60	meshes=14
673.0	DECO	si=50	zone=trees	ms=0.30	meshes=12
673.6	DECO	si=51	zone=trees	ms=0.60	meshes=13
674.0	DECO	si=52	zone=trees	ms=0.40	meshes=14
674.6	DECO	si=53	zone=trees	ms=0.60	meshes=16
679.1	DECO	si=54	zone=buildings	ms=4.50	meshes=7
680.2	DECO	si=55	zone=buildings	ms=1.10	meshes=7
682.5	DECO	si=56	zone=buildings	ms=2.30	meshes=7
683.8	DECO	si=57	zone=buildings	ms=1.30	meshes=7
685.8	DECO	si=58	zone=buildings	ms=2.00	meshes=6
687.0	DECO	si=59	zone=buildings	ms=1.20	meshes=7
688.1	DECO	si=60	zone=buildings	ms=1.10	meshes=6
689.2	DECO	si=61	zone=buildings	ms=1.10	meshes=7
690.5	DECO	si=62	zone=buildings	ms=1.30	meshes=6
691.7	DECO	si=63	zone=buildings	ms=1.20	meshes=7
693.7	DECO	si=64	zone=buildings	ms=2.00	meshes=7
694.9	DECO	si=65	zone=buildings	ms=1.20	meshes=7
696.2	DECO	si=66	zone=buildings	ms=1.30	meshes=7
697.3	DECO	si=67	zone=buildings	ms=1.10	meshes=7
699.0	DECO	si=68	zone=buildings	ms=1.70	meshes=7
700.4	DECO	si=69	zone=buildings	ms=1.40	meshes=7
701.9	DECO	si=70	zone=buildings	ms=1.50	meshes=7
5608.5	SHADER_PROG	count=25	was=0	seg=2	zone=trees
20050.7	SHADER_PROG	count=26	was=25	seg=2	zone=trees
26765.2	DECO	si=71	zone=buildings	ms=2.30	meshes=7
26931.9	DECO	si=72	zone=buildings	ms=1.90	meshes=7
30295.0	DECO	si=73	zone=buildings	ms=1.90	meshes=7
30295.5	SHADER_PROG	count=36	was=26	seg=8	zone=trees
30451.2	DECO	si=74	zone=buildings	ms=1.70	meshes=7
30617.8	DECO	si=75	zone=buildings	ms=1.50	meshes=6
30784.5	DECO	si=76	zone=intersection	ms=1.50	meshes=37
31317.3	SHADER_PROG	count=37	was=36	seg=11	zone=trees
31418.0	DECO	si=77	zone=buildings	ms=1.60	meshes=7
31777.0	SHADER_PROG	count=38	was=37	seg=12	zone=trees
31885.4	DECO	si=78	zone=buildings	ms=1.30	meshes=7
32052.0	DECO	si=79	zone=buildings	ms=1.40	meshes=7
32674.4	SHADER_PROG	count=40	was=38	seg=14	zone=trees
33166.8	SHADER_PROG	count=41	was=40	seg=14	zone=trees
33252.5	DECO	si=80	zone=buildings	ms=1.20	meshes=7
33419.8	DECO	si=81	zone=buildings	ms=1.70	meshes=6
33586.3	DECO	si=82	zone=buildings	ms=1.40	meshes=7
33753.4	DECO	si=83	zone=buildings	ms=1.70	meshes=7
33920.2	DECO	si=84	zone=buildings	ms=1.30	meshes=7
34086.7	DECO	si=85	zone=buildings	ms=1.40	meshes=7
34253.9	DECO	si=86	zone=buildings	ms=1.70	meshes=7
34420.5	DECO	si=87	zone=buildings	ms=1.50	meshes=7
34476.9	SHADER_PROG	count=42	was=41	seg=22	zone=trees
34587.6	DECO	si=88	zone=buildings	ms=1.50	meshes=6
34754.5	DECO	si=89	zone=buildings	ms=1.60	meshes=7
34920.4	DECO	si=90	zone=buildings	ms=1.60	meshes=7
34995.2	SHADER_PROG	count=43	was=42	seg=25	zone=trees
35087.8	DECO	si=91	zone=buildings	ms=1.80	meshes=7
35254.5	DECO	si=92	zone=buildings	ms=1.70	meshes=7
35421.1	DECO	si=93	zone=buildings	ms=1.70	meshes=7
35587.8	DECO	si=94	zone=buildings	ms=1.60	meshes=7
35755.6	DECO	si=95	zone=buildings	ms=1.70	meshes=7
35921.2	DECO	si=96	zone=buildings	ms=1.50	meshes=7
36088.6	DECO	si=97	zone=buildings	ms=1.40	meshes=7
36165.3	SHADER_PROG	count=44	was=43	seg=32	zone=trees
36258.3	DECO	si=98	zone=buildings	ms=1.70	meshes=6
36421.3	DECO	si=99	zone=intersection	ms=1.00	meshes=37
36588.4	DECO	si=100	zone=buildings	ms=1.50	meshes=7
36756.1	DECO	si=101	zone=buildings	ms=1.50	meshes=7
36922.8	DECO	si=102	zone=buildings	ms=1.60	meshes=6
37089.3	DECO	si=103	zone=buildings	ms=1.60	meshes=7
37255.8	DECO	si=104	zone=buildings	ms=1.50	meshes=6
37423.0	DECO	si=105	zone=buildings	ms=1.50	meshes=7
37609.2	DECO	si=106	zone=mountains	ms=6.80	meshes=14
37850.8	SHADER_PROG	count=45	was=44	seg=41	zone=trees
38007.2	DECO	si=107	zone=mountains	ms=0.50	meshes=10
38202.5	DECO	si=108	zone=mountains	ms=1.00	meshes=14
38381.2	DECO	si=109	zone=mountains	ms=0.50	meshes=14
38558.3	DECO	si=110	zone=mountains	ms=0.60	meshes=14
38743.4	DECO	si=111	zone=mountains	ms=0.60	meshes=10
38929.8	DECO	si=112	zone=mountains	ms=0.40	meshes=14
39113.7	DECO	si=113	zone=mountains	ms=0.50	meshes=10
39300.2	DECO	si=114	zone=mountains	ms=0.40	meshes=10
39483.2	DECO	si=115	zone=mountains	ms=0.50	meshes=10
39659.9	DECO	si=116	zone=mountains	ms=0.70	meshes=14
39830.5	DECO	si=117	zone=mountains	ms=0.40	meshes=14
39995.5	DECO	si=118	zone=mountains	ms=0.50	meshes=18
40158.1	DECO	si=119	zone=mountains	ms=0.50	meshes=18
40324.7	DECO	si=120	zone=mountains	ms=0.40	meshes=14
40493.7	DECO	si=121	zone=mountains	ms=0.40	meshes=14
40658.1	DECO	si=122	zone=mountains	ms=0.30	meshes=14
40824.3	DECO	si=123	zone=mountains	ms=0.20	meshes=10
40991.7	DECO	si=124	zone=mountains	ms=0.30	meshes=14
41158.6	DECO	si=125	zone=mountains	ms=0.50	meshes=14
41327.5	DECO	si=126	zone=mountains	ms=2.50	meshes=14
41491.5	DECO	si=127	zone=mountains	ms=0.60	meshes=18
41658.4	DECO	si=128	zone=mountains	ms=0.40	meshes=14
41825.4	DECO	si=129	zone=mountains	ms=0.50	meshes=14
41992.6	DECO	si=130	zone=mountains	ms=0.50	meshes=14
42159.0	DECO	si=131	zone=mountains	ms=0.40	meshes=10
42325.9	DECO	si=132	zone=mountains	ms=0.50	meshes=14
42492.4	DECO	si=133	zone=mountains	ms=0.50	meshes=18
42659.9	DECO	si=134	zone=mountains	ms=0.40	meshes=18
42825.8	ZONE_CHANGE	→ tunnel	si=210	zoneLeft=35
42826.2	DECO	si=135	zone=mountains	ms=0.30	meshes=10
42992.7	DECO	si=136	zone=mountains	ms=0.50	meshes=14
43159.4	DECO	si=137	zone=mountains	ms=0.50	meshes=18
43326.8	DECO	si=138	zone=mountains	ms=0.60	meshes=18
43493.7	DECO	si=139	zone=mountains	ms=0.40	meshes=10
43660.6	DECO	si=140	zone=mountains	ms=0.40	meshes=14
43827.5	DECO	si=141	zone=mountains	ms=0.60	meshes=18
43993.8	DECO	si=142	zone=mountains	ms=0.30	meshes=10
44160.7	DECO	si=143	zone=mountains	ms=0.40	meshes=14
44327.8	DECO	si=144	zone=mountains	ms=0.40	meshes=14
44494.7	DECO	si=145	zone=mountains	ms=0.60	meshes=18
44663.0	DECO	si=146	zone=mountains	ms=2.40	meshes=18
44827.9	DECO	si=147	zone=mountains	ms=0.50	meshes=14
44994.9	DECO	si=148	zone=mountains	ms=0.50	meshes=14
45327.9	DECO	si=149	zone=mountains	ms=0.60	meshes=18
45511.2	DECO	si=150	zone=mountains	ms=0.40	meshes=14
45845.1	DECO	si=151	zone=mountains	ms=0.40	meshes=14
46062.8	DECO	si=152	zone=mountains	ms=0.50	meshes=18
46228.9	DECO	si=153	zone=mountains	ms=0.50	meshes=18
46395.4	DECO	si=154	zone=mountains	ms=0.30	meshes=10
46562.8	DECO	si=155	zone=mountains	ms=0.40	meshes=14
46728.9	DECO	si=156	zone=mountains	ms=0.30	meshes=10
46896.7	DECO	si=157	zone=mountains	ms=0.50	meshes=18
47062.9	DECO	si=158	zone=mountains	ms=0.50	meshes=14
47229.7	DECO	si=159	zone=mountains	ms=0.40	meshes=14
47403.4	DECO	si=160	zone=ether	ms=6.90	meshes=3
53100.7	SHADER_PROG	count=73	was=45	seg=95	zone=buildings
53234.1	DECO	si=161	zone=ether	ms=0.20	meshes=2
53235.3	SHADER_PROG	count=72	was=73	seg=96	zone=buildings
53525.1	SHADER_PROG	count=73	was=72	seg=96	zone=buildings
53534.8	DECO	si=162	zone=ether	ms=0.10	meshes=2
53701.8	DECO	si=163	zone=ether	ms=0.20	meshes=2
53867.6	DECO	si=164	zone=ether	ms=0.10	meshes=2
54034.8	DECO	si=165	zone=ether	ms=0.20	meshes=2
54201.5	DECO	si=166	zone=ether	ms=0.10	meshes=2
54368.3	DECO	si=167	zone=ether	ms=0.10	meshes=2
54535.0	DECO	si=168	zone=ether	ms=0.10	meshes=2
54702.4	DECO	si=169	zone=ether	ms=0.20	meshes=2
54869.1	DECO	si=170	zone=ether	ms=0.10	meshes=2
55035.4	ZONE_CHANGE	→ buildings	si=246	zoneLeft=34
55035.6	DECO	si=171	zone=ether	ms=0.20	meshes=2
55202.1	DECO	si=172	zone=ether	ms=0.20	meshes=2
55369.2	DECO	si=173	zone=ether	ms=0.00	meshes=2
55536.1	DECO	si=174	zone=ether	ms=0.10	meshes=2
55702.7	DECO	si=175	zone=ether	ms=0.10	meshes=2
55869.8	DECO	si=176	zone=ether	ms=0.10	meshes=2
56036.3	DECO	si=177	zone=ether	ms=0.10	meshes=2
56203.3	DECO	si=178	zone=ether	ms=0.10	meshes=2
56370.1	DECO	si=179	zone=ether	ms=0.20	meshes=3
56537.5	DECO	si=180	zone=tunnel	ms=0.70	meshes=27
56704.0	DECO	si=181	zone=tunnel	ms=0.60	meshes=27
56871.0	DECO	si=182	zone=tunnel	ms=0.50	meshes=27
57038.0	DECO	si=183	zone=tunnel	ms=0.80	meshes=27
57061.6	SHADER_PROG	count=74	was=73	seg=118	zone=mountains
57204.6	DECO	si=184	zone=tunnel	ms=0.50	meshes=27
57371.3	DECO	si=185	zone=tunnel	ms=0.50	meshes=27
57538.2	DECO	si=186	zone=tunnel	ms=0.50	meshes=27
57704.9	DECO	si=187	zone=tunnel	ms=0.50	meshes=27
57871.8	DECO	si=188	zone=tunnel	ms=0.50	meshes=27
58038.4	DECO	si=189	zone=tunnel	ms=0.50	meshes=27
58205.3	DECO	si=190	zone=tunnel	ms=0.50	meshes=27
58371.8	DECO	si=191	zone=tunnel	ms=0.50	meshes=27
62272.0	SHADER_PROG	count=86	was=74	seg=126	zone=mountains
62375.3	DECO	si=192	zone=tunnel	ms=0.50	meshes=27
62542.2	DECO	si=193	zone=tunnel	ms=0.50	meshes=27
62709.0	DECO	si=194	zone=tunnel	ms=0.50	meshes=27
62875.8	DECO	si=195	zone=tunnel	ms=0.60	meshes=27
63042.9	DECO	si=196	zone=tunnel	ms=1.00	meshes=27
63044.0	SHADER_PROG	count=84	was=86	seg=131	zone=mountains
63209.3	DECO	si=197	zone=tunnel	ms=0.50	meshes=27
63376.2	DECO	si=198	zone=tunnel	ms=0.70	meshes=27
63542.8	DECO	si=199	zone=tunnel	ms=0.50	meshes=27
63709.7	DECO	si=200	zone=tunnel	ms=0.50	meshes=27
63876.8	DECO	si=201	zone=tunnel	ms=0.70	meshes=27
64043.6	DECO	si=202	zone=tunnel	ms=0.90	meshes=27
64209.9	DECO	si=203	zone=tunnel	ms=0.50	meshes=27
64377.6	DECO	si=204	zone=tunnel	ms=1.30	meshes=27
64546.2	DECO	si=205	zone=tunnel	ms=1.80	meshes=27
64710.5	ZONE_CHANGE	→ trees	si=281	zoneLeft=36
64711.8	DECO	si=206	zone=tunnel	ms=1.20	meshes=27
64879.6	DECO	si=207	zone=tunnel	ms=2.20	meshes=27
65045.9	DECO	si=208	zone=tunnel	ms=1.90	meshes=27
65213.8	DECO	si=209	zone=tunnel	ms=2.40	meshes=27
65378.0	DECO	si=210	zone=tunnel	ms=1.10	meshes=27
65545.8	DECO	si=211	zone=tunnel	ms=1.50	meshes=27
65712.2	DECO	si=212	zone=tunnel	ms=1.30	meshes=27
65880.2	DECO	si=213	zone=tunnel	ms=1.70	meshes=27
66045.8	DECO	si=214	zone=tunnel	ms=1.30	meshes=27
66213.6	DECO	si=215	zone=tunnel	ms=1.80	meshes=27
66379.8	DECO	si=216	zone=tunnel	ms=1.50	meshes=27
66547.1	DECO	si=217	zone=tunnel	ms=1.50	meshes=27
66714.5	DECO	si=218	zone=tunnel	ms=2.60	meshes=27
66882.1	DECO	si=219	zone=tunnel	ms=3.10	meshes=27
67047.7	DECO	si=220	zone=tunnel	ms=2.00	meshes=27
67213.8	DECO	si=221	zone=tunnel	ms=1.50	meshes=27
67380.5	DECO	si=222	zone=tunnel	ms=1.50	meshes=27
67429.7	SHADER_PROG	count=85	was=84	seg=157	zone=mountains
67545.7	DECO	si=223	zone=tunnel	ms=0.50	meshes=27
67712.6	DECO	si=224	zone=tunnel	ms=0.40	meshes=27
67880.1	DECO	si=225	zone=tunnel	ms=0.60	meshes=27
68046.4	DECO	si=226	zone=tunnel	ms=0.60	meshes=27
68213.2	DECO	si=227	zone=tunnel	ms=0.60	meshes=27
68258.5	SHADER_PROG	count=88	was=85	seg=162	zone=ether
68396.5	SHADER_PROG	count=87	was=88	seg=162	zone=ether
68447.0	DECO	si=228	zone=tunnel	ms=0.50	meshes=27
68613.3	DECO	si=229	zone=tunnel	ms=0.60	meshes=27
68780.2	DECO	si=230	zone=tunnel	ms=0.60	meshes=27
68946.5	DECO	si=231	zone=tunnel	ms=0.40	meshes=27
69113.9	DECO	si=232	zone=tunnel	ms=0.40	meshes=27
69280.6	DECO	si=233	zone=tunnel	ms=0.40	meshes=27
69447.5	DECO	si=234	zone=tunnel	ms=0.40	meshes=27
69614.3	DECO	si=235	zone=tunnel	ms=0.50	meshes=27
69781.1	DECO	si=236	zone=tunnel	ms=0.40	meshes=27
69947.8	DECO	si=237	zone=tunnel	ms=0.40	meshes=27
70114.6	DECO	si=238	zone=tunnel	ms=0.50	meshes=27
70239.9	SHADER_PROG	count=88	was=87	seg=173	zone=ether
70281.5	DECO	si=239	zone=tunnel	ms=0.40	meshes=27
70448.6	DECO	si=240	zone=tunnel	ms=0.50	meshes=27
70615.5	DECO	si=241	zone=tunnel	ms=0.50	meshes=27
70781.6	DECO	si=242	zone=tunnel	ms=0.50	meshes=27
70948.7	ZONE_CHANGE	→ buildings	si=318	zoneLeft=19
70949.3	DECO	si=243	zone=tunnel	ms=0.60	meshes=27
71116.1	DECO	si=244	zone=tunnel	ms=0.70	meshes=27
71199.1	SHADER_PROG	count=87	was=88	seg=179	zone=ether
71282.8	DECO	si=245	zone=tunnel	ms=0.60	meshes=27
71450.1	DECO	si=246	zone=buildings	ms=2.00	meshes=5
71617.0	DECO	si=247	zone=buildings	ms=1.50	meshes=7
71783.9	DECO	si=248	zone=buildings	ms=1.60	meshes=7
71950.5	DECO	si=249	zone=buildings	ms=1.20	meshes=7
72118.1	DECO	si=250	zone=buildings	ms=2.40	meshes=7
72284.5	DECO	si=251	zone=buildings	ms=1.80	meshes=7
72451.2	DECO	si=252	zone=buildings	ms=1.50	meshes=7
72618.1	DECO	si=253	zone=buildings	ms=1.60	meshes=7
72618.9	SHADER_PROG	count=86	was=87	seg=188	zone=tunnel
76041.1	SHADER_PROG	count=96	was=86	seg=188	zone=tunnel
76186.9	DECO	si=254	zone=buildings	ms=1.80	meshes=7
76353.6	DECO	si=255	zone=buildings	ms=1.30	meshes=7
76520.8	DECO	si=256	zone=buildings	ms=1.40	meshes=7
76687.4	DECO	si=257	zone=buildings	ms=1.10	meshes=7
79986.7	SHADER_PROG	count=105	was=96	seg=192	zone=tunnel
80871.4	SHADER_PROG	count=107	was=105	seg=192	zone=tunnel
80907.3	SHADER_PROG	count=105	was=107	seg=192	zone=tunnel
81564.6	SHADER_PROG	count=106	was=105	seg=192	zone=tunnel
81909.1	DECO	si=258	zone=buildings	ms=1.60	meshes=7
82242.4	DECO	si=259	zone=buildings	ms=1.50	meshes=7
82409.2	DECO	si=260	zone=buildings	ms=1.40	meshes=7
82575.2	DECO	si=261	zone=buildings	ms=1.40	meshes=7
82742.2	DECO	si=262	zone=buildings	ms=1.50	meshes=7
82907.9	ZONE_CHANGE	→ bridge	si=338	zoneLeft=26
82909.8	DECO	si=263	zone=buildings	ms=1.80	meshes=7
83076.6	DECO	si=264	zone=buildings	ms=1.80	meshes=6
83242.3	DECO	si=265	zone=buildings	ms=1.20	meshes=7
83409.3	DECO	si=266	zone=buildings	ms=1.50	meshes=7
83576.8	DECO	si=267	zone=buildings	ms=2.10	meshes=7
83744.5	DECO	si=268	zone=intersection	ms=2.30	meshes=37
84276.7	SHADER_PROG	count=107	was=106	seg=203	zone=tunnel
84379.2	DECO	si=269	zone=buildings	ms=3.40	meshes=7
84821.9	SHADER_PROG	count=108	was=107	seg=204	zone=tunnel
84844.7	DECO	si=270	zone=buildings	ms=2.30	meshes=6
589.4	ZONE_CHANGE	→ buildings	si=54	zoneLeft=24
589.4	ZONE_CHANGE	→ tunnel	si=79	zoneLeft=43
589.4	ZONE_CHANGE	→ buildings	si=123	zoneLeft=40
589.4	ZONE_CHANGE	→ trees	si=164	zoneLeft=27
622.4	DECO	si=0	zone=trees	ms=1.40	meshes=12
623.0	DECO	si=1	zone=trees	ms=0.60	meshes=10
624.0	DECO	si=2	zone=trees	ms=1.00	meshes=11
624.6	DECO	si=3	zone=trees	ms=0.60	meshes=12
625.2	DECO	si=4	zone=trees	ms=0.60	meshes=12
625.7	DECO	si=5	zone=trees	ms=0.50	meshes=10
626.2	DECO	si=6	zone=trees	ms=0.50	meshes=13
626.8	DECO	si=7	zone=trees	ms=0.60	meshes=12
627.2	DECO	si=8	zone=trees	ms=0.40	meshes=13
627.7	DECO	si=9	zone=trees	ms=0.40	meshes=11
628.1	DECO	si=10	zone=trees	ms=0.40	meshes=10
628.5	DECO	si=11	zone=trees	ms=0.40	meshes=10
628.9	DECO	si=12	zone=trees	ms=0.40	meshes=12
629.4	DECO	si=13	zone=trees	ms=0.50	meshes=11
629.8	DECO	si=14	zone=trees	ms=0.40	meshes=11
630.3	DECO	si=15	zone=trees	ms=0.50	meshes=13
630.7	DECO	si=16	zone=trees	ms=0.40	meshes=11
631.1	DECO	si=17	zone=trees	ms=0.40	meshes=11
631.8	DECO	si=18	zone=trees	ms=0.70	meshes=14
632.9	DECO	si=19	zone=trees	ms=1.10	meshes=12
633.3	DECO	si=20	zone=trees	ms=0.40	meshes=12
633.8	DECO	si=21	zone=trees	ms=0.50	meshes=12
634.3	DECO	si=22	zone=trees	ms=0.50	meshes=13
634.7	DECO	si=23	zone=trees	ms=0.40	meshes=12
635.3	DECO	si=24	zone=trees	ms=0.60	meshes=14
635.6	DECO	si=25	zone=trees	ms=0.30	meshes=12
635.9	DECO	si=26	zone=trees	ms=0.30	meshes=10
636.3	DECO	si=27	zone=trees	ms=0.40	meshes=10
636.7	DECO	si=28	zone=trees	ms=0.40	meshes=12
637.1	DECO	si=29	zone=trees	ms=0.40	meshes=12
637.6	DECO	si=30	zone=trees	ms=0.50	meshes=13
638.1	DECO	si=31	zone=trees	ms=0.50	meshes=13
638.6	DECO	si=32	zone=trees	ms=0.50	meshes=13
639.0	DECO	si=33	zone=trees	ms=0.40	meshes=10
639.5	DECO	si=34	zone=trees	ms=0.50	meshes=13
639.9	DECO	si=35	zone=trees	ms=0.40	meshes=13
640.3	DECO	si=36	zone=trees	ms=0.40	meshes=10
640.8	DECO	si=37	zone=trees	ms=0.50	meshes=15
641.3	DECO	si=38	zone=trees	ms=0.50	meshes=13
641.6	DECO	si=39	zone=trees	ms=0.30	meshes=12
642.1	DECO	si=40	zone=trees	ms=0.50	meshes=14
642.5	DECO	si=41	zone=trees	ms=0.40	meshes=11
642.8	DECO	si=42	zone=trees	ms=0.30	meshes=11
643.2	DECO	si=43	zone=trees	ms=0.40	meshes=11
643.7	DECO	si=44	zone=trees	ms=0.50	meshes=13
644.3	DECO	si=45	zone=trees	ms=0.60	meshes=16
644.6	DECO	si=46	zone=trees	ms=0.30	meshes=11
645.0	DECO	si=47	zone=trees	ms=0.40	meshes=11
645.5	DECO	si=48	zone=trees	ms=0.50	meshes=13
645.9	DECO	si=49	zone=trees	ms=0.40	meshes=14
646.4	DECO	si=50	zone=trees	ms=0.50	meshes=12
646.9	DECO	si=51	zone=trees	ms=0.50	meshes=13
647.4	DECO	si=52	zone=trees	ms=0.50	meshes=14
647.8	DECO	si=53	zone=trees	ms=0.40	meshes=13
650.6	DECO	si=54	zone=buildings	ms=2.80	meshes=7
653.2	DECO	si=55	zone=buildings	ms=2.50	meshes=7
655.8	DECO	si=56	zone=buildings	ms=2.60	meshes=7
657.2	DECO	si=57	zone=buildings	ms=1.40	meshes=7
659.1	DECO	si=58	zone=buildings	ms=1.90	meshes=7
660.8	DECO	si=59	zone=buildings	ms=1.60	meshes=7
662.3	DECO	si=60	zone=buildings	ms=1.50	meshes=7
666.0	DECO	si=61	zone=buildings	ms=3.70	meshes=6
668.2	DECO	si=62	zone=buildings	ms=2.20	meshes=7
669.3	DECO	si=63	zone=buildings	ms=1.10	meshes=5
670.4	DECO	si=64	zone=buildings	ms=1.10	meshes=6
672.0	DECO	si=65	zone=buildings	ms=1.60	meshes=7
673.4	DECO	si=66	zone=buildings	ms=1.40	meshes=7
674.6	DECO	si=67	zone=buildings	ms=1.20	meshes=7
676.4	DECO	si=68	zone=buildings	ms=1.80	meshes=6
678.1	DECO	si=69	zone=buildings	ms=1.70	meshes=7
680.0	DECO	si=70	zone=buildings	ms=1.90	meshes=7
5444.4	SHADER_PROG	count=25	was=0	seg=2	zone=trees
638.5	ZONE_CHANGE	→ bridge	si=54	zoneLeft=15
638.5	ZONE_CHANGE	→ trees	si=70	zoneLeft=51
638.6	ZONE_CHANGE	→ buildings	si=122	zoneLeft=31
638.7	ZONE_CHANGE	→ ether	si=154	zoneLeft=15
638.7	ZONE_CHANGE	→ mountains	si=170	zoneLeft=45
648.7	DECO	si=0	zone=trees	ms=1.50	meshes=12
650.1	DECO	si=1	zone=trees	ms=1.40	meshes=14
651.0	DECO	si=2	zone=trees	ms=0.90	meshes=12
652.0	DECO	si=3	zone=trees	ms=1.00	meshes=11
652.8	DECO	si=4	zone=trees	ms=0.80	meshes=12
653.6	DECO	si=5	zone=trees	ms=0.80	meshes=10
654.7	DECO	si=6	zone=trees	ms=1.10	meshes=14
655.5	DECO	si=7	zone=trees	ms=0.80	meshes=12
656.2	DECO	si=8	zone=trees	ms=0.70	meshes=9
656.9	DECO	si=9	zone=trees	ms=0.70	meshes=12
657.7	DECO	si=10	zone=trees	ms=0.80	meshes=11
658.6	DECO	si=11	zone=trees	ms=0.90	meshes=12
659.3	DECO	si=12	zone=trees	ms=0.70	meshes=10
660.1	DECO	si=13	zone=trees	ms=0.80	meshes=13
660.9	DECO	si=14	zone=trees	ms=0.80	meshes=10
661.8	DECO	si=15	zone=trees	ms=0.90	meshes=14
662.5	DECO	si=16	zone=trees	ms=0.70	meshes=11
663.4	DECO	si=17	zone=trees	ms=0.90	meshes=12
664.2	DECO	si=18	zone=trees	ms=0.80	meshes=14
665.0	DECO	si=19	zone=trees	ms=0.80	meshes=12
665.8	DECO	si=20	zone=trees	ms=0.80	meshes=14
666.6	DECO	si=21	zone=trees	ms=0.80	meshes=12
667.3	DECO	si=22	zone=trees	ms=0.70	meshes=12
667.9	DECO	si=23	zone=trees	ms=0.60	meshes=12
668.7	DECO	si=24	zone=trees	ms=0.80	meshes=12
677.8	DECO	si=25	zone=trees	ms=9.10	meshes=13
678.3	DECO	si=26	zone=trees	ms=0.50	meshes=14
678.7	DECO	si=27	zone=trees	ms=0.40	meshes=10
679.2	DECO	si=28	zone=trees	ms=0.50	meshes=14
679.6	DECO	si=29	zone=trees	ms=0.40	meshes=10
680.1	DECO	si=30	zone=trees	ms=0.50	meshes=15
680.6	DECO	si=31	zone=trees	ms=0.50	meshes=13
681.0	DECO	si=32	zone=trees	ms=0.40	meshes=11
681.4	DECO	si=33	zone=trees	ms=0.40	meshes=11
681.7	DECO	si=34	zone=trees	ms=0.30	meshes=11
682.1	DECO	si=35	zone=trees	ms=0.40	meshes=14
682.5	DECO	si=36	zone=trees	ms=0.40	meshes=12
683.0	DECO	si=37	zone=trees	ms=0.50	meshes=13
683.5	DECO	si=38	zone=trees	ms=0.50	meshes=14
684.0	DECO	si=39	zone=trees	ms=0.50	meshes=13
685.2	DECO	si=40	zone=trees	ms=1.20	meshes=14
685.8	DECO	si=41	zone=trees	ms=0.60	meshes=16
686.2	DECO	si=42	zone=trees	ms=0.40	meshes=14
686.6	DECO	si=43	zone=trees	ms=0.40	meshes=11
687.1	DECO	si=44	zone=trees	ms=0.50	meshes=12
687.6	DECO	si=45	zone=trees	ms=0.50	meshes=14
688.1	DECO	si=46	zone=trees	ms=0.50	meshes=15
688.6	DECO	si=47	zone=trees	ms=0.50	meshes=15
689.1	DECO	si=48	zone=trees	ms=0.50	meshes=14
690.4	DECO	si=49	zone=trees	ms=1.30	meshes=11
691.1	DECO	si=50	zone=trees	ms=0.70	meshes=17
691.6	DECO	si=51	zone=trees	ms=0.50	meshes=13
692.1	DECO	si=52	zone=trees	ms=0.50	meshes=14
692.6	DECO	si=53	zone=trees	ms=0.50	meshes=15
692.9	DECO	si=54	zone=bridge	ms=0.30	meshes=5
693.0	DECO	si=55	zone=bridge	ms=0.10	meshes=4
693.1	DECO	si=56	zone=bridge	ms=0.10	meshes=4
693.1	DECO	si=57	zone=bridge	ms=0.00	meshes=4
693.1	DECO	si=58	zone=bridge	ms=0.00	meshes=4
693.3	DECO	si=59	zone=bridge	ms=0.20	meshes=4
695.8	DECO	si=60	zone=bridge	ms=2.50	meshes=52
695.8	DECO	si=61	zone=bridge	ms=0.00	meshes=4
695.8	DECO	si=62	zone=bridge	ms=0.00	meshes=4
695.9	DECO	si=63	zone=bridge	ms=0.10	meshes=4
695.9	DECO	si=64	zone=bridge	ms=0.00	meshes=4
696.0	DECO	si=65	zone=bridge	ms=0.10	meshes=4
696.1	DECO	si=66	zone=bridge	ms=0.10	meshes=4
696.1	DECO	si=67	zone=bridge	ms=0.00	meshes=4
696.1	DECO	si=68	zone=bridge	ms=0.00	meshes=4
696.8	DECO	si=69	zone=bridge	ms=0.70	meshes=5
697.4	DECO	si=70	zone=trees	ms=0.60	meshes=15
2626.5	SHADER_PROG	count=19	was=0	seg=2	zone=trees
16072.5	DECO	si=71	zone=trees	ms=0.90	meshes=12
16224.4	DECO	si=72	zone=trees	ms=1.30	meshes=15
16372.5	DECO	si=73	zone=trees	ms=0.70	meshes=14
16491.7	SHADER_PROG	count=20	was=19	seg=8	zone=trees
16539.1	DECO	si=74	zone=trees	ms=0.60	meshes=15
16706.4	DECO	si=75	zone=trees	ms=0.80	meshes=14
16872.8	DECO	si=76	zone=trees	ms=0.70	meshes=15
17039.6	DECO	si=77	zone=trees	ms=0.80	meshes=17
17206.4	DECO	si=78	zone=trees	ms=0.80	meshes=18
17373.3	DECO	si=79	zone=trees	ms=0.70	meshes=17
17540.5	DECO	si=80	zone=trees	ms=0.60	meshes=17
17707.5	DECO	si=81	zone=trees	ms=0.70	meshes=15
17873.6	DECO	si=82	zone=trees	ms=0.60	meshes=12
18041.0	DECO	si=83	zone=trees	ms=0.60	meshes=15
18206.9	DECO	si=84	zone=trees	ms=0.60	meshes=15
18373.9	DECO	si=85	zone=trees	ms=0.70	meshes=14
18540.9	DECO	si=86	zone=trees	ms=0.80	meshes=15
18707.5	DECO	si=87	zone=trees	ms=0.70	meshes=17
18874.9	DECO	si=88	zone=trees	ms=0.70	meshes=17
19040.9	DECO	si=89	zone=trees	ms=0.60	meshes=13
19208.2	DECO	si=90	zone=trees	ms=0.60	meshes=12
19375.3	DECO	si=91	zone=trees	ms=0.90	meshes=16
19541.3	DECO	si=92	zone=trees	ms=0.50	meshes=14
19725.2	DECO	si=93	zone=trees	ms=0.80	meshes=16
19891.8	DECO	si=94	zone=trees	ms=0.70	meshes=15
20059.4	DECO	si=95	zone=trees	ms=1.20	meshes=18
20225.7	DECO	si=96	zone=trees	ms=0.70	meshes=14
20392.2	DECO	si=97	zone=trees	ms=0.60	meshes=16
20559.5	DECO	si=98	zone=trees	ms=0.50	meshes=13
20726.1	DECO	si=99	zone=trees	ms=0.70	meshes=15
20893.1	DECO	si=100	zone=trees	ms=1.20	meshes=16
21059.4	DECO	si=101	zone=trees	ms=0.60	meshes=16
21226.1	DECO	si=102	zone=trees	ms=0.50	meshes=13
21393.0	DECO	si=103	zone=trees	ms=0.60	meshes=16
21560.6	DECO	si=104	zone=trees	ms=0.70	meshes=17
21727.0	DECO	si=105	zone=trees	ms=0.50	meshes=16
21893.5	DECO	si=106	zone=trees	ms=0.60	meshes=15
22060.6	DECO	si=107	zone=trees	ms=0.70	meshes=17
22227.2	DECO	si=108	zone=trees	ms=0.70	meshes=17
22394.6	DECO	si=109	zone=trees	ms=0.80	meshes=17
22561.0	DECO	si=110	zone=trees	ms=0.70	meshes=16
22661.3	DECO	si=111	zone=trees	ms=0.60	meshes=17
22761.4	DECO	si=112	zone=trees	ms=0.60	meshes=14
22844.6	DECO	si=113	zone=trees	ms=0.70	meshes=17
22944.3	DECO	si=114	zone=trees	ms=0.80	meshes=15
23027.9	DECO	si=115	zone=trees	ms=0.70	meshes=19
23127.8	DECO	si=116	zone=trees	ms=0.60	meshes=18
23210.9	DECO	si=117	zone=trees	ms=0.50	meshes=15
23316.0	DECO	si=118	zone=trees	ms=2.10	meshes=19
23395.0	DECO	si=119	zone=trees	ms=0.90	meshes=18
23494.6	DECO	si=120	zone=trees	ms=0.50	meshes=17
23595.1	DECO	si=121	zone=trees	ms=0.80	meshes=20
23679.7	DECO	si=122	zone=buildings	ms=2.30	meshes=7
23779.2	DECO	si=123	zone=buildings	ms=1.60	meshes=7
23863.4	DECO	si=124	zone=buildings	ms=2.50	meshes=6
23962.8	DECO	si=125	zone=buildings	ms=1.50	meshes=7
24046.6	DECO	si=126	zone=buildings	ms=2.10	meshes=6
24146.1	DECO	si=127	zone=buildings	ms=1.70	meshes=7
24231.2	DECO	si=128	zone=buildings	ms=2.60	meshes=7
24331.2	DECO	si=129	zone=buildings	ms=1.40	meshes=7
24429.4	DECO	si=130	zone=buildings	ms=1.20	meshes=7
24513.9	DECO	si=131	zone=buildings	ms=1.80	meshes=6
24613.8	DECO	si=132	zone=buildings	ms=1.80	meshes=7
24696.9	DECO	si=133	zone=buildings	ms=1.40	meshes=7
24796.9	DECO	si=134	zone=buildings	ms=1.60	meshes=7
24880.4	DECO	si=135	zone=buildings	ms=1.40	meshes=7
24980.8	DECO	si=136	zone=buildings	ms=1.80	meshes=7
25067.8	DECO	si=137	zone=buildings	ms=1.10	meshes=7
25165.5	DECO	si=138	zone=buildings	ms=2.90	meshes=7
25266.9	DECO	si=139	zone=buildings	ms=1.50	meshes=7
25347.2	DECO	si=140	zone=buildings	ms=1.70	meshes=7
25445.4	ZONE_CHANGE	→ buildings	si=216	zoneLeft=32
25446.9	DECO	si=141	zone=buildings	ms=1.40	meshes=7
25530.6	DECO	si=142	zone=buildings	ms=1.20	meshes=6
25664.2	DECO	si=143	zone=buildings	ms=1.20	meshes=6
25830.6	DECO	si=144	zone=intersection	ms=1.40	meshes=37
25938.9	SHADER_PROG	count=21	was=20	seg=79	zone=trees
26295.4	DECO	si=145	zone=buildings	ms=2.00	meshes=7
26351.8	SHADER_PROG	count=22	was=21	seg=80	zone=trees
26531.2	DECO	si=146	zone=buildings	ms=1.00	meshes=7
26614.8	DECO	si=147	zone=buildings	ms=1.30	meshes=7
26739.8	SHADER_PROG	count=24	was=22	seg=82	zone=trees
27083.4	DECO	si=148	zone=buildings	ms=1.00	meshes=6
27165.7	DECO	si=149	zone=buildings	ms=1.90	meshes=7
27184.6	SHADER_PROG	count=25	was=24	seg=84	zone=trees
27259.0	SHADER_PROG	count=26	was=25	seg=84	zone=trees
27276.5	DECO	si=150	zone=buildings	ms=1.40	meshes=7
27666.2	DECO	si=151	zone=buildings	ms=1.60	meshes=7
27766.5	DECO	si=152	zone=buildings	ms=1.50	meshes=7
27866.4	DECO	si=153	zone=buildings	ms=1.60	meshes=7
27953.4	DECO	si=154	zone=ether	ms=5.70	meshes=3
32372.4	SHADER_PROG	count=53	was=26	seg=89	zone=trees
32479.7	DECO	si=155	zone=ether	ms=0.10	meshes=2
32572.9	DECO	si=156	zone=ether	ms=0.10	meshes=2
32668.9	DECO	si=157	zone=ether	ms=0.10	meshes=2
32752.4	DECO	si=158	zone=ether	ms=0.10	meshes=2
32851.9	DECO	si=159	zone=ether	ms=0.10	meshes=2
32935.4	DECO	si=160	zone=ether	ms=0.10	meshes=2
33035.1	DECO	si=161	zone=ether	ms=0.10	meshes=2
33135.5	DECO	si=162	zone=ether	ms=0.10	meshes=2
33224.8	DECO	si=163	zone=ether	ms=0.20	meshes=2
33323.7	DECO	si=164	zone=ether	ms=0.10	meshes=2
33402.8	DECO	si=165	zone=ether	ms=0.20	meshes=2
33502.5	DECO	si=166	zone=ether	ms=0.10	meshes=2
33586.2	DECO	si=167	zone=ether	ms=0.10	meshes=2
33685.7	DECO	si=168	zone=ether	ms=0.10	meshes=2
33769.9	DECO	si=169	zone=ether	ms=0.20	meshes=3
33788.0	SHADER_PROG	count=54	was=53	seg=104	zone=trees
33876.0	DECO	si=170	zone=mountains	ms=6.70	meshes=14
33970.5	DECO	si=171	zone=mountains	ms=0.80	meshes=18
34053.1	DECO	si=172	zone=mountains	ms=0.50	meshes=10
34078.2	SHADER_PROG	count=55	was=54	seg=107	zone=trees
34260.5	DECO	si=173	zone=mountains	ms=0.50	meshes=14
34337.0	ZONE_CHANGE	→ mountains	si=249	zoneLeft=23
34337.7	DECO	si=174	zone=mountains	ms=0.70	meshes=18
34487.5	DECO	si=175	zone=mountains	ms=0.60	meshes=10
34653.8	DECO	si=176	zone=mountains	ms=0.50	meshes=14
34820.6	DECO	si=177	zone=mountains	ms=0.60	meshes=18
34987.0	DECO	si=178	zone=mountains	ms=0.40	meshes=14
35154.2	DECO	si=179	zone=mountains	ms=0.40	meshes=14
35254.6	SHADER_PROG	count=56	was=55	seg=114	zone=trees
35320.7	DECO	si=180	zone=mountains	ms=0.40	meshes=10
35487.6	DECO	si=181	zone=mountains	ms=0.50	meshes=14
35654.6	DECO	si=182	zone=mountains	ms=0.50	meshes=18
35821.7	DECO	si=183	zone=mountains	ms=0.40	meshes=14
35988.0	DECO	si=184	zone=mountains	ms=0.30	meshes=10
36154.8	DECO	si=185	zone=mountains	ms=0.40	meshes=14
36321.5	DECO	si=186	zone=mountains	ms=0.50	meshes=18
36488.3	DECO	si=187	zone=mountains	ms=0.40	meshes=18
36655.0	DECO	si=188	zone=mountains	ms=0.60	meshes=14
36821.9	DECO	si=189	zone=mountains	ms=0.50	meshes=18
36991.3	DECO	si=190	zone=mountains	ms=2.90	meshes=14
37155.4	DECO	si=191	zone=mountains	ms=0.50	meshes=10
37322.1	DECO	si=192	zone=mountains	ms=0.40	meshes=10
37489.1	DECO	si=193	zone=mountains	ms=0.50	meshes=18
37663.9	DECO	si=194	zone=mountains	ms=0.60	meshes=10
37822.7	DECO	si=195	zone=mountains	ms=0.50	meshes=14
37989.8	DECO	si=196	zone=mountains	ms=0.60	meshes=14
38156.5	DECO	si=197	zone=mountains	ms=0.40	meshes=10
38323.1	ZONE_CHANGE	→ trees	si=273	zoneLeft=23
38323.5	DECO	si=198	zone=mountains	ms=0.40	meshes=14
38489.9	DECO	si=199	zone=mountains	ms=0.40	meshes=10
38657.4	DECO	si=200	zone=mountains	ms=0.40	meshes=10
38823.5	DECO	si=201	zone=mountains	ms=0.50	meshes=14
38990.6	DECO	si=202	zone=mountains	ms=0.50	meshes=14
39157.1	DECO	si=203	zone=mountains	ms=0.40	meshes=14
39323.9	DECO	si=204	zone=mountains	ms=0.20	meshes=10
39490.7	DECO	si=205	zone=mountains	ms=0.60	meshes=14
39657.3	DECO	si=206	zone=mountains	ms=0.40	meshes=10
39824.2	DECO	si=207	zone=mountains	ms=0.40	meshes=10
39991.9	DECO	si=208	zone=mountains	ms=0.60	meshes=18
40157.8	DECO	si=209	zone=mountains	ms=0.50	meshes=14
40327.5	DECO	si=210	zone=mountains	ms=3.10	meshes=18
40491.6	DECO	si=211	zone=mountains	ms=0.50	meshes=18
40658.9	DECO	si=212	zone=mountains	ms=0.30	meshes=10
40825.4	DECO	si=213	zone=mountains	ms=0.30	meshes=10
40992.2	DECO	si=214	zone=mountains	ms=0.40	meshes=14
41158.7	DECO	si=215	zone=mountains	ms=0.50	meshes=10
41327.0	DECO	si=216	zone=buildings	ms=2.00	meshes=7
41493.9	DECO	si=217	zone=buildings	ms=2.00	meshes=7
41663.4	DECO	si=218	zone=buildings	ms=4.10	meshes=7
41828.8	DECO	si=219	zone=buildings	ms=3.00	meshes=7
41995.6	DECO	si=220	zone=buildings	ms=3.00	meshes=7
41997.7	SHADER_PROG	count=55	was=56	seg=155	zone=ether
42162.0	DECO	si=221	zone=buildings	ms=2.50	meshes=7
42195.1	SHADER_PROG	count=58	was=55	seg=156	zone=ether
42392.7	ZONE_CHANGE	→ buildings	si=297	zoneLeft=44
42394.4	DECO	si=222	zone=buildings	ms=1.50	meshes=7
42560.7	DECO	si=223	zone=buildings	ms=1.20	meshes=7
42733.3	DECO	si=224	zone=buildings	ms=6.40	meshes=7
42897.2	DECO	si=225	zone=buildings	ms=3.30	meshes=7
43062.9	DECO	si=226	zone=buildings	ms=2.80	meshes=7
43230.6	DECO	si=227	zone=buildings	ms=3.30	meshes=6
43396.7	DECO	si=228	zone=buildings	ms=3.10	meshes=6
43566.9	DECO	si=229	zone=buildings	ms=5.60	meshes=6
43731.8	DECO	si=230	zone=buildings	ms=4.40	meshes=7
43897.7	DECO	si=231	zone=buildings	ms=3.20	meshes=6
44067.5	DECO	si=232	zone=buildings	ms=6.60	meshes=7
44232.3	DECO	si=233	zone=buildings	ms=3.90	meshes=7
44398.5	DECO	si=234	zone=buildings	ms=4.10	meshes=7
44563.9	DECO	si=235	zone=buildings	ms=2.50	meshes=7
44731.3	DECO	si=236	zone=buildings	ms=3.30	meshes=6
44899.2	DECO	si=237	zone=buildings	ms=4.10	meshes=7
45064.5	DECO	si=238	zone=intersection	ms=2.80	meshes=37
45232.6	DECO	si=239	zone=buildings	ms=3.50	meshes=7
45398.2	DECO	si=240	zone=buildings	ms=3.10	meshes=7
45566.2	DECO	si=241	zone=buildings	ms=3.60	meshes=7
45730.9	DECO	si=242	zone=buildings	ms=2.10	meshes=6
45899.0	DECO	si=243	zone=buildings	ms=3.30	meshes=7
46063.7	DECO	si=244	zone=buildings	ms=1.40	meshes=6
46230.6	DECO	si=245	zone=buildings	ms=1.60	meshes=7
46398.1	DECO	si=246	zone=buildings	ms=1.90	meshes=7
46565.1	DECO	si=247	zone=buildings	ms=2.50	meshes=7
46566.2	SHADER_PROG	count=57	was=58	seg=182	zone=mountains
50900.6	SHADER_PROG	count=73	was=57	seg=182	zone=mountains
52670.0	SHADER_PROG	count=74	was=73	seg=182	zone=mountains
443.1	ZONE_CHANGE	→ ether	si=54	zoneLeft=42
443.1	ZONE_CHANGE	→ ether	si=97	zoneLeft=46
443.1	ZONE_CHANGE	→ buildings	si=144	zoneLeft=45
459.0	DECO	si=0	zone=trees	ms=1.20	meshes=11
459.7	DECO	si=1	zone=trees	ms=0.70	meshes=11
460.5	DECO	si=2	zone=trees	ms=0.80	meshes=12
461.3	DECO	si=3	zone=trees	ms=0.80	meshes=12
461.7	DECO	si=4	zone=trees	ms=0.40	meshes=10
462.2	DECO	si=5	zone=trees	ms=0.50	meshes=12
462.8	DECO	si=6	zone=trees	ms=0.60	meshes=12
463.3	DECO	si=7	zone=trees	ms=0.50	meshes=13
464.0	DECO	si=8	zone=trees	ms=0.70	meshes=13
464.4	DECO	si=9	zone=trees	ms=0.40	meshes=11
465.0	DECO	si=10	zone=trees	ms=0.60	meshes=13
465.3	DECO	si=11	zone=trees	ms=0.30	meshes=10
465.6	DECO	si=12	zone=trees	ms=0.30	meshes=11
466.0	DECO	si=13	zone=trees	ms=0.30	meshes=12
466.6	DECO	si=14	zone=trees	ms=0.60	meshes=13
467.0	DECO	si=15	zone=trees	ms=0.40	meshes=11
467.3	DECO	si=16	zone=trees	ms=0.30	meshes=9
467.8	DECO	si=17	zone=trees	ms=0.50	meshes=11
468.4	DECO	si=18	zone=trees	ms=0.60	meshes=11
468.9	DECO	si=19	zone=trees	ms=0.50	meshes=15
469.4	DECO	si=20	zone=trees	ms=0.50	meshes=11
469.8	DECO	si=21	zone=trees	ms=0.40	meshes=13
470.5	DECO	si=22	zone=trees	ms=0.70	meshes=13
470.9	DECO	si=23	zone=trees	ms=0.40	meshes=13
471.1	DECO	si=24	zone=trees	ms=0.20	meshes=10
471.7	DECO	si=25	zone=trees	ms=0.60	meshes=14
472.0	DECO	si=26	zone=trees	ms=0.30	meshes=10
472.6	DECO	si=27	zone=trees	ms=0.60	meshes=15
473.0	DECO	si=28	zone=trees	ms=0.40	meshes=14
473.5	DECO	si=29	zone=trees	ms=0.50	meshes=11
474.0	DECO	si=30	zone=trees	ms=0.50	meshes=11
474.3	DECO	si=31	zone=trees	ms=0.30	meshes=11
474.8	DECO	si=32	zone=trees	ms=0.50	meshes=12
475.2	DECO	si=33	zone=trees	ms=0.40	meshes=13
475.7	DECO	si=34	zone=trees	ms=0.50	meshes=12
476.0	DECO	si=35	zone=trees	ms=0.30	meshes=12
476.5	DECO	si=36	zone=trees	ms=0.50	meshes=12
477.0	DECO	si=37	zone=trees	ms=0.50	meshes=12
477.3	DECO	si=38	zone=trees	ms=0.30	meshes=13
477.8	DECO	si=39	zone=trees	ms=0.50	meshes=15
478.3	DECO	si=40	zone=trees	ms=0.50	meshes=15
478.8	DECO	si=41	zone=trees	ms=0.50	meshes=14
479.3	DECO	si=42	zone=trees	ms=0.50	meshes=13
479.9	DECO	si=43	zone=trees	ms=0.60	meshes=11
480.4	DECO	si=44	zone=trees	ms=0.50	meshes=14
480.9	DECO	si=45	zone=trees	ms=0.40	meshes=13
481.4	DECO	si=46	zone=trees	ms=0.50	meshes=14
481.9	DECO	si=47	zone=trees	ms=0.50	meshes=11
482.6	DECO	si=48	zone=trees	ms=0.70	meshes=14
483.0	DECO	si=49	zone=trees	ms=0.40	meshes=12
483.4	DECO	si=50	zone=trees	ms=0.40	meshes=12
483.7	DECO	si=51	zone=trees	ms=0.30	meshes=11
484.2	DECO	si=52	zone=trees	ms=0.50	meshes=12
486.3	DECO	si=53	zone=trees	ms=2.10	meshes=13
493.8	DECO	si=54	zone=ether	ms=7.50	meshes=3
494.1	DECO	si=55	zone=ether	ms=0.30	meshes=2
494.2	DECO	si=56	zone=ether	ms=0.10	meshes=2
494.4	DECO	si=57	zone=ether	ms=0.20	meshes=2
494.5	DECO	si=58	zone=ether	ms=0.10	meshes=2
494.6	DECO	si=59	zone=ether	ms=0.10	meshes=2
494.8	DECO	si=60	zone=ether	ms=0.20	meshes=2
495.0	DECO	si=61	zone=ether	ms=0.20	meshes=2
495.1	DECO	si=62	zone=ether	ms=0.10	meshes=2
495.2	DECO	si=63	zone=ether	ms=0.10	meshes=2
495.3	DECO	si=64	zone=ether	ms=0.10	meshes=2
495.4	DECO	si=65	zone=ether	ms=0.10	meshes=2
495.6	DECO	si=66	zone=ether	ms=0.20	meshes=2
495.7	DECO	si=67	zone=ether	ms=0.10	meshes=2
495.8	DECO	si=68	zone=ether	ms=0.10	meshes=2
495.9	DECO	si=69	zone=ether	ms=0.10	meshes=2
496.0	DECO	si=70	zone=ether	ms=0.10	meshes=2
481.2	ZONE_CHANGE	→ dirt	si=54	zoneLeft=28
481.2	ZONE_CHANGE	→ dirt	si=83	zoneLeft=36
481.2	ZONE_CHANGE	→ trees	si=120	zoneLeft=26
481.2	ZONE_CHANGE	→ trees	si=147	zoneLeft=42
501.5	DECO	si=0	zone=trees	ms=2.40	meshes=12
503.4	DECO	si=1	zone=trees	ms=1.90	meshes=12
505.3	DECO	si=2	zone=trees	ms=1.90	meshes=11
506.5	DECO	si=3	zone=trees	ms=1.20	meshes=12
507.6	DECO	si=4	zone=trees	ms=1.10	meshes=12
517.2	DECO	si=5	zone=trees	ms=9.60	meshes=11
517.7	DECO	si=6	zone=trees	ms=0.50	meshes=11
518.3	DECO	si=7	zone=trees	ms=0.60	meshes=12
518.8	DECO	si=8	zone=trees	ms=0.50	meshes=12
519.4	DECO	si=9	zone=trees	ms=0.60	meshes=12
519.8	DECO	si=10	zone=trees	ms=0.40	meshes=11
520.3	DECO	si=11	zone=trees	ms=0.50	meshes=12
520.8	DECO	si=12	zone=trees	ms=0.50	meshes=11
521.3	DECO	si=13	zone=trees	ms=0.50	meshes=12
521.8	DECO	si=14	zone=trees	ms=0.50	meshes=13
522.2	DECO	si=15	zone=trees	ms=0.40	meshes=12
522.9	DECO	si=16	zone=trees	ms=0.70	meshes=12
523.1	DECO	si=17	zone=trees	ms=0.20	meshes=9
523.6	DECO	si=18	zone=trees	ms=0.50	meshes=11
524.0	DECO	si=19	zone=trees	ms=0.40	meshes=10
524.9	DECO	si=20	zone=trees	ms=0.90	meshes=11
525.3	DECO	si=21	zone=trees	ms=0.40	meshes=12
525.8	DECO	si=22	zone=trees	ms=0.50	meshes=12
526.2	DECO	si=23	zone=trees	ms=0.40	meshes=11
526.6	DECO	si=24	zone=trees	ms=0.40	meshes=14
526.9	DECO	si=25	zone=trees	ms=0.30	meshes=10
527.4	DECO	si=26	zone=trees	ms=0.50	meshes=12
527.7	DECO	si=27	zone=trees	ms=0.30	meshes=10
528.2	DECO	si=28	zone=trees	ms=0.50	meshes=13
528.6	DECO	si=29	zone=trees	ms=0.40	meshes=10
529.0	DECO	si=30	zone=trees	ms=0.40	meshes=14
530.3	DECO	si=31	zone=trees	ms=1.30	meshes=11
530.9	DECO	si=32	zone=trees	ms=0.60	meshes=14
531.3	DECO	si=33	zone=trees	ms=0.40	meshes=11
531.9	DECO	si=34	zone=trees	ms=0.60	meshes=16
532.4	DECO	si=35	zone=trees	ms=0.50	meshes=15
533.1	DECO	si=36	zone=trees	ms=0.60	meshes=15
533.5	DECO	si=37	zone=trees	ms=0.40	meshes=11
534.1	DECO	si=38	zone=trees	ms=0.60	meshes=15
534.6	DECO	si=39	zone=trees	ms=0.50	meshes=11
535.2	DECO	si=40	zone=trees	ms=0.60	meshes=14
536.3	DECO	si=41	zone=trees	ms=1.10	meshes=12
536.8	DECO	si=42	zone=trees	ms=0.50	meshes=11
537.2	DECO	si=43	zone=trees	ms=0.40	meshes=12
537.7	DECO	si=44	zone=trees	ms=0.50	meshes=15
538.3	DECO	si=45	zone=trees	ms=0.60	meshes=12
538.9	DECO	si=46	zone=trees	ms=0.60	meshes=15
539.3	DECO	si=47	zone=trees	ms=0.40	meshes=12
540.0	DECO	si=48	zone=trees	ms=0.70	meshes=12
540.4	DECO	si=49	zone=trees	ms=0.40	meshes=13
541.0	DECO	si=50	zone=trees	ms=0.60	meshes=13
541.6	DECO	si=51	zone=trees	ms=0.60	meshes=17
542.1	DECO	si=52	zone=trees	ms=0.50	meshes=14
542.6	DECO	si=53	zone=trees	ms=0.50	meshes=13
542.9	DECO	si=54	zone=dirt	ms=0.30	meshes=8
543.0	DECO	si=55	zone=dirt	ms=0.10	meshes=13
543.2	DECO	si=56	zone=dirt	ms=0.20	meshes=10
543.3	DECO	si=57	zone=dirt	ms=0.10	meshes=13
543.4	DECO	si=58	zone=dirt	ms=0.10	meshes=10
543.6	DECO	si=59	zone=dirt	ms=0.20	meshes=9
543.7	DECO	si=60	zone=dirt	ms=0.10	meshes=10
543.8	DECO	si=61	zone=dirt	ms=0.10	meshes=10
543.9	DECO	si=62	zone=dirt	ms=0.10	meshes=6
543.9	DECO	si=63	zone=dirt	ms=0.00	meshes=8
544.0	DECO	si=64	zone=dirt	ms=0.10	meshes=17
544.1	DECO	si=65	zone=dirt	ms=0.10	meshes=8
544.2	DECO	si=66	zone=dirt	ms=0.10	meshes=7
544.4	DECO	si=67	zone=dirt	ms=0.20	meshes=14
544.4	DECO	si=68	zone=dirt	ms=0.00	meshes=15
544.5	DECO	si=69	zone=dirt	ms=0.10	meshes=8
544.6	DECO	si=70	zone=dirt	ms=0.10	meshes=11
5602.0	SHADER_PROG	count=21	was=0	seg=2	zone=trees
17129.5	DECO	si=71	zone=dirt	ms=0.30	meshes=11
17262.2	DECO	si=72	zone=dirt	ms=0.20	meshes=14
17412.5	DECO	si=73	zone=dirt	ms=0.20	meshes=13
17563.2	DECO	si=74	zone=dirt	ms=0.10	meshes=11
17728.9	DECO	si=75	zone=dirt	ms=0.10	meshes=6
17895.8	DECO	si=76	zone=dirt	ms=0.10	meshes=4
17996.6	SHADER_PROG	count=22	was=21	seg=11	zone=trees
18063.0	DECO	si=77	zone=dirt	ms=0.10	meshes=7
18229.5	DECO	si=78	zone=dirt	ms=0.20	meshes=14
18396.5	DECO	si=79	zone=dirt	ms=0.20	meshes=10
18512.9	DECO	si=80	zone=dirt	ms=0.10	meshes=2
18596.6	DECO	si=81	zone=dirt	ms=0.10	meshes=15
18696.3	DECO	si=82	zone=dirt	ms=0.10	meshes=9
18796.5	DECO	si=83	zone=dirt	ms=0.20	meshes=6
18880.2	DECO	si=84	zone=dirt	ms=0.10	meshes=2
18980.2	DECO	si=85	zone=dirt	ms=0.20	meshes=10
19063.3	DECO	si=86	zone=dirt	ms=0.20	meshes=15
19163.5	DECO	si=87	zone=dirt	ms=0.20	meshes=5
19248.2	DECO	si=88	zone=dirt	ms=0.20	meshes=8
19346.9	DECO	si=89	zone=dirt	ms=0.20	meshes=13
19430.8	DECO	si=90	zone=dirt	ms=0.10	meshes=8
19530.4	DECO	si=91	zone=dirt	ms=0.10	meshes=2
19630.7	DECO	si=92	zone=dirt	ms=0.20	meshes=5
19713.9	DECO	si=93	zone=dirt	ms=0.10	meshes=8
19814.0	DECO	si=94	zone=dirt	ms=0.30	meshes=6
19897.7	DECO	si=95	zone=dirt	ms=0.10	meshes=9
19997.3	DECO	si=96	zone=dirt	ms=0.10	meshes=4
20080.8	DECO	si=97	zone=dirt	ms=0.20	meshes=10
20181.0	DECO	si=98	zone=dirt	ms=0.20	meshes=8
20264.6	DECO	si=99	zone=dirt	ms=0.20	meshes=13
20365.1	DECO	si=100	zone=dirt	ms=0.10	meshes=11
20464.6	DECO	si=101	zone=dirt	ms=0.20	meshes=6
20548.3	DECO	si=102	zone=dirt	ms=0.10	meshes=10
20648.1	DECO	si=103	zone=dirt	ms=0.10	meshes=8
20731.6	DECO	si=104	zone=dirt	ms=0.20	meshes=10
20832.3	DECO	si=105	zone=dirt	ms=0.20	meshes=10
20915.1	DECO	si=106	zone=dirt	ms=0.30	meshes=14
21015.2	DECO	si=107	zone=dirt	ms=0.30	meshes=9
21098.4	DECO	si=108	zone=dirt	ms=0.30	meshes=9
21198.8	DECO	si=109	zone=dirt	ms=0.40	meshes=8
21299.0	DECO	si=110	zone=dirt	ms=0.30	meshes=9
21382.3	DECO	si=111	zone=dirt	ms=0.30	meshes=4
21498.9	DECO	si=112	zone=dirt	ms=0.20	meshes=2
21682.6	DECO	si=113	zone=dirt	ms=0.30	meshes=9
21849.3	DECO	si=114	zone=dirt	ms=0.20	meshes=2
22015.9	ZONE_CHANGE	→ buildings	si=190	zoneLeft=33
22016.2	DECO	si=115	zone=dirt	ms=0.20	meshes=17
22183.3	DECO	si=116	zone=dirt	ms=0.10	meshes=6
22349.7	DECO	si=117	zone=dirt	ms=0.10	meshes=7
22516.8	DECO	si=118	zone=dirt	ms=0.30	meshes=15
22683.6	DECO	si=119	zone=dirt	ms=0.40	meshes=13
22869.0	DECO	si=120	zone=trees	ms=2.30	meshes=19
23051.8	DECO	si=121	zone=trees	ms=1.80	meshes=16
23251.6	DECO	si=122	zone=trees	ms=1.50	meshes=16
23437.5	DECO	si=123	zone=trees	ms=2.90	meshes=16
23618.8	DECO	si=124	zone=trees	ms=1.00	meshes=18
23818.3	DECO	si=125	zone=trees	ms=0.80	meshes=17
24004.0	DECO	si=126	zone=trees	ms=2.30	meshes=16
24185.0	DECO	si=127	zone=trees	ms=0.80	meshes=18
24386.6	DECO	si=128	zone=trees	ms=1.70	meshes=17
24570.3	DECO	si=129	zone=trees	ms=1.60	meshes=15
24755.2	DECO	si=130	zone=trees	ms=3.30	meshes=22
24953.8	DECO	si=131	zone=trees	ms=1.70	meshes=20
25137.7	DECO	si=132	zone=trees	ms=2.50	meshes=19
25335.9	DECO	si=133	zone=trees	ms=0.90	meshes=17
25520.0	DECO	si=134	zone=trees	ms=1.00	meshes=17
25703.6	DECO	si=135	zone=trees	ms=1.50	meshes=19
25903.5	DECO	si=136	zone=trees	ms=1.40	meshes=20
26136.4	DECO	si=137	zone=trees	ms=0.80	meshes=18
26339.7	DECO	si=138	zone=trees	ms=3.10	meshes=19
26537.7	DECO	si=139	zone=trees	ms=1.30	meshes=18
26720.4	DECO	si=140	zone=trees	ms=0.80	meshes=19
26903.8	DECO	si=141	zone=trees	ms=0.80	meshes=20
27104.5	DECO	si=142	zone=trees	ms=1.30	meshes=18
27289.0	DECO	si=143	zone=trees	ms=2.10	meshes=19
27489.7	DECO	si=144	zone=trees	ms=2.00	meshes=16
27672.6	DECO	si=145	zone=trees	ms=1.80	meshes=14
27854.6	DECO	si=146	zone=trees	ms=1.00	meshes=18
28054.8	DECO	si=147	zone=trees	ms=0.70	meshes=20
28238.4	DECO	si=148	zone=trees	ms=0.70	meshes=19
28420.9	ZONE_CHANGE	→ buildings	si=224	zoneLeft=15
28421.7	DECO	si=149	zone=trees	ms=0.80	meshes=18
28622.7	DECO	si=150	zone=trees	ms=1.60	meshes=19
28805.9	DECO	si=151	zone=trees	ms=1.40	meshes=19
28988.8	DECO	si=152	zone=trees	ms=0.80	meshes=18
29189.7	DECO	si=153	zone=trees	ms=1.40	meshes=22
29373.2	DECO	si=154	zone=trees	ms=1.20	meshes=20
29573.0	DECO	si=155	zone=trees	ms=0.60	meshes=15
29756.0	DECO	si=156	zone=trees	ms=0.70	meshes=21
29939.9	DECO	si=157	zone=trees	ms=0.70	meshes=20
30139.8	DECO	si=158	zone=trees	ms=0.80	meshes=20
30323.5	DECO	si=159	zone=trees	ms=0.90	meshes=20
30506.8	DECO	si=160	zone=trees	ms=0.80	meshes=20
30706.8	DECO	si=161	zone=trees	ms=0.90	meshes=18
30890.4	DECO	si=162	zone=trees	ms=1.00	meshes=23
31074.2	DECO	si=163	zone=trees	ms=0.90	meshes=20
31274.6	DECO	si=164	zone=trees	ms=0.80	meshes=20
31456.3	ZONE_CHANGE	→ dirt	si=240	zoneLeft=30
31457.3	DECO	si=165	zone=trees	ms=0.90	meshes=21
31657.6	DECO	si=166	zone=trees	ms=0.90	meshes=19
31841.2	DECO	si=167	zone=trees	ms=0.70	meshes=17
32024.8	DECO	si=168	zone=trees	ms=0.80	meshes=20
32225.0	DECO	si=169	zone=trees	ms=0.70	meshes=18
32409.0	DECO	si=170	zone=trees	ms=0.90	meshes=23
32592.1	DECO	si=171	zone=trees	ms=1.00	meshes=22
32792.6	DECO	si=172	zone=trees	ms=0.80	meshes=18
32976.3	DECO	si=173	zone=trees	ms=0.70	meshes=20
33158.8	DECO	si=174	zone=trees	ms=0.70	meshes=17
33358.8	DECO	si=175	zone=trees	ms=0.60	meshes=16
33542.4	DECO	si=176	zone=trees	ms=0.80	meshes=19
33743.1	DECO	si=177	zone=trees	ms=0.60	meshes=17
33928.4	DECO	si=178	zone=trees	ms=0.80	meshes=18
34109.7	DECO	si=179	zone=trees	ms=1.00	meshes=23
34316.3	DECO	si=180	zone=trees	ms=1.20	meshes=21
34499.2	DECO	si=181	zone=trees	ms=0.70	meshes=17
34685.9	DECO	si=182	zone=trees	ms=1.10	meshes=24
34910.5	DECO	si=183	zone=trees	ms=0.60	meshes=18
35104.5	DECO	si=184	zone=trees	ms=0.90	meshes=19
35296.9	DECO	si=185	zone=trees	ms=0.90	meshes=24
35490.7	DECO	si=186	zone=trees	ms=0.80	meshes=21
35673.6	DECO	si=187	zone=trees	ms=0.90	meshes=21
35866.0	DECO	si=188	zone=trees	ms=1.20	meshes=22
36065.9	DECO	si=189	zone=trees	ms=0.70	meshes=21
36264.5	DECO	si=190	zone=buildings	ms=4.20	meshes=6
39806.9	SHADER_PROG	count=32	was=22	seg=125	zone=trees
39920.7	DECO	si=191	zone=buildings	ms=1.60	meshes=7
40112.6	DECO	si=192	zone=buildings	ms=2.70	meshes=7
40302.2	DECO	si=193	zone=buildings	ms=2.40	meshes=7
40487.3	DECO	si=194	zone=buildings	ms=2.90	meshes=7
40670.7	DECO	si=195	zone=buildings	ms=1.60	meshes=7
40858.9	ZONE_CHANGE	→ bridge	si=271	zoneLeft=27
40860.8	DECO	si=196	zone=buildings	ms=1.80	meshes=7
41044.0	DECO	si=197	zone=buildings	ms=1.30	meshes=7
41232.7	DECO	si=198	zone=buildings	ms=3.00	meshes=6
41424.9	DECO	si=199	zone=buildings	ms=2.00	meshes=6
41616.2	DECO	si=200	zone=buildings	ms=1.80	meshes=7
41821.9	DECO	si=201	zone=buildings	ms=1.90	meshes=7
42016.9	DECO	si=202	zone=buildings	ms=2.10	meshes=7
42219.5	DECO	si=203	zone=buildings	ms=1.50	meshes=6
42433.4	DECO	si=204	zone=buildings	ms=1.80	meshes=7
42627.5	DECO	si=205	zone=buildings	ms=1.40	meshes=5
42820.4	DECO	si=206	zone=buildings	ms=1.70	meshes=7
43014.4	DECO	si=207	zone=buildings	ms=1.60	meshes=7
43211.1	DECO	si=208	zone=buildings	ms=2.70	meshes=7
43413.0	DECO	si=209	zone=buildings	ms=1.80	meshes=7
43622.6	DECO	si=210	zone=buildings	ms=1.70	meshes=7
43622.9	SHADER_PROG	count=33	was=32	seg=145	zone=trees
44504.4	SHADER_PROG	count=34	was=33	seg=145	zone=trees
44616.2	DECO	si=211	zone=buildings	ms=1.70	meshes=7
45022.3	SHADER_PROG	count=35	was=34	seg=146	zone=trees
45136.2	DECO	si=212	zone=intersection	ms=1.80	meshes=37
45321.5	DECO	si=213	zone=buildings	ms=1.90	meshes=6
45959.8	SHADER_PROG	count=36	was=35	seg=148	zone=trees
46604.2	SHADER_PROG	count=38	was=36	seg=148	zone=trees
46645.1	DECO	si=214	zone=buildings	ms=1.50	meshes=7
46839.4	DECO	si=215	zone=buildings	ms=1.40	meshes=7
46998.7	SHADER_PROG	count=39	was=38	seg=150	zone=trees
47041.8	DECO	si=216	zone=buildings	ms=1.90	meshes=7
47304.9	SHADER_PROG	count=40	was=39	seg=151	zone=trees
47332.9	SHADER_PROG	count=41	was=40	seg=151	zone=trees
47935.6	SHADER_PROG	count=45	was=41	seg=151	zone=trees
48260.9	DECO	si=217	zone=buildings	ms=1.90	meshes=7
48409.1	SHADER_PROG	count=46	was=45	seg=152	zone=trees
48469.8	DECO	si=218	zone=buildings	ms=1.30	meshes=7
48671.1	DECO	si=219	zone=buildings	ms=1.70	meshes=7
48873.2	DECO	si=220	zone=buildings	ms=1.10	meshes=7
49078.5	DECO	si=221	zone=buildings	ms=1.90	meshes=7
49099.8	SHADER_PROG	count=45	was=46	seg=156	zone=trees
49285.9	DECO	si=222	zone=buildings	ms=1.30	meshes=6
49510.5	DECO	si=223	zone=buildings	ms=1.50	meshes=7
49726.1	ZONE_CHANGE	→ buildings	si=299	zoneLeft=53
49727.7	DECO	si=224	zone=buildings	ms=1.60	meshes=7
49905.3	DECO	si=225	zone=buildings	ms=1.70	meshes=7
49973.7	SHADER_PROG	count=46	was=45	seg=160	zone=trees
50041.6	DECO	si=226	zone=buildings	ms=1.20	meshes=7
50153.7	DECO	si=227	zone=buildings	ms=1.50	meshes=7
50291.4	DECO	si=228	zone=buildings	ms=1.60	meshes=7
50407.2	DECO	si=229	zone=buildings	ms=1.30	meshes=6
50554.3	DECO	si=230	zone=buildings	ms=1.30	meshes=7
50671.6	DECO	si=231	zone=buildings	ms=1.50	meshes=7
50802.0	DECO	si=232	zone=buildings	ms=1.70	meshes=7
50926.6	DECO	si=233	zone=buildings	ms=1.90	meshes=5
51032.3	DECO	si=234	zone=buildings	ms=1.00	meshes=7
51145.5	DECO	si=235	zone=intersection	ms=1.00	meshes=37
51224.1	DECO	si=236	zone=buildings	ms=1.50	meshes=6
51326.6	DECO	si=237	zone=buildings	ms=1.20	meshes=7
51438.5	DECO	si=238	zone=buildings	ms=1.80	meshes=7
51566.3	DECO	si=239	zone=buildings	ms=1.40	meshes=7
51704.7	DECO	si=240	zone=dirt	ms=0.10	meshes=9
51838.0	DECO	si=241	zone=dirt	ms=0.20	meshes=14
51983.4	DECO	si=242	zone=dirt	ms=0.20	meshes=10
52087.7	DECO	si=243	zone=dirt	ms=0.10	meshes=12
52172.8	DECO	si=244	zone=dirt	ms=0.10	meshes=5
52273.3	DECO	si=245	zone=dirt	ms=0.10	meshes=11
52357.2	DECO	si=246	zone=dirt	ms=0.20	meshes=9
52456.9	DECO	si=247	zone=dirt	ms=0.00	meshes=13
52540.9	DECO	si=248	zone=dirt	ms=0.20	meshes=10
52647.1	DECO	si=249	zone=dirt	ms=0.20	meshes=8
52733.1	DECO	si=250	zone=dirt	ms=0.10	meshes=4
52831.3	DECO	si=251	zone=dirt	ms=0.10	meshes=7
52976.9	DECO	si=252	zone=dirt	ms=0.10	meshes=8
53141.2	DECO	si=253	zone=dirt	ms=0.10	meshes=2
53307.6	DECO	si=254	zone=dirt	ms=0.10	meshes=13
53474.4	DECO	si=255	zone=dirt	ms=0.20	meshes=12
53642.2	DECO	si=256	zone=dirt	ms=0.10	meshes=10
53807.7	DECO	si=257	zone=dirt	ms=0.10	meshes=4
53975.1	DECO	si=258	zone=dirt	ms=0.10	meshes=10
54142.2	DECO	si=259	zone=dirt	ms=0.10	meshes=7
54311.1	DECO	si=260	zone=dirt	ms=0.20	meshes=6
54475.0	DECO	si=261	zone=dirt	ms=0.10	meshes=8
54648.3	DECO	si=262	zone=dirt	ms=0.10	meshes=11
54808.6	DECO	si=263	zone=dirt	ms=0.10	meshes=15
54975.4	DECO	si=264	zone=dirt	ms=0.10	meshes=9
55075.6	DECO	si=265	zone=dirt	ms=0.20	meshes=8
55159.2	DECO	si=266	zone=dirt	ms=0.10	meshes=9
55258.9	DECO	si=267	zone=dirt	ms=0.20	meshes=15
55343.5	DECO	si=268	zone=dirt	ms=0.20	meshes=10
55442.6	DECO	si=269	zone=dirt	ms=0.10	meshes=8
55525.9	DECO	si=270	zone=dirt	ms=0.10	meshes=11
55626.8	DECO	si=271	zone=bridge	ms=0.40	meshes=5
55726.0	DECO	si=272	zone=bridge	ms=0.10	meshes=4
55809.5	DECO	si=273	zone=bridge	ms=0.10	meshes=4
55972.5	SHADER_PROG	count=47	was=46	seg=208	zone=buildings
56042.8	DECO	si=274	zone=bridge	ms=0.10	meshes=4
56126.4	DECO	si=275	zone=bridge	ms=0.10	meshes=4
56229.6	DECO	si=276	zone=bridge	ms=3.00	meshes=52
56310.1	DECO	si=277	zone=bridge	ms=0.00	meshes=4
56409.7	ZONE_CHANGE	→ trees	si=353	zoneLeft=26
56409.8	DECO	si=278	zone=bridge	ms=0.00	meshes=4
56493.2	DECO	si=279	zone=bridge	ms=0.10	meshes=4
56593.6	DECO	si=280	zone=bridge	ms=0.10	meshes=4
56693.9	DECO	si=281	zone=bridge	ms=0.10	meshes=4
56777.0	DECO	si=282	zone=bridge	ms=0.00	meshes=4
56877.7	DECO	si=283	zone=bridge	ms=0.10	meshes=4
56960.8	DECO	si=284	zone=bridge	ms=0.10	meshes=4
57060.8	DECO	si=285	zone=bridge	ms=0.10	meshes=4
57144.1	DECO	si=286	zone=bridge	ms=0.00	meshes=4
57244.0	DECO	si=287	zone=bridge	ms=0.10	meshes=4
57330.4	DECO	si=288	zone=bridge	ms=2.60	meshes=52
57427.7	DECO	si=289	zone=bridge	ms=0.10	meshes=4
57527.7	DECO	si=290	zone=bridge	ms=0.10	meshes=4
57610.9	DECO	si=291	zone=bridge	ms=0.10	meshes=4
57711.3	DECO	si=292	zone=bridge	ms=0.20	meshes=4
57794.2	DECO	si=293	zone=bridge	ms=0.00	meshes=4
57894.8	DECO	si=294	zone=bridge	ms=0.10	meshes=4
57977.8	DECO	si=295	zone=bridge	ms=0.10	meshes=4
58078.4	DECO	si=296	zone=bridge	ms=0.10	meshes=4
58228.1	DECO	si=297	zone=bridge	ms=0.10	meshes=4
58394.7	DECO	si=298	zone=bridge	ms=0.10	meshes=5
58564.0	DECO	si=299	zone=buildings	ms=2.40	meshes=7
58730.6	DECO	si=300	zone=buildings	ms=1.90	meshes=7
58899.0	DECO	si=301	zone=buildings	ms=3.40	meshes=7
59065.7	DECO	si=302	zone=buildings	ms=3.50	meshes=7
59233.3	DECO	si=303	zone=buildings	ms=4.40	meshes=7
59399.4	DECO	si=304	zone=buildings	ms=3.10	meshes=7
59563.0	ZONE_CHANGE	→ buildings	si=380	zoneLeft=23
59564.8	DECO	si=305	zone=buildings	ms=1.70	meshes=7
59747.5	DECO	si=306	zone=buildings	ms=1.00	meshes=7
59931.5	DECO	si=307	zone=buildings	ms=1.70	meshes=7
60134.5	DECO	si=308	zone=buildings	ms=4.40	meshes=7
60319.5	DECO	si=309	zone=buildings	ms=5.60	meshes=7
60502.2	DECO	si=310	zone=buildings	ms=4.80	meshes=7
60700.5	DECO	si=311	zone=buildings	ms=3.70	meshes=7
60852.0	DECO	si=312	zone=buildings	ms=4.10	meshes=7
60914.3	SHADER_PROG	count=48	was=47	seg=247	zone=dirt
60951.0	DECO	si=313	zone=buildings	ms=3.60	meshes=7
61065.3	DECO	si=314	zone=buildings	ms=1.30	meshes=7
61165.9	DECO	si=315	zone=buildings	ms=1.50	meshes=7
61265.7	DECO	si=316	zone=buildings	ms=1.50	meshes=7
61382.3	DECO	si=317	zone=buildings	ms=1.40	meshes=7
61482.0	DECO	si=318	zone=buildings	ms=1.60	meshes=7
61586.6	DECO	si=319	zone=buildings	ms=4.90	meshes=6
61588.6	SHADER_PROG	count=47	was=48	seg=254	zone=dirt
61701.0	DECO	si=320	zone=buildings	ms=3.50	meshes=7
61801.2	DECO	si=321	zone=intersection	ms=3.40	meshes=37
61882.7	SHADER_PROG	count=46	was=47	seg=256	zone=dirt
61900.2	DECO	si=322	zone=buildings	ms=2.20	meshes=7
62017.1	DECO	si=323	zone=buildings	ms=2.70	meshes=7
62119.5	DECO	si=324	zone=buildings	ms=4.10	meshes=7
62218.2	DECO	si=325	zone=buildings	ms=3.00	meshes=6
62319.9	DECO	si=326	zone=buildings	ms=4.30	meshes=7
62434.8	DECO	si=327	zone=buildings	ms=3.20	meshes=7
62533.5	DECO	si=328	zone=buildings	ms=1.70	meshes=7
62631.6	ZONE_CHANGE	→ trees	si=404	zoneLeft=50
62633.0	DECO	si=329	zone=buildings	ms=1.40	meshes=7
62749.6	DECO	si=330	zone=buildings	ms=1.50	meshes=7
62850.3	DECO	si=331	zone=buildings	ms=1.50	meshes=6
62951.1	DECO	si=332	zone=buildings	ms=2.50	meshes=7
63067.4	DECO	si=333	zone=buildings	ms=2.00	meshes=7
63116.5	SHADER_PROG	count=47	was=46	seg=268	zone=dirt
63166.9	DECO	si=334	zone=buildings	ms=1.70	meshes=7
63266.4	DECO	si=335	zone=buildings	ms=1.00	meshes=7
63384.4	DECO	si=336	zone=buildings	ms=1.60	meshes=7
63468.1	DECO	si=337	zone=buildings	ms=2.20	meshes=7
63567.3	DECO	si=338	zone=buildings	ms=1.50	meshes=7
63667.3	DECO	si=339	zone=buildings	ms=1.70	meshes=7
63750.3	DECO	si=340	zone=buildings	ms=1.40	meshes=7
63867.8	DECO	si=341	zone=buildings	ms=1.50	meshes=7
64034.2	DECO	si=342	zone=buildings	ms=1.50	meshes=7
64201.3	DECO	si=343	zone=buildings	ms=1.80	meshes=7
64334.1	DECO	si=344	zone=intersection	ms=1.30	meshes=37
64417.9	DECO	si=345	zone=buildings	ms=1.80	meshes=7
64518.0	DECO	si=346	zone=buildings	ms=1.80	meshes=7
64601.2	DECO	si=347	zone=buildings	ms=1.70	meshes=6
64700.9	DECO	si=348	zone=buildings	ms=1.30	meshes=7
64802.1	DECO	si=349	zone=buildings	ms=1.50	meshes=7
64884.8	DECO	si=350	zone=buildings	ms=1.50	meshes=7
64984.9	DECO	si=351	zone=buildings	ms=1.60	meshes=7
65068.2	DECO	si=352	zone=buildings	ms=1.20	meshes=7
65168.0	DECO	si=353	zone=trees	ms=1.00	meshes=28
65251.5	DECO	si=354	zone=trees	ms=1.50	meshes=31
65351.7	DECO	si=355	zone=trees	ms=1.20	meshes=28
65434.8	DECO	si=356	zone=trees	ms=1.20	meshes=30
65535.7	DECO	si=357	zone=trees	ms=1.30	meshes=28
65635.0	DECO	si=358	zone=trees	ms=1.00	meshes=30
65719.1	DECO	si=359	zone=trees	ms=1.50	meshes=36
65818.9	DECO	si=360	zone=trees	ms=1.20	meshes=31
65902.1	DECO	si=361	zone=trees	ms=0.90	meshes=23
66002.2	DECO	si=362	zone=trees	ms=1.20	meshes=31
66091.1	DECO	si=363	zone=trees	ms=1.10	meshes=28
66187.1	DECO	si=364	zone=trees	ms=1.00	meshes=29
66275.4	DECO	si=365	zone=trees	ms=1.10	meshes=31
66371.5	DECO	si=366	zone=trees	ms=2.70	meshes=30
66469.9	DECO	si=367	zone=trees	ms=1.30	meshes=30
66553.2	DECO	si=368	zone=trees	ms=1.20	meshes=30
66653.2	DECO	si=369	zone=trees	ms=1.20	meshes=33
66736.5	DECO	si=370	zone=trees	ms=1.10	meshes=27
66836.5	DECO	si=371	zone=trees	ms=1.40	meshes=31
66920.3	DECO	si=372	zone=trees	ms=1.40	meshes=30
67021.6	DECO	si=373	zone=trees	ms=1.10	meshes=32
67103.9	DECO	si=374	zone=trees	ms=1.40	meshes=32
67204.9	DECO	si=375	zone=trees	ms=1.10	meshes=31
67304.9	DECO	si=376	zone=trees	ms=1.10	meshes=33
67471.0	DECO	si=377	zone=trees	ms=1.10	meshes=26
67647.2	DECO	si=378	zone=trees	ms=1.30	meshes=30
67835.5	DECO	si=379	zone=trees	ms=1.00	meshes=26
68016.0	ZONE_CHANGE	→ buildings	si=455	zoneLeft=25
68017.9	DECO	si=380	zone=buildings	ms=1.80	meshes=7
68202.8	DECO	si=381	zone=buildings	ms=1.50	meshes=7
68297.2	DECO	si=382	zone=buildings	ms=1.70	meshes=6
68410.5	DECO	si=383	zone=buildings	ms=1.50	meshes=7
68504.1	DECO	si=384	zone=buildings	ms=1.70	meshes=7
68618.5	DECO	si=385	zone=buildings	ms=1.40	meshes=7
68713.0	DECO	si=386	zone=buildings	ms=1.50	meshes=6
68829.2	DECO	si=387	zone=buildings	ms=1.40	meshes=6
68932.4	DECO	si=388	zone=buildings	ms=1.40	meshes=7
69053.3	DECO	si=389	zone=buildings	ms=1.50	meshes=7
69177.0	DECO	si=390	zone=buildings	ms=1.70	meshes=7
69283.7	DECO	si=391	zone=buildings	ms=1.50	meshes=7
69413.4	DECO	si=392	zone=buildings	ms=1.60	meshes=7
69522.2	DECO	si=393	zone=buildings	ms=2.20	meshes=7
69652.4	DECO	si=394	zone=buildings	ms=1.50	meshes=6
69764.3	DECO	si=395	zone=buildings	ms=1.60	meshes=7
69902.5	DECO	si=396	zone=buildings	ms=4.10	meshes=7
70021.3	DECO	si=397	zone=buildings	ms=1.30	meshes=7
70159.0	DECO	si=398	zone=buildings	ms=1.50	meshes=7
70294.2	DECO	si=399	zone=buildings	ms=1.30	meshes=7
70410.5	DECO	si=400	zone=buildings	ms=1.70	meshes=7
70558.7	DECO	si=401	zone=buildings	ms=1.30	meshes=6
70677.6	DECO	si=402	zone=intersection	ms=1.70	meshes=37
70822.1	DECO	si=403	zone=buildings	ms=1.90	meshes=7
70947.3	DECO	si=404	zone=trees	ms=1.70	meshes=37
71096.7	DECO	si=405	zone=trees	ms=1.40	meshes=38
71271.3	ZONE_CHANGE	→ mountains	si=481	zoneLeft=16
71272.8	DECO	si=406	zone=trees	ms=1.50	meshes=37
71523.0	DECO	si=407	zone=trees	ms=1.10	meshes=30
71776.6	DECO	si=408	zone=trees	ms=1.20	meshes=33
72033.1	DECO	si=409	zone=trees	ms=1.10	meshes=31
72295.0	DECO	si=410	zone=trees	ms=1.30	meshes=33
72556.7	DECO	si=411	zone=trees	ms=1.30	meshes=36
72822.4	DECO	si=412	zone=trees	ms=1.20	meshes=30
73084.2	DECO	si=413	zone=trees	ms=1.20	meshes=31
73349.9	DECO	si=414	zone=trees	ms=1.30	meshes=33
73619.5	DECO	si=415	zone=trees	ms=1.40	meshes=32
73893.7	DECO	si=416	zone=trees	ms=1.30	meshes=32
74151.5	DECO	si=417	zone=trees	ms=1.40	meshes=36
74415.6	DECO	si=418	zone=trees	ms=1.20	meshes=36
74676.5	DECO	si=419	zone=trees	ms=1.30	meshes=36
74937.7	DECO	si=420	zone=trees	ms=1.00	meshes=34
75198.2	DECO	si=421	zone=trees	ms=1.10	meshes=31
75450.6	DECO	si=422	zone=trees	ms=1.20	meshes=30
75698.5	ZONE_CHANGE	→ tunnel	si=498	zoneLeft=44
75699.5	DECO	si=423	zone=trees	ms=0.90	meshes=29
75949.6	DECO	si=424	zone=trees	ms=1.50	meshes=36
76191.7	DECO	si=425	zone=trees	ms=1.60	meshes=36
76436.3	DECO	si=426	zone=trees	ms=1.10	meshes=28
76677.8	DECO	si=427	zone=trees	ms=1.20	meshes=34
76910.5	DECO	si=428	zone=trees	ms=1.50	meshes=38
77140.2	DECO	si=429	zone=trees	ms=1.10	meshes=29
77370.8	DECO	si=430	zone=trees	ms=1.60	meshes=39
77597.5	DECO	si=431	zone=trees	ms=1.30	meshes=31
77828.5	DECO	si=432	zone=trees	ms=1.10	meshes=28
78057.9	DECO	si=433	zone=trees	ms=1.40	meshes=38
78284.3	DECO	si=434	zone=trees	ms=1.80	meshes=35
78511.4	DECO	si=435	zone=trees	ms=1.40	meshes=32
78751.1	DECO	si=436	zone=trees	ms=1.40	meshes=37
78979.6	DECO	si=437	zone=trees	ms=1.10	meshes=33
79214.4	DECO	si=438	zone=trees	ms=1.30	meshes=30
79448.2	DECO	si=439	zone=trees	ms=1.30	meshes=31
79685.9	DECO	si=440	zone=trees	ms=1.50	meshes=39
79939.8	DECO	si=441	zone=trees	ms=1.30	meshes=33
80206.3	DECO	si=442	zone=trees	ms=1.50	meshes=33
80462.0	DECO	si=443	zone=trees	ms=1.50	meshes=36
80719.2	DECO	si=444	zone=trees	ms=1.50	meshes=38
80720.2	SHADER_PROG	count=46	was=47	seg=379	zone=trees
80927.1	DECO	si=445	zone=trees	ms=1.50	meshes=38
81060.4	DECO	si=446	zone=trees	ms=1.20	meshes=30
81224.3	DECO	si=447	zone=trees	ms=1.40	meshes=34
81362.0	DECO	si=448	zone=trees	ms=1.10	meshes=32
81532.7	DECO	si=449	zone=trees	ms=1.30	meshes=40
81676.1	DECO	si=450	zone=trees	ms=1.20	meshes=31
81849.7	DECO	si=451	zone=trees	ms=1.40	meshes=41
81997.7	DECO	si=452	zone=trees	ms=1.20	meshes=34
82180.5	DECO	si=453	zone=trees	ms=1.50	meshes=33
82363.1	DECO	si=454	zone=trees	ms=1.60	meshes=41
82514.8	DECO	si=455	zone=buildings	ms=2.20	meshes=7
82695.9	DECO	si=456	zone=buildings	ms=1.50	meshes=7
82849.3	DECO	si=457	zone=buildings	ms=1.30	meshes=7
83036.6	DECO	si=458	zone=buildings	ms=1.40	meshes=7
83193.2	DECO	si=459	zone=buildings	ms=1.90	meshes=6
83377.2	DECO	si=460	zone=buildings	ms=1.30	meshes=7
83538.6	DECO	si=461	zone=buildings	ms=1.40	meshes=7
83725.0	DECO	si=462	zone=buildings	ms=1.30	meshes=6
83913.6	DECO	si=463	zone=buildings	ms=1.50	meshes=7
84221.9	DECO	si=464	zone=buildings	ms=1.30	meshes=7
84525.0	DECO	si=465	zone=buildings	ms=1.20	meshes=7
84710.3	DECO	si=466	zone=buildings	ms=1.30	meshes=6
84895.1	DECO	si=467	zone=buildings	ms=1.40	meshes=7
85076.4	ZONE_CHANGE	→ mountains	si=543	zoneLeft=29
85077.7	DECO	si=468	zone=buildings	ms=1.20	meshes=5
85228.5	DECO	si=469	zone=buildings	ms=1.60	meshes=7
85408.4	DECO	si=470	zone=buildings	ms=1.20	meshes=7
85556.1	DECO	si=471	zone=buildings	ms=1.20	meshes=6
85732.0	DECO	si=472	zone=buildings	ms=1.00	meshes=7
85882.1	DECO	si=473	zone=buildings	ms=1.30	meshes=6
86061.1	DECO	si=474	zone=buildings	ms=1.20	meshes=7
86211.8	DECO	si=475	zone=buildings	ms=1.50	meshes=6
86393.2	DECO	si=476	zone=buildings	ms=1.20	meshes=7
86571.0	DECO	si=477	zone=intersection	ms=1.00	meshes=37
86719.2	DECO	si=478	zone=buildings	ms=1.60	meshes=6
86897.8	DECO	si=479	zone=buildings	ms=1.20	meshes=7
87046.8	DECO	si=480	zone=buildings	ms=1.70	meshes=6
87230.6	DECO	si=481	zone=mountains	ms=7.70	meshes=18
87380.3	DECO	si=482	zone=mountains	ms=0.40	meshes=10
87560.5	DECO	si=483	zone=mountains	ms=0.70	meshes=18
87830.0	DECO	si=484	zone=mountains	ms=0.60	meshes=18
88123.9	DECO	si=485	zone=mountains	ms=0.50	meshes=18
88414.8	DECO	si=486	zone=mountains	ms=0.60	meshes=18
88701.4	DECO	si=487	zone=mountains	ms=0.60	meshes=18
88930.1	DECO	si=488	zone=mountains	ms=0.60	meshes=18
89078.9	DECO	si=489	zone=mountains	ms=0.40	meshes=10
89247.2	DECO	si=490	zone=mountains	ms=0.50	meshes=14
89386.7	DECO	si=491	zone=mountains	ms=0.50	meshes=14
89551.4	DECO	si=492	zone=mountains	ms=0.30	meshes=10
89828.1	SHADER_PROG	count=47	was=46	seg=427	zone=trees
89936.7	DECO	si=493	zone=mountains	ms=0.50	meshes=18
90070.9	DECO	si=494	zone=mountains	ms=0.50	meshes=14
90230.8	DECO	si=495	zone=mountains	ms=0.40	meshes=10
90362.8	DECO	si=496	zone=mountains	ms=0.50	meshes=18
90517.3	DECO	si=497	zone=mountains	ms=0.40	meshes=14
90643.1	ZONE_CHANGE	→ dirt	si=573	zoneLeft=26
90644.0	DECO	si=498	zone=tunnel	ms=0.70	meshes=27
90794.6	DECO	si=499	zone=tunnel	ms=1.50	meshes=27
90917.4	DECO	si=500	zone=tunnel	ms=0.50	meshes=27
91062.6	DECO	si=501	zone=tunnel	ms=0.50	meshes=27
91205.5	DECO	si=502	zone=tunnel	ms=0.50	meshes=27
91322.8	DECO	si=503	zone=tunnel	ms=0.50	meshes=27
91459.7	DECO	si=504	zone=tunnel	ms=0.40	meshes=27
91573.6	DECO	si=505	zone=tunnel	ms=0.40	meshes=27
91703.7	DECO	si=506	zone=tunnel	ms=0.40	meshes=27
91809.1	DECO	si=507	zone=tunnel	ms=0.50	meshes=27
91931.3	DECO	si=508	zone=tunnel	ms=0.40	meshes=27
92031.2	DECO	si=509	zone=tunnel	ms=0.30	meshes=27
92223.7	DECO	si=510	zone=tunnel	ms=0.40	meshes=27
92409.8	DECO	si=511	zone=tunnel	ms=0.40	meshes=27
92586.3	DECO	si=512	zone=tunnel	ms=0.50	meshes=27
92755.4	DECO	si=513	zone=tunnel	ms=0.40	meshes=27
92906.9	DECO	si=514	zone=tunnel	ms=0.40	meshes=27
92992.1	DECO	si=515	zone=tunnel	ms=0.40	meshes=27
93089.7	DECO	si=516	zone=tunnel	ms=0.50	meshes=27
93173.1	DECO	si=517	zone=tunnel	ms=0.40	meshes=27
93273.6	DECO	si=518	zone=tunnel	ms=0.50	meshes=27
93356.9	DECO	si=519	zone=tunnel	ms=0.60	meshes=27
93457.3	DECO	si=520	zone=tunnel	ms=0.40	meshes=27
93558.3	DECO	si=521	zone=tunnel	ms=0.50	meshes=27
93640.9	DECO	si=522	zone=tunnel	ms=0.50	meshes=27
93749.9	DECO	si=523	zone=tunnel	ms=0.50	meshes=27
93830.7	DECO	si=524	zone=tunnel	ms=0.50	meshes=27
93923.8	ZONE_CHANGE	→ buildings	si=600	zoneLeft=37
93924.4	DECO	si=525	zone=tunnel	ms=0.50	meshes=27
94007.3	DECO	si=526	zone=tunnel	ms=0.70	meshes=27
94108.0	DECO	si=527	zone=tunnel	ms=0.60	meshes=27
94191.2	DECO	si=528	zone=tunnel	ms=0.40	meshes=27
94291.1	DECO	si=529	zone=tunnel	ms=0.50	meshes=27
94390.7	DECO	si=530	zone=tunnel	ms=0.40	meshes=27
94474.1	DECO	si=531	zone=tunnel	ms=0.30	meshes=27
94574.5	DECO	si=532	zone=tunnel	ms=0.50	meshes=27
94657.8	DECO	si=533	zone=tunnel	ms=0.50	meshes=27
94757.9	DECO	si=534	zone=tunnel	ms=0.70	meshes=27
94841.2	DECO	si=535	zone=tunnel	ms=0.40	meshes=27
94940.9	DECO	si=536	zone=tunnel	ms=0.40	meshes=27
95024.6	DECO	si=537	zone=tunnel	ms=0.40	meshes=27
95124.8	DECO	si=538	zone=tunnel	ms=0.50	meshes=27
95224.7	DECO	si=539	zone=tunnel	ms=0.40	meshes=27
95307.9	DECO	si=540	zone=tunnel	ms=0.40	meshes=27
95408.1	DECO	si=541	zone=tunnel	ms=0.50	meshes=27
95491.6	DECO	si=542	zone=tunnel	ms=0.60	meshes=27
95593.8	DECO	si=543	zone=mountains	ms=2.50	meshes=14
95675.3	DECO	si=544	zone=mountains	ms=0.30	meshes=10
95775.6	DECO	si=545	zone=mountains	ms=0.50	meshes=14
95858.8	DECO	si=546	zone=mountains	ms=0.50	meshes=18
95959.0	DECO	si=547	zone=mountains	ms=0.30	meshes=10
96058.4	DECO	si=548	zone=mountains	ms=0.20	meshes=10
96142.5	DECO	si=549	zone=mountains	ms=0.90	meshes=18
96243.6	DECO	si=550	zone=mountains	ms=1.20	meshes=10
96325.7	DECO	si=551	zone=mountains	ms=0.60	meshes=14
96426.4	DECO	si=552	zone=mountains	ms=0.60	meshes=18
96509.7	DECO	si=553	zone=mountains	ms=0.60	meshes=14
96609.9	DECO	si=554	zone=mountains	ms=0.90	meshes=18
96694.0	DECO	si=555	zone=mountains	ms=0.90	meshes=10
96793.2	DECO	si=556	zone=mountains	ms=0.80	meshes=10
96893.1	DECO	si=557	zone=mountains	ms=0.80	meshes=14
96976.3	DECO	si=558	zone=mountains	ms=0.50	meshes=10
97076.2	DECO	si=559	zone=mountains	ms=0.40	meshes=18
97159.6	DECO	si=560	zone=mountains	ms=0.40	meshes=14
97259.7	DECO	si=561	zone=mountains	ms=0.30	meshes=10
97343.1	DECO	si=562	zone=mountains	ms=0.40	meshes=18
97442.7	ZONE_CHANGE	→ trees	si=638	zoneLeft=47
97445.1	DECO	si=563	zone=mountains	ms=2.30	meshes=14
97526.7	DECO	si=564	zone=mountains	ms=0.40	meshes=18
97627.3	DECO	si=565	zone=mountains	ms=0.70	meshes=10
97727.5	DECO	si=566	zone=mountains	ms=0.90	meshes=18
97810.7	DECO	si=567	zone=mountains	ms=0.70	meshes=14
97911.3	DECO	si=568	zone=mountains	ms=0.70	meshes=14
97993.7	DECO	si=569	zone=mountains	ms=0.60	meshes=14
98094.8	DECO	si=570	zone=mountains	ms=0.90	meshes=14
98177.1	DECO	si=571	zone=mountains	ms=0.50	meshes=10
98277.7	DECO	si=572	zone=mountains	ms=0.60	meshes=14
98360.6	DECO	si=573	zone=dirt	ms=0.40	meshes=11
98460.6	DECO	si=574	zone=dirt	ms=0.20	meshes=5
98561.1	DECO	si=575	zone=dirt	ms=0.30	meshes=14
98643.6	DECO	si=576	zone=dirt	ms=0.20	meshes=15
98744.4	DECO	si=577	zone=dirt	ms=0.00	meshes=4
98827.9	DECO	si=578	zone=dirt	ms=0.20	meshes=15
98961.1	DECO	si=579	zone=dirt	ms=0.10	meshes=11
99128.1	DECO	si=580	zone=dirt	ms=0.20	meshes=5
99294.9	DECO	si=581	zone=dirt	ms=0.40	meshes=10
99461.7	DECO	si=582	zone=dirt	ms=0.40	meshes=12
99628.9	DECO	si=583	zone=dirt	ms=0.30	meshes=13
99795.5	DECO	si=584	zone=dirt	ms=0.20	meshes=7
99962.4	DECO	si=585	zone=dirt	ms=0.40	meshes=14
100128.9	DECO	si=586	zone=dirt	ms=0.10	meshes=7
100295.6	DECO	si=587	zone=dirt	ms=0.00	meshes=5
100461.6	DECO	si=588	zone=dirt	ms=0.20	meshes=9
100629.3	DECO	si=589	zone=dirt	ms=0.30	meshes=8
100796.5	DECO	si=590	zone=dirt	ms=0.30	meshes=7
100962.9	DECO	si=591	zone=dirt	ms=0.20	meshes=13
101129.6	DECO	si=592	zone=dirt	ms=0.30	meshes=7
101296.7	DECO	si=593	zone=dirt	ms=0.30	meshes=11
101464.1	DECO	si=594	zone=dirt	ms=0.30	meshes=5
101630.2	DECO	si=595	zone=dirt	ms=0.10	meshes=6
101796.7	DECO	si=596	zone=dirt	ms=0.20	meshes=5
101963.4	DECO	si=597	zone=dirt	ms=0.10	meshes=2
102129.8	DECO	si=598	zone=dirt	ms=0.10	meshes=7
102297.6	DECO	si=599	zone=dirt	ms=0.20	meshes=14
102467.6	DECO	si=600	zone=buildings	ms=3.70	meshes=7
102632.8	DECO	si=601	zone=buildings	ms=2.30	meshes=6
102801.9	DECO	si=602	zone=buildings	ms=4.30	meshes=7
102970.3	DECO	si=603	zone=buildings	ms=5.60	meshes=7
103132.4	DECO	si=604	zone=buildings	ms=1.50	meshes=7
103299.3	DECO	si=605	zone=buildings	ms=1.50	meshes=6
103466.4	DECO	si=606	zone=buildings	ms=1.70	meshes=7
103634.7	DECO	si=607	zone=buildings	ms=3.50	meshes=7
103804.8	DECO	si=608	zone=buildings	ms=6.10	meshes=7
103970.3	DECO	si=609	zone=buildings	ms=5.20	meshes=7
104137.2	DECO	si=610	zone=buildings	ms=4.80	meshes=7
104298.3	ZONE_CHANGE	→ dirt	si=686	zoneLeft=49
104302.1	DECO	si=611	zone=buildings	ms=3.60	meshes=6
104469.6	DECO	si=612	zone=buildings	ms=4.20	meshes=6
104634.0	DECO	si=613	zone=buildings	ms=2.00	meshes=7
104800.4	DECO	si=614	zone=buildings	ms=1.60	meshes=7
104967.2	DECO	si=615	zone=buildings	ms=1.50	meshes=7
105139.3	DECO	si=616	zone=buildings	ms=6.70	meshes=7
105302.9	DECO	si=617	zone=buildings	ms=3.50	meshes=7
105470.7	DECO	si=618	zone=buildings	ms=4.40	meshes=6
105635.6	DECO	si=619	zone=buildings	ms=3.00	meshes=7
105802.9	DECO	si=620	zone=buildings	ms=2.90	meshes=6
105969.6	DECO	si=621	zone=buildings	ms=3.00	meshes=7
106134.6	DECO	si=622	zone=intersection	ms=1.30	meshes=37
106303.0	DECO	si=623	zone=buildings	ms=2.70	meshes=7
106468.7	DECO	si=624	zone=buildings	ms=1.60	meshes=7
106636.7	DECO	si=625	zone=buildings	ms=3.30	meshes=7
106804.3	DECO	si=626	zone=buildings	ms=3.40	meshes=7
106970.2	DECO	si=627	zone=buildings	ms=3.00	meshes=7
107086.9	DECO	si=628	zone=buildings	ms=2.80	meshes=7
107171.0	DECO	si=629	zone=buildings	ms=3.00	meshes=7
107270.2	DECO	si=630	zone=buildings	ms=2.40	meshes=7
107369.3	DECO	si=631	zone=buildings	ms=2.10	meshes=7
107453.0	DECO	si=632	zone=buildings	ms=2.30	meshes=7
107553.5	DECO	si=633	zone=buildings	ms=2.40	meshes=7
107635.3	DECO	si=634	zone=buildings	ms=1.10	meshes=7
107735.8	DECO	si=635	zone=buildings	ms=1.50	meshes=7
107819.0	DECO	si=636	zone=buildings	ms=1.40	meshes=7
107919.1	DECO	si=637	zone=buildings	ms=1.40	meshes=6
108003.1	DECO	si=638	zone=trees	ms=1.30	meshes=32
108119.5	DECO	si=639	zone=trees	ms=1.40	meshes=32
108219.7	DECO	si=640	zone=trees	ms=1.70	meshes=35
108319.6	DECO	si=641	zone=trees	ms=1.60	meshes=40
108436.5	DECO	si=642	zone=trees	ms=1.70	meshes=41
108536.5	DECO	si=643	zone=trees	ms=1.20	meshes=30
108637.6	DECO	si=644	zone=trees	ms=1.90	meshes=31
108752.7	DECO	si=645	zone=trees	ms=1.20	meshes=33
108852.9	DECO	si=646	zone=trees	ms=1.20	meshes=31
108953.1	DECO	si=647	zone=trees	ms=1.20	meshes=31
109070.5	DECO	si=648	zone=trees	ms=1.40	meshes=36
109169.9	DECO	si=649	zone=trees	ms=1.20	meshes=28
109270.2	DECO	si=650	zone=trees	ms=1.40	meshes=32
109386.8	DECO	si=651	zone=trees	ms=1.30	meshes=32
109487.1	DECO	si=652	zone=trees	ms=1.50	meshes=38
109587.0	DECO	si=653	zone=trees	ms=1.30	meshes=32
109687.0	DECO	si=654	zone=trees	ms=1.40	meshes=30
109804.4	DECO	si=655	zone=trees	ms=1.50	meshes=39
109903.8	DECO	si=656	zone=trees	ms=1.20	meshes=34
110005.3	DECO	si=657	zone=trees	ms=1.10	meshes=30
110211.2	DECO	si=658	zone=trees	ms=1.30	meshes=30
110401.7	DECO	si=659	zone=trees	ms=1.50	meshes=38
110601.3	DECO	si=660	zone=trees	ms=1.40	meshes=38
110820.1	ZONE_CHANGE	→ trees	si=736	zoneLeft=30
110821.8	DECO	si=661	zone=trees	ms=1.60	meshes=39
111029.8	DECO	si=662	zone=trees	ms=1.20	meshes=33
111247.0	DECO	si=663	zone=trees	ms=1.60	meshes=41
111485.4	DECO	si=664	zone=trees	ms=1.20	meshes=31
111630.5	DECO	si=665	zone=trees	ms=1.30	meshes=35
111759.5	DECO	si=666	zone=trees	ms=1.40	meshes=38
111868.7	DECO	si=667	zone=trees	ms=1.20	meshes=30
111997.3	DECO	si=668	zone=trees	ms=1.40	meshes=40
112100.5	DECO	si=669	zone=trees	ms=1.30	meshes=36
112227.6	DECO	si=670	zone=trees	ms=1.30	meshes=37
112333.7	DECO	si=671	zone=trees	ms=1.30	meshes=33
112461.2	DECO	si=672	zone=trees	ms=1.30	meshes=31
112592.6	DECO	si=673	zone=trees	ms=1.20	meshes=35
112702.7	DECO	si=674	zone=trees	ms=1.20	meshes=31
112833.3	DECO	si=675	zone=trees	ms=1.30	meshes=32
112944.8	DECO	si=676	zone=trees	ms=1.70	meshes=34
113079.3	DECO	si=677	zone=trees	ms=1.20	meshes=31
113195.4	DECO	si=678	zone=trees	ms=1.80	meshes=41
113335.3	DECO	si=679	zone=trees	ms=1.10	meshes=32
113455.5	DECO	si=680	zone=trees	ms=1.20	meshes=35
113599.0	DECO	si=681	zone=trees	ms=1.20	meshes=32
113744.1	DECO	si=682	zone=trees	ms=1.20	meshes=33
113867.3	DECO	si=683	zone=trees	ms=1.40	meshes=34
114017.4	DECO	si=684	zone=trees	ms=1.50	meshes=35
114148.0	DECO	si=685	zone=trees	ms=1.00	meshes=31
114301.8	DECO	si=686	zone=dirt	ms=0.00	meshes=6
114429.8	DECO	si=687	zone=dirt	ms=0.00	meshes=12
114636.5	DECO	si=688	zone=dirt	ms=0.10	meshes=2
114901.4	DECO	si=689	zone=dirt	ms=0.20	meshes=10
115169.7	DECO	si=690	zone=dirt	ms=0.10	meshes=14
115446.1	DECO	si=691	zone=dirt	ms=0.10	meshes=7
115726.0	ZONE_CHANGE	→ buildings	si=767	zoneLeft=30
115726.2	DECO	si=692	zone=dirt	ms=0.00	meshes=8
116008.9	DECO	si=693	zone=dirt	ms=0.10	meshes=13
116288.7	DECO	si=694	zone=dirt	ms=0.20	meshes=12
116568.4	DECO	si=695	zone=dirt	ms=0.20	meshes=4
116851.4	DECO	si=696	zone=dirt	ms=0.00	meshes=9
117133.7	DECO	si=697	zone=dirt	ms=0.10	meshes=8
117419.2	DECO	si=698	zone=dirt	ms=0.20	meshes=10
117707.2	DECO	si=699	zone=dirt	ms=0.10	meshes=12
117994.7	DECO	si=700	zone=dirt	ms=0.10	meshes=10
118279.1	DECO	si=701	zone=dirt	ms=0.10	meshes=9
118562.3	DECO	si=702	zone=dirt	ms=0.10	meshes=6
118842.7	DECO	si=703	zone=dirt	ms=0.10	meshes=7
119122.3	DECO	si=704	zone=dirt	ms=0.10	meshes=11
119400.1	DECO	si=705	zone=dirt	ms=0.00	meshes=7
119676.4	DECO	si=706	zone=dirt	ms=0.10	meshes=6
119948.5	DECO	si=707	zone=dirt	ms=0.10	meshes=12
120220.2	DECO	si=708	zone=dirt	ms=0.00	meshes=2
120491.5	DECO	si=709	zone=dirt	ms=0.00	meshes=2
120764.9	DECO	si=710	zone=dirt	ms=0.00	meshes=15
121038.6	DECO	si=711	zone=dirt	ms=0.20	meshes=10
121313.0	DECO	si=712	zone=dirt	ms=0.10	meshes=5
121584.2	DECO	si=713	zone=dirt	ms=0.00	meshes=2
121851.5	DECO	si=714	zone=dirt	ms=0.10	meshes=4
122112.1	DECO	si=715	zone=dirt	ms=0.10	meshes=6
122369.4	DECO	si=716	zone=dirt	ms=0.10	meshes=12
122622.0	DECO	si=717	zone=dirt	ms=0.00	meshes=12
122870.7	DECO	si=718	zone=dirt	ms=0.20	meshes=15
123113.1	DECO	si=719	zone=dirt	ms=0.10	meshes=11
123347.6	DECO	si=720	zone=dirt	ms=0.20	meshes=9
123574.8	DECO	si=721	zone=dirt	ms=0.10	meshes=7
123796.7	DECO	si=722	zone=dirt	ms=0.10	meshes=7
124012.4	ZONE_CHANGE	→ buildings	si=798	zoneLeft=53
124012.6	DECO	si=723	zone=dirt	ms=0.10	meshes=10
124225.5	DECO	si=724	zone=dirt	ms=0.10	meshes=6
124431.4	DECO	si=725	zone=dirt	ms=0.10	meshes=7
124639.9	DECO	si=726	zone=dirt	ms=0.20	meshes=15
124834.6	DECO	si=727	zone=dirt	ms=0.20	meshes=16
125021.1	DECO	si=728	zone=dirt	ms=0.10	meshes=6
125201.3	DECO	si=729	zone=dirt	ms=0.20	meshes=8
125377.5	DECO	si=730	zone=dirt	ms=0.10	meshes=6
125546.1	DECO	si=731	zone=dirt	ms=0.00	meshes=11
125709.2	DECO	si=732	zone=dirt	ms=0.10	meshes=10
125872.9	DECO	si=733	zone=dirt	ms=0.10	meshes=8
126039.4	DECO	si=734	zone=dirt	ms=0.00	meshes=2
126199.4	DECO	si=735	zone=dirt	ms=0.10	meshes=8
126370.1	DECO	si=736	zone=trees	ms=1.10	meshes=34
126533.7	DECO	si=737	zone=trees	ms=1.30	meshes=30
126700.9	DECO	si=738	zone=trees	ms=1.40	meshes=33
126868.1	DECO	si=739	zone=trees	ms=1.30	meshes=29
127034.1	DECO	si=740	zone=trees	ms=1.10	meshes=31
127200.8	DECO	si=741	zone=trees	ms=1.20	meshes=34
127367.6	DECO	si=742	zone=trees	ms=1.20	meshes=28
127535.5	DECO	si=743	zone=trees	ms=2.10	meshes=27
127701.9	DECO	si=744	zone=trees	ms=1.50	meshes=38
127869.4	DECO	si=745	zone=trees	ms=1.70	meshes=35
128035.6	DECO	si=746	zone=trees	ms=1.30	meshes=32
128201.7	DECO	si=747	zone=trees	ms=1.20	meshes=34
128368.8	DECO	si=748	zone=trees	ms=1.30	meshes=31
128535.4	DECO	si=749	zone=trees	ms=1.20	meshes=31
128702.5	DECO	si=750	zone=trees	ms=1.60	meshes=38
128869.2	DECO	si=751	zone=trees	ms=1.20	meshes=31
129052.8	DECO	si=752	zone=trees	ms=1.30	meshes=31
129238.3	DECO	si=753	zone=trees	ms=3.40	meshes=27
129436.6	DECO	si=754	zone=trees	ms=1.70	meshes=39
129620.0	DECO	si=755	zone=trees	ms=1.50	meshes=35
129803.6	DECO	si=756	zone=trees	ms=1.30	meshes=32
130006.3	DECO	si=757	zone=trees	ms=3.60	meshes=29
130187.1	DECO	si=758	zone=trees	ms=1.50	meshes=34
130387.4	DECO	si=759	zone=trees	ms=1.70	meshes=39
130570.4	DECO	si=760	zone=trees	ms=1.20	meshes=32
130753.8	DECO	si=761	zone=trees	ms=1.30	meshes=31
130954.1	DECO	si=762	zone=trees	ms=1.50	meshes=36
131104.3	DECO	si=763	zone=trees	ms=1.50	meshes=38
131220.9	DECO	si=764	zone=trees	ms=1.30	meshes=32
131321.0	DECO	si=765	zone=trees	ms=1.50	meshes=35
131421.3	DECO	si=766	zone=trees	ms=1.50	meshes=36
131539.5	DECO	si=767	zone=buildings	ms=2.90	meshes=7
131638.7	DECO	si=768	zone=buildings	ms=1.60	meshes=7
131738.4	DECO	si=769	zone=buildings	ms=1.70	meshes=7
131855.3	DECO	si=770	zone=buildings	ms=1.40	meshes=7
131954.8	DECO	si=771	zone=buildings	ms=1.40	meshes=7
132055.6	DECO	si=772	zone=buildings	ms=2.00	meshes=6
132172.0	DECO	si=773	zone=buildings	ms=1.50	meshes=7
132271.7	DECO	si=774	zone=buildings	ms=1.20	meshes=7
132372.2	DECO	si=775	zone=buildings	ms=1.40	meshes=7
132472.7	DECO	si=776	zone=buildings	ms=1.30	meshes=7
132587.8	ZONE_CHANGE	→ buildings	si=852	zoneLeft=47
132589.8	DECO	si=777	zone=buildings	ms=1.90	meshes=7
132689.3	DECO	si=778	zone=buildings	ms=1.60	meshes=7
132789.7	DECO	si=779	zone=buildings	ms=1.40	meshes=7
132906.1	DECO	si=780	zone=buildings	ms=1.30	meshes=7
133006.2	DECO	si=781	zone=buildings	ms=1.10	meshes=7
133111.8	DECO	si=782	zone=buildings	ms=1.10	meshes=7
133236.3	DECO	si=783	zone=buildings	ms=1.20	meshes=7
133350.1	DECO	si=784	zone=buildings	ms=1.30	meshes=7
133468.6	DECO	si=785	zone=buildings	ms=1.40	meshes=7
133605.3	DECO	si=786	zone=buildings	ms=1.00	meshes=7
133729.6	DECO	si=787	zone=buildings	ms=1.30	meshes=7
133852.6	DECO	si=788	zone=buildings	ms=1.10	meshes=7
133998.3	DECO	si=789	zone=intersection	ms=0.80	meshes=37
134151.9	DECO	si=790	zone=buildings	ms=1.20	meshes=6
134405.5	DECO	si=791	zone=buildings	ms=1.30	meshes=7
134682.6	DECO	si=792	zone=buildings	ms=1.20	meshes=7
134942.5	DECO	si=793	zone=buildings	ms=0.90	meshes=7
135212.5	DECO	si=794	zone=buildings	ms=1.20	meshes=7
135508.0	DECO	si=795	zone=buildings	ms=1.40	meshes=7
135777.8	DECO	si=796	zone=buildings	ms=1.40	meshes=6
136071.7	DECO	si=797	zone=buildings	ms=1.30	meshes=6
136342.4	DECO	si=798	zone=buildings	ms=1.10	meshes=7
136611.5	DECO	si=799	zone=buildings	ms=0.90	meshes=7
136898.1	DECO	si=800	zone=buildings	ms=1.30	meshes=7
137161.9	DECO	si=801	zone=buildings	ms=1.00	meshes=7
138124.7	DECO	si=802	zone=buildings	ms=1.20	meshes=7
138366.2	DECO	si=803	zone=buildings	ms=1.10	meshes=7
138604.0	DECO	si=804	zone=buildings	ms=1.90	meshes=7
138861.0	DECO	si=805	zone=buildings	ms=1.10	meshes=7
139160.6	DECO	si=806	zone=buildings	ms=1.10	meshes=7
139542.4	DECO	si=807	zone=buildings	ms=1.00	meshes=7
139840.4	DECO	si=808	zone=buildings	ms=1.20	meshes=7
140071.3	DECO	si=809	zone=buildings	ms=1.20	meshes=6
140306.7	DECO	si=810	zone=buildings	ms=2.00	meshes=7
140535.0	DECO	si=811	zone=buildings	ms=1.30	meshes=7
140755.2	DECO	si=812	zone=intersection	ms=0.90	meshes=37
140980.0	DECO	si=813	zone=buildings	ms=1.40	meshes=6
141205.0	DECO	si=814	zone=buildings	ms=1.20	meshes=7
141429.7	DECO	si=815	zone=buildings	ms=1.20	meshes=6
141650.3	DECO	si=816	zone=buildings	ms=1.10	meshes=6
141869.8	DECO	si=817	zone=buildings	ms=1.30	meshes=7
142087.8	DECO	si=818	zone=buildings	ms=1.10	meshes=7
142307.1	DECO	si=819	zone=buildings	ms=1.40	meshes=6
142522.8	DECO	si=820	zone=buildings	ms=1.10	meshes=7
142694.2	DECO	si=821	zone=buildings	ms=1.90	meshes=6
142800.4	DECO	si=822	zone=buildings	ms=1.00	meshes=7
142927.2	DECO	si=823	zone=buildings	ms=1.50	meshes=7
143031.6	DECO	si=824	zone=buildings	ms=1.00	meshes=7
143152.0	ZONE_CHANGE	→ bridge	si=900	zoneLeft=49
143153.3	DECO	si=825	zone=buildings	ms=1.30	meshes=7
143253.0	DECO	si=826	zone=buildings	ms=1.00	meshes=7
143374.5	DECO	si=827	zone=buildings	ms=1.80	meshes=7
143496.5	DECO	si=828	zone=buildings	ms=1.00	meshes=7
143598.5	DECO	si=829	zone=buildings	ms=1.90	meshes=7
143721.7	DECO	si=830	zone=buildings	ms=1.20	meshes=7
143824.3	DECO	si=831	zone=buildings	ms=2.10	meshes=6
143947.2	DECO	si=832	zone=buildings	ms=0.90	meshes=7
144055.4	DECO	si=833	zone=buildings	ms=1.20	meshes=7
144193.4	DECO	si=834	zone=buildings	ms=1.20	meshes=7
144321.8	DECO	si=835	zone=intersection	ms=1.00	meshes=37
144465.5	DECO	si=836	zone=buildings	ms=1.10	meshes=6
144602.5	DECO	si=837	zone=buildings	ms=1.00	meshes=7
144712.5	DECO	si=838	zone=buildings	ms=1.20	meshes=7
144838.3	DECO	si=839	zone=buildings	ms=1.00	meshes=7
144938.9	DECO	si=840	zone=buildings	ms=1.20	meshes=7
145052.9	DECO	si=841	zone=buildings	ms=1.20	meshes=7
145144.6	DECO	si=842	zone=buildings	ms=1.10	meshes=7
145262.2	DECO	si=843	zone=buildings	ms=1.30	meshes=7
145375.7	DECO	si=844	zone=buildings	ms=1.00	meshes=7
145506.1	DECO	si=845	zone=buildings	ms=1.00	meshes=7
145633.1	DECO	si=846	zone=buildings	ms=1.40	meshes=6
145826.1	DECO	si=847	zone=buildings	ms=1.10	meshes=6
146010.1	DECO	si=848	zone=buildings	ms=1.50	meshes=7
146194.3	DECO	si=849	zone=buildings	ms=0.90	meshes=7
146375.8	DECO	si=850	zone=buildings	ms=1.10	meshes=6
146553.7	DECO	si=851	zone=buildings	ms=1.10	meshes=7
146730.5	DECO	si=852	zone=buildings	ms=1.30	meshes=7
146901.6	DECO	si=853	zone=buildings	ms=1.00	meshes=7
147067.4	DECO	si=854	zone=buildings	ms=1.20	meshes=7
147234.0	DECO	si=855	zone=buildings	ms=1.10	meshes=7
147400.3	DECO	si=856	zone=buildings	ms=1.20	meshes=7
147567.7	DECO	si=857	zone=buildings	ms=1.10	meshes=7
147734.7	DECO	si=858	zone=intersection	ms=1.20	meshes=37
147900.9	DECO	si=859	zone=buildings	ms=1.20	meshes=7
148068.1	DECO	si=860	zone=buildings	ms=1.30	meshes=7
148235.3	DECO	si=861	zone=buildings	ms=1.30	meshes=7
148402.0	DECO	si=862	zone=buildings	ms=1.40	meshes=6
148568.5	DECO	si=863	zone=buildings	ms=1.00	meshes=7
148736.2	DECO	si=864	zone=buildings	ms=1.00	meshes=7
148901.7	DECO	si=865	zone=buildings	ms=1.50	meshes=6
149068.9	DECO	si=866	zone=buildings	ms=1.10	meshes=7
149237.8	DECO	si=867	zone=buildings	ms=1.30	meshes=7
149238.7	SHADER_PROG	count=48	was=47	seg=802	zone=buildings
149335.9	DECO	si=868	zone=buildings	ms=1.10	meshes=7
149419.5	DECO	si=869	zone=buildings	ms=1.50	meshes=7
149519.3	DECO	si=870	zone=buildings	ms=1.20	meshes=7
149602.2	DECO	si=871	zone=buildings	ms=1.30	meshes=7
149702.3	DECO	si=872	zone=buildings	ms=1.00	meshes=6
149785.8	DECO	si=873	zone=buildings	ms=1.30	meshes=7
149886.4	DECO	si=874	zone=buildings	ms=1.20	meshes=7
149967.8	ZONE_CHANGE	→ tunnel	si=950	zoneLeft=23
149969.3	DECO	si=875	zone=buildings	ms=1.50	meshes=7
150069.0	DECO	si=876	zone=buildings	ms=0.90	meshes=7
150169.7	DECO	si=877	zone=buildings	ms=1.10	meshes=7
150253.1	DECO	si=878	zone=buildings	ms=1.10	meshes=7
150354.2	DECO	si=879	zone=buildings	ms=1.70	meshes=7
150439.1	DECO	si=880	zone=buildings	ms=0.80	meshes=7
150537.7	DECO	si=881	zone=intersection	ms=0.90	meshes=37
150619.8	DECO	si=882	zone=buildings	ms=1.00	meshes=7
150720.2	DECO	si=883	zone=buildings	ms=1.30	meshes=7
150803.7	DECO	si=884	zone=buildings	ms=1.30	meshes=7
150904.1	DECO	si=885	zone=buildings	ms=1.30	meshes=7
151003.6	DECO	si=886	zone=buildings	ms=1.40	meshes=7
151087.1	DECO	si=887	zone=buildings	ms=1.00	meshes=7
151187.5	DECO	si=888	zone=buildings	ms=1.50	meshes=7
151270.9	DECO	si=889	zone=buildings	ms=1.10	meshes=7
151370.3	DECO	si=890	zone=buildings	ms=1.40	meshes=7
151453.7	DECO	si=891	zone=buildings	ms=1.30	meshes=7
151560.5	DECO	si=892	zone=buildings	ms=1.30	meshes=6
151654.3	DECO	si=893	zone=buildings	ms=1.10	meshes=6
151754.5	DECO	si=894	zone=buildings	ms=1.70	meshes=7
151853.8	DECO	si=895	zone=buildings	ms=1.10	meshes=7
151938.5	DECO	si=896	zone=buildings	ms=1.60	meshes=6
152037.8	DECO	si=897	zone=buildings	ms=0.90	meshes=6
152121.8	DECO	si=898	zone=buildings	ms=1.50	meshes=7
152222.9	ZONE_CHANGE	→ buildings	si=974	zoneLeft=32
152224.0	DECO	si=899	zone=buildings	ms=1.10	meshes=7
152357.1	DECO	si=900	zone=bridge	ms=1.70	meshes=53
152519.9	DECO	si=901	zone=bridge	ms=0.00	meshes=4
152687.1	DECO	si=902	zone=bridge	ms=0.10	meshes=4
152853.7	DECO	si=903	zone=bridge	ms=0.10	meshes=4
153021.2	DECO	si=904	zone=bridge	ms=0.10	meshes=4
153187.5	DECO	si=905	zone=bridge	ms=0.10	meshes=4
153354.7	DECO	si=906	zone=bridge	ms=0.10	meshes=4
153521.4	DECO	si=907	zone=bridge	ms=0.00	meshes=4
153690.5	DECO	si=908	zone=bridge	ms=0.10	meshes=4
153787.8	DECO	si=909	zone=bridge	ms=0.10	meshes=4
153871.9	DECO	si=910	zone=bridge	ms=0.10	meshes=4
153971.8	DECO	si=911	zone=bridge	ms=0.10	meshes=4
154057.8	DECO	si=912	zone=bridge	ms=1.60	meshes=52
154157.7	DECO	si=913	zone=bridge	ms=0.10	meshes=4
154238.1	DECO	si=914	zone=bridge	ms=0.00	meshes=4
154338.1	DECO	si=915	zone=bridge	ms=0.10	meshes=4
154422.2	DECO	si=916	zone=bridge	ms=0.20	meshes=4
154522.2	DECO	si=917	zone=bridge	ms=0.10	meshes=4
154621.6	DECO	si=918	zone=bridge	ms=0.00	meshes=4
154705.6	DECO	si=919	zone=bridge	ms=0.20	meshes=4
154805.5	DECO	si=920	zone=bridge	ms=0.00	meshes=4
154889.0	DECO	si=921	zone=bridge	ms=0.10	meshes=4
154988.9	DECO	si=922	zone=bridge	ms=0.00	meshes=4
155072.6	DECO	si=923	zone=bridge	ms=0.10	meshes=4
155174.2	DECO	si=924	zone=bridge	ms=1.50	meshes=52
155255.7	DECO	si=925	zone=bridge	ms=0.10	meshes=4
155356.1	DECO	si=926	zone=bridge	ms=0.00	meshes=4
155455.6	DECO	si=927	zone=bridge	ms=0.10	meshes=4
155539.4	DECO	si=928	zone=bridge	ms=0.10	meshes=4
155639.1	DECO	si=929	zone=bridge	ms=0.00	meshes=4
155723.0	DECO	si=930	zone=bridge	ms=0.10	meshes=4
155823.6	DECO	si=931	zone=bridge	ms=0.10	meshes=4
155906.3	ZONE_CHANGE	→ ether	si=1007	zoneLeft=21
155906.4	DECO	si=932	zone=bridge	ms=0.10	meshes=4
156006.5	DECO	si=933	zone=bridge	ms=0.00	meshes=4
156089.9	DECO	si=934	zone=bridge	ms=0.10	meshes=4
156189.9	DECO	si=935	zone=bridge	ms=0.00	meshes=4
156291.1	DECO	si=936	zone=bridge	ms=1.50	meshes=52
156379.0	DECO	si=937	zone=bridge	ms=0.20	meshes=4
156473.9	DECO	si=938	zone=bridge	ms=0.10	meshes=4
156556.5	DECO	si=939	zone=bridge	ms=0.10	meshes=4
156656.7	DECO	si=940	zone=bridge	ms=0.00	meshes=4
156790.4	DECO	si=941	zone=bridge	ms=0.00	meshes=4
156956.8	DECO	si=942	zone=bridge	ms=0.00	meshes=4
157123.7	DECO	si=943	zone=bridge	ms=0.10	meshes=4
157290.5	DECO	si=944	zone=bridge	ms=0.10	meshes=4
157457.4	DECO	si=945	zone=bridge	ms=0.10	meshes=4
157623.9	DECO	si=946	zone=bridge	ms=0.10	meshes=4
157791.0	DECO	si=947	zone=bridge	ms=0.00	meshes=4
157959.6	DECO	si=948	zone=bridge	ms=1.90	meshes=52
158124.5	DECO	si=949	zone=bridge	ms=0.10	meshes=5
158274.9	DECO	si=950	zone=tunnel	ms=0.40	meshes=27
158375.5	DECO	si=951	zone=tunnel	ms=0.60	meshes=27
158458.5	DECO	si=952	zone=tunnel	ms=0.50	meshes=27
158558.9	DECO	si=953	zone=tunnel	ms=0.50	meshes=27
158641.6	ZONE_CHANGE	→ trees	si=1029	zoneLeft=25
158642.1	DECO	si=954	zone=tunnel	ms=0.50	meshes=27
158742.5	DECO	si=955	zone=tunnel	ms=0.60	meshes=27
158826.4	DECO	si=956	zone=tunnel	ms=0.60	meshes=27
158926.5	DECO	si=957	zone=tunnel	ms=0.70	meshes=27
159026.2	DECO	si=958	zone=tunnel	ms=0.60	meshes=27
159109.2	DECO	si=959	zone=tunnel	ms=0.50	meshes=27
159209.5	DECO	si=960	zone=tunnel	ms=0.80	meshes=27
159292.7	DECO	si=961	zone=tunnel	ms=0.40	meshes=27
159392.5	DECO	si=962	zone=tunnel	ms=0.50	meshes=27
159476.1	DECO	si=963	zone=tunnel	ms=0.50	meshes=27
159577.2	DECO	si=964	zone=tunnel	ms=0.90	meshes=27
159659.8	DECO	si=965	zone=tunnel	ms=0.30	meshes=27
159759.8	DECO	si=966	zone=tunnel	ms=0.40	meshes=27
159860.2	DECO	si=967	zone=tunnel	ms=0.60	meshes=27
159944.3	DECO	si=968	zone=tunnel	ms=1.30	meshes=27
160043.7	DECO	si=969	zone=tunnel	ms=0.80	meshes=27
160128.0	DECO	si=970	zone=tunnel	ms=1.60	meshes=27
160226.7	DECO	si=971	zone=tunnel	ms=0.50	meshes=27
160310.2	DECO	si=972	zone=tunnel	ms=0.40	meshes=27
160410.2	DECO	si=973	zone=tunnel	ms=0.50	meshes=27
160494.6	DECO	si=974	zone=buildings	ms=1.60	meshes=6
160594.5	DECO	si=975	zone=buildings	ms=1.20	meshes=7
160694.7	DECO	si=976	zone=buildings	ms=0.90	meshes=7
160781.2	DECO	si=977	zone=buildings	ms=3.70	meshes=7
160880.0	DECO	si=978	zone=buildings	ms=2.90	meshes=7
160963.4	DECO	si=979	zone=buildings	ms=2.60	meshes=7
161060.9	ZONE_CHANGE	→ buildings	si=1055	zoneLeft=46
161065.6	DECO	si=980	zone=buildings	ms=4.40	meshes=7
161150.5	DECO	si=981	zone=buildings	ms=6.30	meshes=6
161245.4	DECO	si=982	zone=buildings	ms=1.80	meshes=7
161397.4	DECO	si=983	zone=buildings	ms=2.70	meshes=7
161562.3	DECO	si=984	zone=buildings	ms=1.80	meshes=7
161730.0	DECO	si=985	zone=buildings	ms=2.00	meshes=7
161896.3	DECO	si=986	zone=buildings	ms=1.50	meshes=7
162062.9	DECO	si=987	zone=buildings	ms=1.60	meshes=7
162229.1	DECO	si=988	zone=buildings	ms=1.40	meshes=7
162397.3	DECO	si=989	zone=buildings	ms=2.70	meshes=7
162572.5	DECO	si=990	zone=buildings	ms=10.30	meshes=7
162732.4	DECO	si=991	zone=buildings	ms=3.30	meshes=7
162734.6	SHADER_PROG	count=47	was=48	seg=926	zone=bridge
162896.6	DECO	si=992	zone=buildings	ms=1.30	meshes=7
163068.0	DECO	si=993	zone=buildings	ms=5.70	meshes=7
163179.4	SHADER_PROG	count=48	was=47	seg=928	zone=bridge
163233.3	DECO	si=994	zone=buildings	ms=4.40	meshes=6
163397.2	DECO	si=995	zone=buildings	ms=1.90	meshes=6
163563.6	DECO	si=996	zone=intersection	ms=1.10	meshes=37
163697.7	DECO	si=997	zone=buildings	ms=1.40	meshes=6
163781.7	DECO	si=998	zone=buildings	ms=2.30	meshes=7
163881.9	DECO	si=999	zone=buildings	ms=2.80	meshes=7
163965.0	DECO	si=1000	zone=buildings	ms=2.00	meshes=7
164066.0	DECO	si=1001	zone=buildings	ms=3.20	meshes=7
164146.9	SHADER_PROG	count=47	was=48	seg=936	zone=bridge
164165.3	DECO	si=1002	zone=buildings	ms=2.40	meshes=6
164247.3	DECO	si=1003	zone=buildings	ms=1.30	meshes=7
164348.6	DECO	si=1004	zone=buildings	ms=2.30	meshes=6
164430.6	DECO	si=1005	zone=buildings	ms=1.30	meshes=7
164532.0	DECO	si=1006	zone=buildings	ms=1.60	meshes=6
164580.7	SHADER_PROG	count=48	was=47	seg=941	zone=bridge
164621.2	DECO	si=1007	zone=ether	ms=7.80	meshes=3
170503.0	SHADER_PROG	count=73	was=48	seg=942	zone=bridge
170603.4	DECO	si=1008	zone=ether	ms=0.10	meshes=2
170735.5	DECO	si=1009	zone=ether	ms=0.10	meshes=2
170835.2	DECO	si=1010	zone=ether	ms=0.10	meshes=2
170935.2	DECO	si=1011	zone=ether	ms=0.10	meshes=2
171018.7	DECO	si=1012	zone=ether	ms=0.30	meshes=2
171118.3	DECO	si=1013	zone=ether	ms=0.20	meshes=2
171202.0	DECO	si=1014	zone=ether	ms=0.20	meshes=2
171302.0	DECO	si=1015	zone=ether	ms=0.20	meshes=2
171385.4	DECO	si=1016	zone=ether	ms=0.20	meshes=2
171486.1	DECO	si=1017	zone=ether	ms=0.20	meshes=2
171569.0	DECO	si=1018	zone=ether	ms=0.10	meshes=2
171668.7	DECO	si=1019	zone=ether	ms=0.20	meshes=2
175247.3	SHADER_PROG	count=88	was=73	seg=954	zone=tunnel
175338.4	SHADER_PROG	count=89	was=88	seg=954	zone=tunnel
175372.2	DECO	si=1020	zone=ether	ms=0.40	meshes=2
175438.7	SHADER_PROG	count=90	was=89	seg=955	zone=tunnel
175455.4	DECO	si=1021	zone=ether	ms=0.10	meshes=2
175555.5	DECO	si=1022	zone=ether	ms=0.20	meshes=2
175638.6	DECO	si=1023	zone=ether	ms=0.10	meshes=2
175738.6	DECO	si=1024	zone=ether	ms=0.00	meshes=2
175824.7	DECO	si=1025	zone=ether	ms=0.10	meshes=2
175825.1	SHADER_PROG	count=91	was=90	seg=960	zone=tunnel
175970.2	SHADER_PROG	count=92	was=91	seg=960	zone=tunnel
176038.9	DECO	si=1026	zone=ether	ms=0.10	meshes=2
176122.1	ZONE_CHANGE	→ mountains	si=1102	zoneLeft=30
176122.2	DECO	si=1027	zone=ether	ms=0.10	meshes=2
176289.3	DECO	si=1028	zone=ether	ms=0.30	meshes=3
176306.0	SHADER_PROG	count=93	was=92	seg=963	zone=tunnel
176457.3	DECO	si=1029	zone=trees	ms=1.50	meshes=35
176623.6	DECO	si=1030	zone=trees	ms=1.20	meshes=27
176791.1	DECO	si=1031	zone=trees	ms=1.60	meshes=39
176957.7	DECO	si=1032	zone=trees	ms=1.50	meshes=35
177124.6	DECO	si=1033	zone=trees	ms=1.40	meshes=33
177291.1	DECO	si=1034	zone=trees	ms=1.40	meshes=31
177458.9	DECO	si=1035	zone=trees	ms=1.60	meshes=38
177624.6	DECO	si=1036	zone=trees	ms=1.40	meshes=37
177792.0	DECO	si=1037	zone=trees	ms=1.30	meshes=33
178116.5	SHADER_PROG	count=94	was=93	seg=972	zone=tunnel
178195.3	DECO	si=1038	zone=trees	ms=1.60	meshes=37
178358.9	DECO	si=1039	zone=trees	ms=1.90	meshes=37
178407.8	SHADER_PROG	count=95	was=94	seg=974	zone=buildings
178526.1	DECO	si=1040	zone=trees	ms=1.90	meshes=36
178692.3	DECO	si=1041	zone=trees	ms=1.30	meshes=37
178859.4	DECO	si=1042	zone=trees	ms=1.40	meshes=35
179025.6	DECO	si=1043	zone=trees	ms=1.20	meshes=35
179192.5	DECO	si=1044	zone=trees	ms=1.30	meshes=34
179360.1	DECO	si=1045	zone=trees	ms=1.80	meshes=42
179528.5	DECO	si=1046	zone=trees	ms=1.30	meshes=32
179693.2	DECO	si=1047	zone=trees	ms=1.70	meshes=38
179733.4	SHADER_PROG	count=97	was=95	seg=982	zone=buildings
179859.8	DECO	si=1048	zone=trees	ms=1.30	meshes=33
180026.6	DECO	si=1049	zone=trees	ms=1.10	meshes=31
180193.7	DECO	si=1050	zone=trees	ms=1.30	meshes=34
180360.3	DECO	si=1051	zone=trees	ms=1.30	meshes=35
180527.8	DECO	si=1052	zone=trees	ms=1.60	meshes=36
180677.6	SHADER_PROG	count=95	was=97	seg=987	zone=buildings
180694.6	DECO	si=1053	zone=trees	ms=1.50	meshes=34
180860.5	DECO	si=1054	zone=trees	ms=1.30	meshes=33
181027.7	DECO	si=1055	zone=buildings	ms=1.60	meshes=7
181194.5	DECO	si=1056	zone=buildings	ms=1.60	meshes=7
181361.6	DECO	si=1057	zone=buildings	ms=1.80	meshes=7
181526.8	ZONE_CHANGE	→ buildings	si=1133	zoneLeft=45
181528.1	DECO	si=1058	zone=buildings	ms=1.30	meshes=7
181695.6	DECO	si=1059	zone=buildings	ms=1.70	meshes=6
181861.8	DECO	si=1060	zone=buildings	ms=1.20	meshes=7
182028.4	DECO	si=1061	zone=buildings	ms=1.60	meshes=7
182196.1	DECO	si=1062	zone=buildings	ms=1.30	meshes=7
182283.5	SHADER_PROG	count=96	was=95	seg=997	zone=buildings
182369.7	DECO	si=1063	zone=buildings	ms=1.70	meshes=7
182545.6	DECO	si=1064	zone=buildings	ms=0.90	meshes=7
182717.1	DECO	si=1065	zone=buildings	ms=1.40	meshes=7
182885.5	DECO	si=1066	zone=buildings	ms=1.30	meshes=7
183066.8	DECO	si=1067	zone=buildings	ms=1.50	meshes=7
183254.7	DECO	si=1068	zone=buildings	ms=1.10	meshes=7
183449.7	DECO	si=1069	zone=buildings	ms=1.20	meshes=7
183643.6	DECO	si=1070	zone=buildings	ms=1.00	meshes=7
183841.9	DECO	si=1071	zone=buildings	ms=1.30	meshes=6
183843.2	SHADER_PROG	count=95	was=96	seg=1006	zone=buildings
184040.2	DECO	si=1072	zone=buildings	ms=1.40	meshes=7
184242.0	DECO	si=1073	zone=buildings	ms=1.70	meshes=7
184442.8	DECO	si=1074	zone=buildings	ms=0.90	meshes=7
184646.8	DECO	si=1075	zone=buildings	ms=1.40	meshes=7
184742.5	SHADER_PROG	count=98	was=95	seg=1010	zone=ether
184906.1	DECO	si=1076	zone=buildings	ms=1.40	meshes=6
185109.4	DECO	si=1077	zone=intersection	ms=1.30	meshes=37
185313.2	DECO	si=1078	zone=buildings	ms=2.10	meshes=6
185518.9	DECO	si=1079	zone=buildings	ms=1.00	meshes=7
185726.1	DECO	si=1080	zone=buildings	ms=1.40	meshes=7
185929.9	DECO	si=1081	zone=buildings	ms=1.00	meshes=7
186140.0	DECO	si=1082	zone=buildings	ms=1.30	meshes=6
186354.4	DECO	si=1083	zone=buildings	ms=1.40	meshes=6
186355.5	SHADER_PROG	count=97	was=98	seg=1018	zone=ether
186575.1	DECO	si=1084	zone=buildings	ms=1.50	meshes=7
186799.2	DECO	si=1085	zone=buildings	ms=1.20	meshes=6
187008.4	SHADER_PROG	count=98	was=97	seg=1020	zone=ether
187032.5	DECO	si=1086	zone=buildings	ms=1.30	meshes=7
187265.9	DECO	si=1087	zone=buildings	ms=1.00	meshes=7
187504.6	DECO	si=1088	zone=buildings	ms=1.30	meshes=6
187718.5	DECO	si=1089	zone=buildings	ms=1.00	meshes=7
187862.4	DECO	si=1090	zone=buildings	ms=1.40	meshes=7
188008.7	DECO	si=1091	zone=buildings	ms=1.00	meshes=7
188133.4	DECO	si=1092	zone=buildings	ms=1.30	meshes=7
188283.9	DECO	si=1093	zone=buildings	ms=0.90	meshes=7
188404.0	DECO	si=1094	zone=buildings	ms=1.20	meshes=7
188548.2	DECO	si=1095	zone=buildings	ms=1.10	meshes=7
188667.2	DECO	si=1096	zone=buildings	ms=1.50	meshes=7
188807.9	DECO	si=1097	zone=buildings	ms=1.10	meshes=7
188925.6	DECO	si=1098	zone=buildings	ms=1.20	meshes=7
189062.6	DECO	si=1099	zone=buildings	ms=1.00	meshes=7
189196.6	DECO	si=1100	zone=intersection	ms=1.00	meshes=37
189198.3	SHADER_PROG	count=94	was=98	seg=1035	zone=trees
192581.4	SHADER_PROG	count=109	was=94	seg=1035	zone=trees
192717.5	SHADER_PROG	count=110	was=109	seg=1035	zone=trees
192740.2	DECO	si=1101	zone=buildings	ms=1.30	meshes=7
192871.1	DECO	si=1102	zone=mountains	ms=3.20	meshes=10
192984.6	DECO	si=1103	zone=mountains	ms=0.60	meshes=18
193112.7	ZONE_CHANGE	→ ether	si=1179	zoneLeft=25
193113.3	DECO	si=1104	zone=mountains	ms=0.60	meshes=18
193213.3	DECO	si=1105	zone=mountains	ms=0.20	meshes=10
193331.7	DECO	si=1106	zone=mountains	ms=0.50	meshes=18
193429.4	DECO	si=1107	zone=mountains	ms=0.50	meshes=14
193546.1	DECO	si=1108	zone=mountains	ms=0.50	meshes=18
193660.9	DECO	si=1109	zone=mountains	ms=0.50	meshes=18
193755.2	DECO	si=1110	zone=mountains	ms=0.30	meshes=10
193865.5	DECO	si=1111	zone=mountains	ms=0.30	meshes=10
193956.6	DECO	si=1112	zone=mountains	ms=0.40	meshes=10
194064.3	DECO	si=1113	zone=mountains	ms=0.60	meshes=18
194206.5	DECO	si=1114	zone=mountains	ms=0.50	meshes=18
194379.9	DECO	si=1115	zone=mountains	ms=0.30	meshes=10
194553.3	DECO	si=1116	zone=mountains	ms=0.50	meshes=18
194657.9	DECO	si=1117	zone=mountains	ms=0.40	meshes=14
194747.1	DECO	si=1118	zone=mountains	ms=0.60	meshes=18
194851.4	DECO	si=1119	zone=mountains	ms=0.50	meshes=18
194940.0	DECO	si=1120	zone=mountains	ms=0.40	meshes=14
194967.3	SHADER_PROG	count=111	was=110	seg=1055	zone=buildings
195143.7	DECO	si=1121	zone=mountains	ms=0.20	meshes=10
195144.8	SHADER_PROG	count=110	was=111	seg=1056	zone=buildings
195246.0	DECO	si=1122	zone=mountains	ms=2.60	meshes=10
195353.4	DECO	si=1123	zone=mountains	ms=1.80	meshes=18
195440.2	DECO	si=1124	zone=mountains	ms=0.40	meshes=14
195546.3	DECO	si=1125	zone=mountains	ms=0.40	meshes=10
195651.0	DECO	si=1126	zone=mountains	ms=0.30	meshes=10
195738.8	DECO	si=1127	zone=mountains	ms=0.30	meshes=14
195844.5	DECO	si=1128	zone=mountains	ms=0.50	meshes=14
195930.1	DECO	si=1129	zone=mountains	ms=0.50	meshes=14
196029.2	ZONE_CHANGE	→ mountains	si=1205	zoneLeft=40
196029.7	DECO	si=1130	zone=mountains	ms=0.50	meshes=18
196111.3	DECO	si=1131	zone=mountains	ms=0.60	meshes=18
196206.7	DECO	si=1132	zone=mountains	ms=0.50	meshes=18
196290.0	DECO	si=1133	zone=buildings	ms=1.40	meshes=7
196389.9	DECO	si=1134	zone=buildings	ms=1.40	meshes=6
196490.7	DECO	si=1135	zone=buildings	ms=1.60	meshes=7
196573.0	DECO	si=1136	zone=buildings	ms=1.20	meshes=7
196673.2	DECO	si=1137	zone=buildings	ms=1.50	meshes=7
196756.6	DECO	si=1138	zone=buildings	ms=1.10	meshes=7
196856.6	DECO	si=1139	zone=buildings	ms=1.30	meshes=6
196940.8	DECO	si=1140	zone=buildings	ms=1.50	meshes=6
197040.8	DECO	si=1141	zone=buildings	ms=1.10	meshes=7
197123.4	DECO	si=1142	zone=buildings	ms=1.00	meshes=7
197223.6	DECO	si=1143	zone=buildings	ms=1.30	meshes=7
197324.0	DECO	si=1144	zone=buildings	ms=1.10	meshes=6
197407.3	DECO	si=1145	zone=buildings	ms=1.30	meshes=7
197507.1	DECO	si=1146	zone=buildings	ms=1.20	meshes=7
197590.9	DECO	si=1147	zone=buildings	ms=1.50	meshes=7
197740.8	DECO	si=1148	zone=buildings	ms=1.10	meshes=7
197907.6	DECO	si=1149	zone=buildings	ms=1.30	meshes=7
198074.6	DECO	si=1150	zone=buildings	ms=1.40	meshes=7
198241.6	DECO	si=1151	zone=buildings	ms=1.40	meshes=7
198407.6	DECO	si=1152	zone=buildings	ms=1.00	meshes=7
198575.0	DECO	si=1153	zone=buildings	ms=1.40	meshes=6
198741.3	DECO	si=1154	zone=buildings	ms=1.20	meshes=7
198909.6	DECO	si=1155	zone=intersection	ms=1.80	meshes=37
199075.3	DECO	si=1156	zone=buildings	ms=1.60	meshes=7
199077.0	SHADER_PROG	count=109	was=110	seg=1091	zone=buildings
199241.8	DECO	si=1157	zone=buildings	ms=1.00	meshes=7
199409.5	DECO	si=1158	zone=buildings	ms=1.30	meshes=7
199575.5	DECO	si=1159	zone=buildings	ms=1.20	meshes=7
199742.1	DECO	si=1160	zone=buildings	ms=1.00	meshes=7
199909.0	DECO	si=1161	zone=buildings	ms=1.40	meshes=6
200075.8	DECO	si=1162	zone=buildings	ms=1.20	meshes=7
200077.4	SHADER_PROG	count=108	was=109	seg=1097	zone=buildings
200193.3	DECO	si=1163	zone=buildings	ms=1.50	meshes=6
200276.0	DECO	si=1164	zone=buildings	ms=1.20	meshes=6
200376.4	DECO	si=1165	zone=buildings	ms=1.10	meshes=7
200459.6	DECO	si=1166	zone=buildings	ms=1.40	meshes=7
200560.4	DECO	si=1167	zone=buildings	ms=1.10	meshes=6
200659.9	DECO	si=1168	zone=buildings	ms=1.10	meshes=7
200743.5	DECO	si=1169	zone=buildings	ms=1.10	meshes=7
200843.1	DECO	si=1170	zone=buildings	ms=1.30	meshes=7
200925.2	ZONE_CHANGE	→ dirt	si=1246	zoneLeft=21
200926.3	DECO	si=1171	zone=buildings	ms=1.10	meshes=7
201026.7	DECO	si=1172	zone=buildings	ms=1.30	meshes=7
201110.4	DECO	si=1173	zone=buildings	ms=1.20	meshes=7
201210.0	DECO	si=1174	zone=buildings	ms=1.30	meshes=7
201293.8	DECO	si=1175	zone=buildings	ms=1.40	meshes=7
201393.4	DECO	si=1176	zone=buildings	ms=1.10	meshes=7
201493.5	DECO	si=1177	zone=buildings	ms=1.20	meshes=7
201576.9	DECO	si=1178	zone=intersection	ms=1.00	meshes=37
201681.1	DECO	si=1179	zone=ether	ms=5.30	meshes=3
201929.8	SHADER_PROG	count=120	was=108	seg=1114	zone=mountains
201992.9	DECO	si=1180	zone=ether	ms=0.10	meshes=2
202092.9	DECO	si=1181	zone=ether	ms=0.10	meshes=2
202176.4	DECO	si=1182	zone=ether	ms=0.10	meshes=2
202277.1	DECO	si=1183	zone=ether	ms=0.20	meshes=2
202360.2	DECO	si=1184	zone=ether	ms=0.00	meshes=2
202361.7	SHADER_PROG	count=119	was=120	seg=1119	zone=mountains
202460.3	DECO	si=1185	zone=ether	ms=0.10	meshes=2
202560.6	DECO	si=1186	zone=ether	ms=0.10	meshes=2
202643.5	DECO	si=1187	zone=ether	ms=0.10	meshes=2
202743.6	DECO	si=1188	zone=ether	ms=0.10	meshes=2
202827.5	DECO	si=1189	zone=ether	ms=0.20	meshes=2
202927.2	DECO	si=1190	zone=ether	ms=0.10	meshes=2
203010.3	DECO	si=1191	zone=ether	ms=0.10	meshes=2
203110.9	DECO	si=1192	zone=ether	ms=0.10	meshes=2
203193.7	ZONE_CHANGE	→ dirt	si=1268	zoneLeft=16
203193.9	DECO	si=1193	zone=ether	ms=0.10	meshes=2
203294.1	DECO	si=1194	zone=ether	ms=0.20	meshes=2
203428.3	DECO	si=1195	zone=ether	ms=0.20	meshes=2
203594.8	DECO	si=1196	zone=ether	ms=0.10	meshes=2
203761.2	DECO	si=1197	zone=ether	ms=0.10	meshes=2
203894.6	DECO	si=1198	zone=ether	ms=0.20	meshes=2
203994.5	DECO	si=1199	zone=ether	ms=0.10	meshes=2
204077.9	DECO	si=1200	zone=ether	ms=0.10	meshes=2
204184.1	DECO	si=1201	zone=ether	ms=6.10	meshes=2
209926.6	SHADER_PROG	count=133	was=119	seg=1136	zone=buildings
209996.2	DECO	si=1202	zone=ether	ms=0.20	meshes=2
210181.6	DECO	si=1203	zone=ether	ms=0.10	meshes=2
210208.7	SHADER_PROG	count=134	was=133	seg=1138	zone=buildings
210266.9	DECO	si=1204	zone=ether	ms=0.20	meshes=3
210368.7	DECO	si=1205	zone=mountains	ms=2.40	meshes=10
210384.4	SHADER_PROG	count=135	was=134	seg=1140	zone=buildings
210450.4	DECO	si=1206	zone=mountains	ms=0.50	meshes=18
210550.1	DECO	si=1207	zone=mountains	ms=0.50	meshes=18
210730.7	SHADER_PROG	count=136	was=135	seg=1142	zone=buildings
211013.0	SHADER_PROG	count=137	was=136	seg=1142	zone=buildings
211030.2	DECO	si=1208	zone=mountains	ms=0.50	meshes=14
211030.6	SHADER_PROG	count=138	was=137	seg=1143	zone=buildings
211100.7	DECO	si=1209	zone=mountains	ms=0.40	meshes=14
211200.0	ZONE_CHANGE	→ buildings	si=1285	zoneLeft=21
211200.6	DECO	si=1210	zone=mountains	ms=0.50	meshes=14
211283.9	DECO	si=1211	zone=mountains	ms=0.30	meshes=10
211384.4	DECO	si=1212	zone=mountains	ms=0.50	meshes=14
211467.5	DECO	si=1213	zone=mountains	ms=0.30	meshes=10
211568.0	DECO	si=1214	zone=mountains	ms=0.50	meshes=18
211667.6	DECO	si=1215	zone=mountains	ms=0.40	meshes=10
211751.4	DECO	si=1216	zone=mountains	ms=0.40	meshes=14
211851.3	DECO	si=1217	zone=mountains	ms=0.60	meshes=18
211934.7	DECO	si=1218	zone=mountains	ms=0.50	meshes=18
212034.6	DECO	si=1219	zone=mountains	ms=0.20	meshes=10
212118.5	DECO	si=1220	zone=mountains	ms=0.30	meshes=18
212218.2	DECO	si=1221	zone=mountains	ms=0.30	meshes=10
212301.6	DECO	si=1222	zone=mountains	ms=0.30	meshes=10
212402.0	DECO	si=1223	zone=mountains	ms=0.40	meshes=14
212502.0	DECO	si=1224	zone=mountains	ms=0.50	meshes=10
212586.9	DECO	si=1225	zone=mountains	ms=2.30	meshes=10
212685.9	DECO	si=1226	zone=mountains	ms=0.60	meshes=18
212769.3	DECO	si=1227	zone=mountains	ms=0.50	meshes=14
212869.4	DECO	si=1228	zone=mountains	ms=0.50	meshes=18
213019.0	DECO	si=1229	zone=mountains	ms=0.30	meshes=14
213186.1	DECO	si=1230	zone=mountains	ms=0.40	meshes=14
213320.9	SHADER_PROG	count=137	was=138	seg=1165	zone=buildings
213337.1	SHADER_PROG	count=138	was=137	seg=1165	zone=buildings
213352.6	DECO	si=1231	zone=mountains	ms=0.40	meshes=14
213552.2	ZONE_CHANGE	→ tunnel	si=1307	zoneLeft=50
213552.9	DECO	si=1232	zone=mountains	ms=0.60	meshes=18
213719.5	DECO	si=1233	zone=mountains	ms=0.60	meshes=18
213886.4	DECO	si=1234	zone=mountains	ms=0.60	meshes=14
214053.5	DECO	si=1235	zone=mountains	ms=0.70	meshes=18
214220.0	DECO	si=1236	zone=mountains	ms=0.50	meshes=18
214387.2	DECO	si=1237	zone=mountains	ms=0.70	meshes=18
214504.9	SHADER_PROG	count=137	was=138	seg=1172	zone=buildings
214553.6	DECO	si=1238	zone=mountains	ms=0.30	meshes=10
214720.8	DECO	si=1239	zone=mountains	ms=1.00	meshes=18
214887.9	DECO	si=1240	zone=mountains	ms=0.80	meshes=18
215054.5	DECO	si=1241	zone=mountains	ms=1.00	meshes=18
215221.4	DECO	si=1242	zone=mountains	ms=0.90	meshes=14
215387.9	DECO	si=1243	zone=mountains	ms=0.50	meshes=10
215556.1	DECO	si=1244	zone=mountains	ms=1.60	meshes=18
215724.1	DECO	si=1245	zone=mountains	ms=3.20	meshes=14
215887.7	DECO	si=1246	zone=dirt	ms=0.20	meshes=2
216055.5	DECO	si=1247	zone=dirt	ms=0.40	meshes=7
216222.3	DECO	si=1248	zone=dirt	ms=0.40	meshes=11
216388.8	DECO	si=1249	zone=dirt	ms=0.40	meshes=14
216431.3	SHADER_PROG	count=140	was=137	seg=1184	zone=ether
216621.9	DECO	si=1250	zone=dirt	ms=0.30	meshes=11
216788.6	DECO	si=1251	zone=dirt	ms=0.20	meshes=8
216955.9	DECO	si=1252	zone=dirt	ms=0.40	meshes=13
217122.8	DECO	si=1253	zone=dirt	ms=0.20	meshes=7
217289.5	DECO	si=1254	zone=dirt	ms=0.40	meshes=8
217456.4	DECO	si=1255	zone=dirt	ms=0.40	meshes=10
217623.0	DECO	si=1256	zone=dirt	ms=0.30	meshes=7
217789.6	DECO	si=1257	zone=dirt	ms=0.30	meshes=4
217956.6	DECO	si=1258	zone=dirt	ms=0.20	meshes=4
218123.1	DECO	si=1259	zone=dirt	ms=0.30	meshes=6
218290.9	DECO	si=1260	zone=dirt	ms=0.40	meshes=13
218457.4	DECO	si=1261	zone=dirt	ms=0.60	meshes=9
218623.6	DECO	si=1262	zone=dirt	ms=0.20	meshes=2
218790.8	DECO	si=1263	zone=dirt	ms=0.40	meshes=7
218957.3	DECO	si=1264	zone=dirt	ms=0.40	meshes=5
219123.4	DECO	si=1265	zone=dirt	ms=0.10	meshes=2
219124.5	SHADER_PROG	count=139	was=140	seg=1200	zone=ether
219291.7	DECO	si=1266	zone=dirt	ms=0.50	meshes=6
219530.9	SHADER_PROG	count=140	was=139	seg=1201	zone=ether
219590.9	DECO	si=1267	zone=dirt	ms=0.30	meshes=8
219757.8	DECO	si=1268	zone=dirt	ms=0.10	meshes=2
219761.4	SHADER_PROG	count=139	was=140	seg=1203	zone=ether
219924.5	DECO	si=1269	zone=dirt	ms=0.30	meshes=4
220109.1	DECO	si=1270	zone=dirt	ms=0.40	meshes=11
220292.9	DECO	si=1271	zone=dirt	ms=0.50	meshes=11
220511.8	SHADER_PROG	count=140	was=139	seg=1206	zone=mountains
220524.3	DECO	si=1272	zone=dirt	ms=0.00	meshes=5
220525.1	SHADER_PROG	count=139	was=140	seg=1207	zone=mountains
220734.6	SHADER_PROG	count=140	was=139	seg=1207	zone=mountains
221025.9	DECO	si=1273	zone=dirt	ms=0.40	meshes=10
262625.8	DECO	si=1274	zone=dirt	ms=0.30	meshes=2
263043.5	DECO	si=1275	zone=dirt	ms=0.60	meshes=12
263209.6	DECO	si=1276	zone=dirt	ms=0.20	meshes=2
263376.3	DECO	si=1277	zone=dirt	ms=0.50	meshes=7
263543.9	DECO	si=1278	zone=dirt	ms=0.40	meshes=11
263709.9	DECO	si=1279	zone=dirt	ms=0.40	meshes=4
263877.1	DECO	si=1280	zone=dirt	ms=0.40	meshes=7
264043.5	DECO	si=1281	zone=dirt	ms=0.30	meshes=4
264226.5	DECO	si=1282	zone=dirt	ms=0.30	meshes=9
264410.1	ZONE_CHANGE	→ mountains	si=1358	zoneLeft=36
264411.4	DECO	si=1283	zone=dirt	ms=0.90	meshes=6
264645.1	DECO	si=1284	zone=dirt	ms=0.60	meshes=8
264935.6	DECO	si=1285	zone=buildings	ms=8.20	meshes=5
265132.6	DECO	si=1286	zone=buildings	ms=5.10	meshes=6
265300.7	DECO	si=1287	zone=buildings	ms=6.60	meshes=7
265462.1	DECO	si=1288	zone=buildings	ms=1.70	meshes=7
265635.9	DECO	si=1289	zone=buildings	ms=7.90	meshes=7
265800.3	DECO	si=1290	zone=buildings	ms=5.60	meshes=7
265965.2	DECO	si=1291	zone=buildings	ms=4.30	meshes=6
266184.9	DECO	si=1292	zone=buildings	ms=6.70	meshes=7
266416.8	DECO	si=1293	zone=buildings	ms=5.00	meshes=7
266601.0	DECO	si=1294	zone=buildings	ms=6.20	meshes=6
266603.6	SHADER_PROG	count=139	was=140	seg=1229	zone=mountains
266769.2	DECO	si=1295	zone=buildings	ms=7.10	meshes=6
266934.3	DECO	si=1296	zone=buildings	ms=5.60	meshes=6
267101.8	DECO	si=1297	zone=buildings	ms=6.20	meshes=7
267103.6	SHADER_PROG	count=138	was=139	seg=1232	zone=mountains
267267.3	DECO	si=1298	zone=buildings	ms=4.30	meshes=7
267434.4	DECO	si=1299	zone=buildings	ms=5.20	meshes=6
267601.2	DECO	si=1300	zone=buildings	ms=4.70	meshes=7
267769.2	DECO	si=1301	zone=buildings	ms=6.80	meshes=7
267934.0	DECO	si=1302	zone=buildings	ms=4.50	meshes=7
268101.2	DECO	si=1303	zone=buildings	ms=4.60	meshes=7
268249.4	DECO	si=1304	zone=buildings	ms=2.80	meshes=6
268350.8	DECO	si=1305	zone=buildings	ms=4.40	meshes=7
268435.4	DECO	si=1306	zone=buildings	ms=5.30	meshes=7
268531.4	DECO	si=1307	zone=tunnel	ms=1.50	meshes=27
268614.6	DECO	si=1308	zone=tunnel	ms=1.60	meshes=27
268714.8	DECO	si=1309	zone=tunnel	ms=1.50	meshes=27
268814.4	DECO	si=1310	zone=tunnel	ms=1.40	meshes=27
268898.5	DECO	si=1311	zone=tunnel	ms=2.00	meshes=27
268998.4	DECO	si=1312	zone=tunnel	ms=1.60	meshes=27
269116.5	DECO	si=1313	zone=tunnel	ms=2.80	meshes=27
269215.6	DECO	si=1314	zone=tunnel	ms=2.00	meshes=27
269316.1	DECO	si=1315	zone=tunnel	ms=2.00	meshes=27
269433.3	DECO	si=1316	zone=tunnel	ms=2.00	meshes=27
269530.9	DECO	si=1317	zone=tunnel	ms=0.60	meshes=27
269633.3	DECO	si=1318	zone=tunnel	ms=2.10	meshes=27
269749.7	DECO	si=1319	zone=tunnel	ms=1.70	meshes=27
269847.6	ZONE_CHANGE	→ mountains	si=1395	zoneLeft=28
269850.0	DECO	si=1320	zone=tunnel	ms=2.30	meshes=27
269949.8	DECO	si=1321	zone=tunnel	ms=2.10	meshes=27
270067.2	DECO	si=1322	zone=tunnel	ms=2.10	meshes=27
270167.1	DECO	si=1323	zone=tunnel	ms=2.20	meshes=27
270266.7	DECO	si=1324	zone=tunnel	ms=2.20	meshes=27
270366.2	DECO	si=1325	zone=tunnel	ms=1.50	meshes=27
270484.4	DECO	si=1326	zone=tunnel	ms=2.40	meshes=27
270584.6	DECO	si=1327	zone=tunnel	ms=2.30	meshes=27
270684.0	DECO	si=1328	zone=tunnel	ms=2.20	meshes=27
270801.2	DECO	si=1329	zone=tunnel	ms=2.50	meshes=27
270900.9	DECO	si=1330	zone=tunnel	ms=2.20	meshes=27
270999.1	DECO	si=1331	zone=tunnel	ms=1.00	meshes=27
271116.4	DECO	si=1332	zone=tunnel	ms=1.50	meshes=27
271217.5	DECO	si=1333	zone=tunnel	ms=2.00	meshes=27
271384.1	DECO	si=1334	zone=tunnel	ms=2.00	meshes=27
271567.7	DECO	si=1335	zone=tunnel	ms=2.00	meshes=27
271767.7	DECO	si=1336	zone=tunnel	ms=1.90	meshes=27
271950.6	DECO	si=1337	zone=tunnel	ms=1.20	meshes=27
272151.9	DECO	si=1338	zone=tunnel	ms=2.00	meshes=27
272333.4	DECO	si=1339	zone=tunnel	ms=0.90	meshes=27
272517.2	DECO	si=1340	zone=tunnel	ms=1.10	meshes=27
272718.7	DECO	si=1341	zone=tunnel	ms=1.90	meshes=27
272901.1	DECO	si=1342	zone=tunnel	ms=1.30	meshes=27
273085.5	DECO	si=1343	zone=tunnel	ms=1.90	meshes=27
273284.8	DECO	si=1344	zone=tunnel	ms=1.20	meshes=27
273469.1	DECO	si=1345	zone=tunnel	ms=2.00	meshes=27
273653.2	DECO	si=1346	zone=tunnel	ms=2.00	meshes=27
273853.1	DECO	si=1347	zone=tunnel	ms=2.20	meshes=27
274053.0	DECO	si=1348	zone=tunnel	ms=2.00	meshes=27
274351.5	ZONE_CHANGE	→ dirt	si=1424	zoneLeft=34
274353.5	DECO	si=1349	zone=tunnel	ms=1.80	meshes=27
321.4	ZONE_CHANGE	→ tunnel	si=54	zoneLeft=22
321.4	ZONE_CHANGE	→ bridge	si=77	zoneLeft=21
321.4	ZONE_CHANGE	→ dirt	si=99	zoneLeft=16
321.4	ZONE_CHANGE	→ mountains	si=116	zoneLeft=51
321.4	ZONE_CHANGE	→ trees	si=168	zoneLeft=17
321.5	ZONE_CHANGE	→ trees	si=186	zoneLeft=33
331.2	DECO	si=0	zone=trees	ms=2.20	meshes=12
332.6	DECO	si=1	zone=trees	ms=1.40	meshes=12
333.7	DECO	si=2	zone=trees	ms=1.10	meshes=13
334.5	DECO	si=3	zone=trees	ms=0.80	meshes=11
335.3	DECO	si=4	zone=trees	ms=0.80	meshes=12
336.1	DECO	si=5	zone=trees	ms=0.80	meshes=10
336.9	DECO	si=6	zone=trees	ms=0.80	meshes=12
337.8	DECO	si=7	zone=trees	ms=0.90	meshes=11
338.4	DECO	si=8	zone=trees	ms=0.60	meshes=11
339.3	DECO	si=9	zone=trees	ms=0.90	meshes=12
340.2	DECO	si=10	zone=trees	ms=0.90	meshes=11
340.8	DECO	si=11	zone=trees	ms=0.60	meshes=11
341.7	DECO	si=12	zone=trees	ms=0.90	meshes=11
342.6	DECO	si=13	zone=trees	ms=0.90	meshes=13
343.4	DECO	si=14	zone=trees	ms=0.80	meshes=12
344.1	DECO	si=15	zone=trees	ms=0.70	meshes=11
345.1	DECO	si=16	zone=trees	ms=1.00	meshes=14
345.7	DECO	si=17	zone=trees	ms=0.60	meshes=9
346.4	DECO	si=18	zone=trees	ms=0.70	meshes=10
347.2	DECO	si=19	zone=trees	ms=0.80	meshes=10
348.1	DECO	si=20	zone=trees	ms=0.90	meshes=13
349.0	DECO	si=21	zone=trees	ms=0.90	meshes=12
349.7	DECO	si=22	zone=trees	ms=0.70	meshes=11
350.8	DECO	si=23	zone=trees	ms=1.10	meshes=14
351.6	DECO	si=24	zone=trees	ms=0.80	meshes=12
357.6	DECO	si=25	zone=trees	ms=6.00	meshes=12
358.0	DECO	si=26	zone=trees	ms=0.40	meshes=11
358.5	DECO	si=27	zone=trees	ms=0.50	meshes=12
359.1	DECO	si=28	zone=trees	ms=0.60	meshes=12
359.6	DECO	si=29	zone=trees	ms=0.50	meshes=13
360.1	DECO	si=30	zone=trees	ms=0.50	meshes=14
360.7	DECO	si=31	zone=trees	ms=0.60	meshes=12
361.2	DECO	si=32	zone=trees	ms=0.50	meshes=14
361.6	DECO	si=33	zone=trees	ms=0.40	meshes=13
362.1	DECO	si=34	zone=trees	ms=0.50	meshes=12
362.6	DECO	si=35	zone=trees	ms=0.50	meshes=12
363.1	DECO	si=36	zone=trees	ms=0.50	meshes=13
363.6	DECO	si=37	zone=trees	ms=0.50	meshes=13
364.0	DECO	si=38	zone=trees	ms=0.40	meshes=13
364.5	DECO	si=39	zone=trees	ms=0.50	meshes=14
364.9	DECO	si=40	zone=trees	ms=0.40	meshes=13
365.4	DECO	si=41	zone=trees	ms=0.50	meshes=12
365.8	DECO	si=42	zone=trees	ms=0.40	meshes=12
366.3	DECO	si=43	zone=trees	ms=0.50	meshes=14
366.6	DECO	si=44	zone=trees	ms=0.30	meshes=10
367.0	DECO	si=45	zone=trees	ms=0.40	meshes=12
367.5	DECO	si=46	zone=trees	ms=0.50	meshes=13
368.0	DECO	si=47	zone=trees	ms=0.50	meshes=12
368.4	DECO	si=48	zone=trees	ms=0.30	meshes=13
368.8	DECO	si=49	zone=trees	ms=0.40	meshes=13
369.4	DECO	si=50	zone=trees	ms=0.60	meshes=12
369.9	DECO	si=51	zone=trees	ms=0.50	meshes=15
370.5	DECO	si=52	zone=trees	ms=0.60	meshes=13
370.9	DECO	si=53	zone=trees	ms=0.40	meshes=13
371.5	DECO	si=54	zone=tunnel	ms=0.60	meshes=27
372.0	DECO	si=55	zone=tunnel	ms=0.50	meshes=27
372.4	DECO	si=56	zone=tunnel	ms=0.40	meshes=27
372.8	DECO	si=57	zone=tunnel	ms=0.40	meshes=27
373.2	DECO	si=58	zone=tunnel	ms=0.40	meshes=27
373.6	DECO	si=59	zone=tunnel	ms=0.40	meshes=27
374.0	DECO	si=60	zone=tunnel	ms=0.40	meshes=27
374.4	DECO	si=61	zone=tunnel	ms=0.40	meshes=27
374.8	DECO	si=62	zone=tunnel	ms=0.40	meshes=27
375.3	DECO	si=63	zone=tunnel	ms=0.50	meshes=27
375.7	DECO	si=64	zone=tunnel	ms=0.40	meshes=27
376.1	DECO	si=65	zone=tunnel	ms=0.40	meshes=27
376.5	DECO	si=66	zone=tunnel	ms=0.40	meshes=27
376.8	DECO	si=67	zone=tunnel	ms=0.30	meshes=27
377.2	DECO	si=68	zone=tunnel	ms=0.40	meshes=27
377.6	DECO	si=69	zone=tunnel	ms=0.40	meshes=27
377.9	DECO	si=70	zone=tunnel	ms=0.30	meshes=27
290.3	ZONE_CHANGE	→ trees	si=54	zoneLeft=51
290.3	ZONE_CHANGE	→ dirt	si=106	zoneLeft=36
290.4	ZONE_CHANGE	→ trees	si=143	zoneLeft=48
322.4	DECO	si=0	zone=trees	ms=1.00	meshes=11
323.0	DECO	si=1	zone=trees	ms=0.60	meshes=8
323.5	DECO	si=2	zone=trees	ms=0.50	meshes=11
324.1	DECO	si=3	zone=trees	ms=0.50	meshes=10
324.7	DECO	si=4	zone=trees	ms=0.60	meshes=12
325.3	DECO	si=5	zone=trees	ms=0.60	meshes=11
325.8	DECO	si=6	zone=trees	ms=0.50	meshes=11
326.2	DECO	si=7	zone=trees	ms=0.40	meshes=12
326.6	DECO	si=8	zone=trees	ms=0.40	meshes=11
327.2	DECO	si=9	zone=trees	ms=0.60	meshes=13
327.5	DECO	si=10	zone=trees	ms=0.30	meshes=10
328.0	DECO	si=11	zone=trees	ms=0.50	meshes=12
328.4	DECO	si=12	zone=trees	ms=0.40	meshes=11
328.8	DECO	si=13	zone=trees	ms=0.40	meshes=10
329.2	DECO	si=14	zone=trees	ms=0.40	meshes=10
329.6	DECO	si=15	zone=trees	ms=0.40	meshes=11
330.0	DECO	si=16	zone=trees	ms=0.40	meshes=11
330.5	DECO	si=17	zone=trees	ms=0.50	meshes=12
331.0	DECO	si=18	zone=trees	ms=0.50	meshes=13
331.3	DECO	si=19	zone=trees	ms=0.30	meshes=10
331.7	DECO	si=20	zone=trees	ms=0.40	meshes=12
332.2	DECO	si=21	zone=trees	ms=0.50	meshes=12
332.6	DECO	si=22	zone=trees	ms=0.40	meshes=13
332.9	DECO	si=23	zone=trees	ms=0.30	meshes=12
333.5	DECO	si=24	zone=trees	ms=0.60	meshes=15
334.0	DECO	si=25	zone=trees	ms=0.50	meshes=13
334.5	DECO	si=26	zone=trees	ms=0.50	meshes=14
335.1	DECO	si=27	zone=trees	ms=0.60	meshes=14
335.6	DECO	si=28	zone=trees	ms=0.50	meshes=11
336.0	DECO	si=29	zone=trees	ms=0.40	meshes=14
336.4	DECO	si=30	zone=trees	ms=0.40	meshes=10
336.8	DECO	si=31	zone=trees	ms=0.40	meshes=11
337.2	DECO	si=32	zone=trees	ms=0.40	meshes=12
337.6	DECO	si=33	zone=trees	ms=0.40	meshes=11
338.0	DECO	si=34	zone=trees	ms=0.40	meshes=13
338.6	DECO	si=35	zone=trees	ms=0.60	meshes=13
339.0	DECO	si=36	zone=trees	ms=0.40	meshes=11
339.4	DECO	si=37	zone=trees	ms=0.40	meshes=10
339.9	DECO	si=38	zone=trees	ms=0.50	meshes=13
340.3	DECO	si=39	zone=trees	ms=0.40	meshes=13
340.7	DECO	si=40	zone=trees	ms=0.40	meshes=11
341.0	DECO	si=41	zone=trees	ms=0.30	meshes=10
341.6	DECO	si=42	zone=trees	ms=0.60	meshes=16
342.1	DECO	si=43	zone=trees	ms=0.50	meshes=13
342.6	DECO	si=44	zone=trees	ms=0.50	meshes=14
343.0	DECO	si=45	zone=trees	ms=0.40	meshes=11
343.6	DECO	si=46	zone=trees	ms=0.60	meshes=15
344.2	DECO	si=47	zone=trees	ms=0.60	meshes=13
344.5	DECO	si=48	zone=trees	ms=0.30	meshes=12
345.1	DECO	si=49	zone=trees	ms=0.60	meshes=14
347.2	DECO	si=50	zone=trees	ms=2.10	meshes=15
347.7	DECO	si=51	zone=trees	ms=0.50	meshes=13
348.2	DECO	si=52	zone=trees	ms=0.50	meshes=14
349.0	DECO	si=53	zone=trees	ms=0.80	meshes=16
349.4	DECO	si=54	zone=trees	ms=0.40	meshes=13
349.8	DECO	si=55	zone=trees	ms=0.40	meshes=12
350.3	DECO	si=56	zone=trees	ms=0.50	meshes=12
350.9	DECO	si=57	zone=trees	ms=0.60	meshes=17
351.3	DECO	si=58	zone=trees	ms=0.40	meshes=13
351.8	DECO	si=59	zone=trees	ms=0.50	meshes=16
352.3	DECO	si=60	zone=trees	ms=0.50	meshes=13
352.9	DECO	si=61	zone=trees	ms=0.60	meshes=14
353.3	DECO	si=62	zone=trees	ms=0.40	meshes=12
353.7	DECO	si=63	zone=trees	ms=0.40	meshes=14
354.2	DECO	si=64	zone=trees	ms=0.50	meshes=13
354.6	DECO	si=65	zone=trees	ms=0.40	meshes=14
355.3	DECO	si=66	zone=trees	ms=0.70	meshes=15
355.8	DECO	si=67	zone=trees	ms=0.50	meshes=16
356.3	DECO	si=68	zone=trees	ms=0.50	meshes=13
356.7	DECO	si=69	zone=trees	ms=0.40	meshes=13
357.2	DECO	si=70	zone=trees	ms=0.50	meshes=14
1233.7	SHADER_PROG	count=20	was=0	seg=2	zone=trees
12189.8	DECO	si=71	zone=trees	ms=1.30	meshes=16
12289.5	DECO	si=72	zone=trees	ms=0.50	meshes=14
12406.4	DECO	si=73	zone=trees	ms=0.60	meshes=13
12522.4	DECO	si=74	zone=trees	ms=0.50	meshes=14
12656.2	DECO	si=75	zone=trees	ms=0.60	meshes=13
12789.6	DECO	si=76	zone=trees	ms=0.80	meshes=17
12939.8	DECO	si=77	zone=trees	ms=0.60	meshes=14
13089.6	DECO	si=78	zone=trees	ms=0.50	meshes=14
13125.3	SHADER_PROG	count=21	was=20	seg=13	zone=trees
13256.7	DECO	si=79	zone=trees	ms=0.60	meshes=15
13423.3	DECO	si=80	zone=trees	ms=0.80	meshes=17
13590.8	DECO	si=81	zone=trees	ms=0.50	meshes=13
13757.7	DECO	si=82	zone=trees	ms=0.70	meshes=17
13924.1	DECO	si=83	zone=trees	ms=0.50	meshes=14
14090.8	DECO	si=84	zone=trees	ms=0.60	meshes=13
14257.8	DECO	si=85	zone=trees	ms=0.60	meshes=15
14424.5	DECO	si=86	zone=trees	ms=0.60	meshes=12
14591.0	DECO	si=87	zone=trees	ms=0.60	meshes=12
14758.3	DECO	si=88	zone=trees	ms=0.50	meshes=16
14924.4	DECO	si=89	zone=trees	ms=0.50	meshes=13
15091.8	DECO	si=90	zone=trees	ms=1.10	meshes=16
15258.5	DECO	si=91	zone=trees	ms=0.70	meshes=16
15425.6	DECO	si=92	zone=trees	ms=0.50	meshes=14
15592.5	DECO	si=93	zone=trees	ms=0.70	meshes=17
15758.5	DECO	si=94	zone=trees	ms=0.50	meshes=13
15926.0	DECO	si=95	zone=trees	ms=0.90	meshes=17
16092.8	DECO	si=96	zone=trees	ms=0.80	meshes=14
16259.0	DECO	si=97	zone=trees	ms=0.60	meshes=16
16425.9	DECO	si=98	zone=trees	ms=0.60	meshes=13
16592.6	DECO	si=99	zone=trees	ms=0.50	meshes=14
16760.2	DECO	si=100	zone=trees	ms=0.60	meshes=17
16926.6	DECO	si=101	zone=trees	ms=0.70	meshes=19
17110.3	DECO	si=102	zone=trees	ms=0.70	meshes=17
17277.2	DECO	si=103	zone=trees	ms=0.90	meshes=19
17444.7	DECO	si=104	zone=trees	ms=1.30	meshes=14
17610.0	DECO	si=105	zone=trees	ms=0.60	meshes=13
17777.1	DECO	si=106	zone=dirt	ms=0.20	meshes=7
17944.1	DECO	si=107	zone=dirt	ms=0.20	meshes=11
18110.1	DECO	si=108	zone=dirt	ms=0.10	meshes=5
18276.6	DECO	si=109	zone=dirt	ms=0.10	meshes=7
18443.4	DECO	si=110	zone=dirt	ms=0.20	meshes=9
18611.0	DECO	si=111	zone=dirt	ms=0.10	meshes=12
18781.5	DECO	si=112	zone=dirt	ms=0.30	meshes=13
21164.2	SHADER_PROG	count=32	was=21	seg=47	zone=trees
21229.1	DECO	si=113	zone=dirt	ms=0.10	meshes=8
21396.1	DECO	si=114	zone=dirt	ms=0.20	meshes=14
21565.6	DECO	si=115	zone=dirt	ms=0.10	meshes=2
21732.7	DECO	si=116	zone=dirt	ms=0.20	meshes=9
21898.3	ZONE_CHANGE	→ buildings	si=192	zoneLeft=44
21898.4	DECO	si=117	zone=dirt	ms=0.10	meshes=7
21932.2	SHADER_PROG	count=33	was=32	seg=52	zone=trees
22148.1	DECO	si=118	zone=dirt	ms=0.10	meshes=5
22316.5	SHADER_PROG	count=34	was=33	seg=53	zone=trees
22333.3	DECO	si=119	zone=dirt	ms=0.10	meshes=14
22564.5	DECO	si=120	zone=dirt	ms=0.10	meshes=9
22731.8	DECO	si=121	zone=dirt	ms=0.10	meshes=2
22899.5	DECO	si=122	zone=dirt	ms=0.10	meshes=9
23066.3	DECO	si=123	zone=dirt	ms=0.20	meshes=5
23231.8	DECO	si=124	zone=dirt	ms=0.20	meshes=10
23398.9	DECO	si=125	zone=dirt	ms=0.00	meshes=2
23565.0	DECO	si=126	zone=dirt	ms=0.10	meshes=10
23731.8	DECO	si=127	zone=dirt	ms=0.10	meshes=8
23899.0	DECO	si=128	zone=dirt	ms=0.20	meshes=5
24081.6	DECO	si=129	zone=dirt	ms=0.10	meshes=8
24344.2	DECO	si=130	zone=dirt	ms=0.10	meshes=10
24582.2	DECO	si=131	zone=dirt	ms=0.20	meshes=9
24965.9	DECO	si=132	zone=dirt	ms=0.10	meshes=7
306.9	ZONE_CHANGE	→ tunnel	si=54	zoneLeft=27
307.0	ZONE_CHANGE	→ ether	si=82	zoneLeft=16
307.0	ZONE_CHANGE	→ buildings	si=99	zoneLeft=29
307.0	ZONE_CHANGE	→ ether	si=129	zoneLeft=53
307.0	ZONE_CHANGE	→ trees	si=183	zoneLeft=20
318.9	DECO	si=0	zone=trees	ms=3.00	meshes=11
320.5	DECO	si=1	zone=trees	ms=1.60	meshes=13
321.7	DECO	si=2	zone=trees	ms=1.20	meshes=14
322.8	DECO	si=3	zone=trees	ms=1.10	meshes=10
324.3	DECO	si=4	zone=trees	ms=1.50	meshes=13
325.4	DECO	si=5	zone=trees	ms=1.10	meshes=11
326.3	DECO	si=6	zone=trees	ms=0.90	meshes=12
327.2	DECO	si=7	zone=trees	ms=0.90	meshes=11
327.8	DECO	si=8	zone=trees	ms=0.60	meshes=10
328.6	DECO	si=9	zone=trees	ms=0.80	meshes=11
329.9	DECO	si=10	zone=trees	ms=1.30	meshes=13
331.0	DECO	si=11	zone=trees	ms=1.10	meshes=13
331.7	DECO	si=12	zone=trees	ms=0.70	meshes=9
332.6	DECO	si=13	zone=trees	ms=0.90	meshes=11
333.3	DECO	si=14	zone=trees	ms=0.70	meshes=11
334.3	DECO	si=15	zone=trees	ms=1.00	meshes=13
335.1	DECO	si=16	zone=trees	ms=0.80	meshes=12
336.4	DECO	si=17	zone=trees	ms=1.30	meshes=15
337.4	DECO	si=18	zone=trees	ms=1.00	meshes=12
338.3	DECO	si=19	zone=trees	ms=0.90	meshes=13
343.7	DECO	si=20	zone=trees	ms=5.40	meshes=13
344.3	DECO	si=21	zone=trees	ms=0.60	meshes=11
344.7	DECO	si=22	zone=trees	ms=0.40	meshes=13
345.1	DECO	si=23	zone=trees	ms=0.40	meshes=9
345.5	DECO	si=24	zone=trees	ms=0.40	meshes=11
345.8	DECO	si=25	zone=trees	ms=0.30	meshes=11
346.2	DECO	si=26	zone=trees	ms=0.40	meshes=12
346.7	DECO	si=27	zone=trees	ms=0.50	meshes=12
347.1	DECO	si=28	zone=trees	ms=0.40	meshes=13
347.5	DECO	si=29	zone=trees	ms=0.40	meshes=11
347.9	DECO	si=30	zone=trees	ms=0.40	meshes=11
348.5	DECO	si=31	zone=trees	ms=0.60	meshes=13
349.0	DECO	si=32	zone=trees	ms=0.50	meshes=13
349.3	DECO	si=33	zone=trees	ms=0.30	meshes=10
349.9	DECO	si=34	zone=trees	ms=0.60	meshes=16
350.7	DECO	si=35	zone=trees	ms=0.80	meshes=15
351.2	DECO	si=36	zone=trees	ms=0.50	meshes=15
351.7	DECO	si=37	zone=trees	ms=0.50	meshes=13
352.2	DECO	si=38	zone=trees	ms=0.50	meshes=13
352.7	DECO	si=39	zone=trees	ms=0.50	meshes=12
353.1	DECO	si=40	zone=trees	ms=0.40	meshes=13
353.8	DECO	si=41	zone=trees	ms=0.70	meshes=15
354.2	DECO	si=42	zone=trees	ms=0.40	meshes=11
354.8	DECO	si=43	zone=trees	ms=0.60	meshes=13
355.1	DECO	si=44	zone=trees	ms=0.30	meshes=10
355.5	DECO	si=45	zone=trees	ms=0.30	meshes=10
355.9	DECO	si=46	zone=trees	ms=0.40	meshes=13
356.4	DECO	si=47	zone=trees	ms=0.50	meshes=12
356.8	DECO	si=48	zone=trees	ms=0.40	meshes=11
357.3	DECO	si=49	zone=trees	ms=0.50	meshes=14
357.6	DECO	si=50	zone=trees	ms=0.30	meshes=11
358.1	DECO	si=51	zone=trees	ms=0.50	meshes=13
358.5	DECO	si=52	zone=trees	ms=0.40	meshes=10
358.9	DECO	si=53	zone=trees	ms=0.40	meshes=13
359.5	DECO	si=54	zone=tunnel	ms=0.60	meshes=27
359.9	DECO	si=55	zone=tunnel	ms=0.40	meshes=27
360.3	DECO	si=56	zone=tunnel	ms=0.40	meshes=27
360.7	DECO	si=57	zone=tunnel	ms=0.40	meshes=27
361.1	DECO	si=58	zone=tunnel	ms=0.40	meshes=27
361.5	DECO	si=59	zone=tunnel	ms=0.40	meshes=27
361.8	DECO	si=60	zone=tunnel	ms=0.30	meshes=27
362.3	DECO	si=61	zone=tunnel	ms=0.50	meshes=27
362.7	DECO	si=62	zone=tunnel	ms=0.40	meshes=27
363.1	DECO	si=63	zone=tunnel	ms=0.40	meshes=27
363.5	DECO	si=64	zone=tunnel	ms=0.40	meshes=27
363.9	DECO	si=65	zone=tunnel	ms=0.40	meshes=27
364.2	DECO	si=66	zone=tunnel	ms=0.30	meshes=27
364.6	DECO	si=67	zone=tunnel	ms=0.40	meshes=27
365.1	DECO	si=68	zone=tunnel	ms=0.50	meshes=27
365.4	DECO	si=69	zone=tunnel	ms=0.30	meshes=27
365.9	DECO	si=70	zone=tunnel	ms=0.50	meshes=27
2027.3	SHADER_PROG	count=20	was=0	seg=2	zone=trees
12832.2	DECO	si=71	zone=tunnel	ms=1.00	meshes=27
12851.5	SHADER_PROG	count=21	was=20	seg=6	zone=trees
12981.9	DECO	si=72	zone=tunnel	ms=0.60	meshes=27
13131.9	DECO	si=73	zone=tunnel	ms=0.50	meshes=27
13298.3	DECO	si=74	zone=tunnel	ms=0.50	meshes=27
13482.0	DECO	si=75	zone=tunnel	ms=0.40	meshes=27
13648.7	DECO	si=76	zone=tunnel	ms=0.40	meshes=27
13815.6	DECO	si=77	zone=tunnel	ms=0.50	meshes=27
13999.0	DECO	si=78	zone=tunnel	ms=0.40	meshes=27
14166.2	DECO	si=79	zone=tunnel	ms=0.50	meshes=27
14332.7	DECO	si=80	zone=tunnel	ms=0.60	meshes=27
14499.5	DECO	si=81	zone=tunnel	ms=0.40	meshes=27
14689.8	DECO	si=82	zone=ether	ms=7.30	meshes=3
17030.3	SHADER_PROG	count=41	was=21	seg=17	zone=trees
17134.7	SHADER_PROG	count=42	was=41	seg=17	zone=trees
17168.2	DECO	si=83	zone=ether	ms=0.20	meshes=2
17368.1	DECO	si=84	zone=ether	ms=0.30	meshes=2
17618.7	DECO	si=85	zone=ether	ms=0.20	meshes=2
17935.6	DECO	si=86	zone=ether	ms=0.20	meshes=2
387.4	ZONE_CHANGE	→ bridge	si=54	zoneLeft=24
387.5	ZONE_CHANGE	→ buildings	si=79	zoneLeft=38
387.5	ZONE_CHANGE	→ mountains	si=118	zoneLeft=50
387.5	ZONE_CHANGE	→ bridge	si=169	zoneLeft=16
387.5	ZONE_CHANGE	→ trees	si=186	zoneLeft=22
393.2	DECO	si=0	zone=trees	ms=1.20	meshes=9
393.9	DECO	si=1	zone=trees	ms=0.70	meshes=10
394.5	DECO	si=2	zone=trees	ms=0.60	meshes=11
395.0	DECO	si=3	zone=trees	ms=0.50	meshes=10
395.6	DECO	si=4	zone=trees	ms=0.60	meshes=12
396.1	DECO	si=5	zone=trees	ms=0.50	meshes=10
396.5	DECO	si=6	zone=trees	ms=0.40	meshes=10
397.1	DECO	si=7	zone=trees	ms=0.60	meshes=13
397.4	DECO	si=8	zone=trees	ms=0.30	meshes=11
397.8	DECO	si=9	zone=trees	ms=0.40	meshes=13
398.4	DECO	si=10	zone=trees	ms=0.60	meshes=12
398.9	DECO	si=11	zone=trees	ms=0.50	meshes=13
399.3	DECO	si=12	zone=trees	ms=0.40	meshes=10
399.6	DECO	si=13	zone=trees	ms=0.30	meshes=10
399.9	DECO	si=14	zone=trees	ms=0.30	meshes=9
400.4	DECO	si=15	zone=trees	ms=0.50	meshes=12
400.9	DECO	si=16	zone=trees	ms=0.50	meshes=13
401.4	DECO	si=17	zone=trees	ms=0.50	meshes=12
402.0	DECO	si=18	zone=trees	ms=0.60	meshes=12
402.3	DECO	si=19	zone=trees	ms=0.30	meshes=13
402.7	DECO	si=20	zone=trees	ms=0.40	meshes=11
403.1	DECO	si=21	zone=trees	ms=0.40	meshes=12
403.6	DECO	si=22	zone=trees	ms=0.50	meshes=14
404.0	DECO	si=23	zone=trees	ms=0.40	meshes=13
404.6	DECO	si=24	zone=trees	ms=0.60	meshes=14
404.9	DECO	si=25	zone=trees	ms=0.30	meshes=11
405.4	DECO	si=26	zone=trees	ms=0.50	meshes=12
405.7	DECO	si=27	zone=trees	ms=0.30	meshes=11
406.2	DECO	si=28	zone=trees	ms=0.50	meshes=12
406.7	DECO	si=29	zone=trees	ms=0.50	meshes=13
407.1	DECO	si=30	zone=trees	ms=0.40	meshes=14
407.6	DECO	si=31	zone=trees	ms=0.50	meshes=13
409.6	DECO	si=32	zone=trees	ms=2.00	meshes=13
410.1	DECO	si=33	zone=trees	ms=0.50	meshes=14
410.5	DECO	si=34	zone=trees	ms=0.40	meshes=13
411.0	DECO	si=35	zone=trees	ms=0.50	meshes=13
411.3	DECO	si=36	zone=trees	ms=0.30	meshes=12
411.8	DECO	si=37	zone=trees	ms=0.50	meshes=14
412.4	DECO	si=38	zone=trees	ms=0.60	meshes=13
412.8	DECO	si=39	zone=trees	ms=0.40	meshes=13
413.4	DECO	si=40	zone=trees	ms=0.60	meshes=12
413.9	DECO	si=41	zone=trees	ms=0.50	meshes=15
414.3	DECO	si=42	zone=trees	ms=0.40	meshes=11
414.8	DECO	si=43	zone=trees	ms=0.50	meshes=13
415.1	DECO	si=44	zone=trees	ms=0.30	meshes=12
415.7	DECO	si=45	zone=trees	ms=0.60	meshes=14
416.0	DECO	si=46	zone=trees	ms=0.30	meshes=13
416.5	DECO	si=47	zone=trees	ms=0.50	meshes=12
417.1	DECO	si=48	zone=trees	ms=0.60	meshes=13
417.6	DECO	si=49	zone=trees	ms=0.50	meshes=14
418.1	DECO	si=50	zone=trees	ms=0.50	meshes=14
418.7	DECO	si=51	zone=trees	ms=0.60	meshes=14
419.3	DECO	si=52	zone=trees	ms=0.60	meshes=16
419.9	DECO	si=53	zone=trees	ms=0.60	meshes=13
419.9	DECO	si=54	zone=bridge	ms=0.00	meshes=5
420.0	DECO	si=55	zone=bridge	ms=0.10	meshes=4
420.1	DECO	si=56	zone=bridge	ms=0.10	meshes=4
420.1	DECO	si=57	zone=bridge	ms=0.00	meshes=4
420.2	DECO	si=58	zone=bridge	ms=0.10	meshes=4
420.2	DECO	si=59	zone=bridge	ms=0.00	meshes=4
422.8	DECO	si=60	zone=bridge	ms=2.60	meshes=52
422.8	DECO	si=61	zone=bridge	ms=0.00	meshes=4
422.9	DECO	si=62	zone=bridge	ms=0.10	meshes=4
423.0	DECO	si=63	zone=bridge	ms=0.10	meshes=4
423.0	DECO	si=64	zone=bridge	ms=0.00	meshes=4
423.0	DECO	si=65	zone=bridge	ms=0.00	meshes=4
423.1	DECO	si=66	zone=bridge	ms=0.10	meshes=4
423.1	DECO	si=67	zone=bridge	ms=0.00	meshes=4
423.2	DECO	si=68	zone=bridge	ms=0.10	meshes=4
423.2	DECO	si=69	zone=bridge	ms=0.00	meshes=4
423.2	DECO	si=70	zone=bridge	ms=0.00	meshes=4
696.5	ZONE_CHANGE	→ tunnel	si=54	zoneLeft=41
696.6	ZONE_CHANGE	→ buildings	si=96	zoneLeft=37
696.6	ZONE_CHANGE	→ ether	si=134	zoneLeft=18
696.6	ZONE_CHANGE	→ buildings	si=153	zoneLeft=18
696.6	ZONE_CHANGE	→ bridge	si=172	zoneLeft=36
706.5	DECO	si=0	zone=trees	ms=1.40	meshes=10
707.1	DECO	si=1	zone=trees	ms=0.60	meshes=10
707.8	DECO	si=2	zone=trees	ms=0.70	meshes=12
708.6	DECO	si=3	zone=trees	ms=0.80	meshes=11
709.2	DECO	si=4	zone=trees	ms=0.60	meshes=13
709.9	DECO	si=5	zone=trees	ms=0.70	meshes=11
710.3	DECO	si=6	zone=trees	ms=0.40	meshes=10
711.0	DECO	si=7	zone=trees	ms=0.70	meshes=13
712.1	DECO	si=8	zone=trees	ms=1.10	meshes=12
712.5	DECO	si=9	zone=trees	ms=0.40	meshes=10
713.0	DECO	si=10	zone=trees	ms=0.50	meshes=12
713.5	DECO	si=11	zone=trees	ms=0.50	meshes=11
713.9	DECO	si=12	zone=trees	ms=0.40	meshes=11
714.4	DECO	si=13	zone=trees	ms=0.50	meshes=11
714.9	DECO	si=14	zone=trees	ms=0.50	meshes=12
715.2	DECO	si=15	zone=trees	ms=0.30	meshes=9
715.6	DECO	si=16	zone=trees	ms=0.40	meshes=9
716.1	DECO	si=17	zone=trees	ms=0.50	meshes=11
716.6	DECO	si=18	zone=trees	ms=0.50	meshes=12
717.1	DECO	si=19	zone=trees	ms=0.50	meshes=11
718.3	DECO	si=20	zone=trees	ms=1.20	meshes=11
718.8	DECO	si=21	zone=trees	ms=0.50	meshes=13
719.1	DECO	si=22	zone=trees	ms=0.30	meshes=13
719.5	DECO	si=23	zone=trees	ms=0.40	meshes=10
720.1	DECO	si=24	zone=trees	ms=0.60	meshes=12
720.5	DECO	si=25	zone=trees	ms=0.40	meshes=12
721.1	DECO	si=26	zone=trees	ms=0.60	meshes=14
721.6	DECO	si=27	zone=trees	ms=0.50	meshes=14
722.1	DECO	si=28	zone=trees	ms=0.50	meshes=12
722.3	DECO	si=29	zone=trees	ms=0.20	meshes=10
722.8	DECO	si=30	zone=trees	ms=0.50	meshes=10
723.9	DECO	si=31	zone=trees	ms=1.10	meshes=12
724.4	DECO	si=32	zone=trees	ms=0.50	meshes=14
724.8	DECO	si=33	zone=trees	ms=0.40	meshes=11
725.4	DECO	si=34	zone=trees	ms=0.60	meshes=15
725.8	DECO	si=35	zone=trees	ms=0.40	meshes=13
726.3	DECO	si=36	zone=trees	ms=0.50	meshes=10
726.8	DECO	si=37	zone=trees	ms=0.50	meshes=12
727.2	DECO	si=38	zone=trees	ms=0.40	meshes=11
727.6	DECO	si=39	zone=trees	ms=0.40	meshes=12
728.2	DECO	si=40	zone=trees	ms=0.60	meshes=14
729.0	DECO	si=41	zone=trees	ms=0.80	meshes=15
729.6	DECO	si=42	zone=trees	ms=0.60	meshes=16
730.2	DECO	si=43	zone=trees	ms=0.60	meshes=14
730.9	DECO	si=44	zone=trees	ms=0.70	meshes=16
731.7	DECO	si=45	zone=trees	ms=0.80	meshes=12
732.4	DECO	si=46	zone=trees	ms=0.70	meshes=13
733.3	DECO	si=47	zone=trees	ms=0.90	meshes=14
733.9	DECO	si=48	zone=trees	ms=0.60	meshes=11
734.6	DECO	si=49	zone=trees	ms=0.70	meshes=14
735.3	DECO	si=50	zone=trees	ms=0.70	meshes=11
736.0	DECO	si=51	zone=trees	ms=0.70	meshes=14
736.7	DECO	si=52	zone=trees	ms=0.70	meshes=14
738.5	DECO	si=53	zone=trees	ms=1.80	meshes=15
739.4	DECO	si=54	zone=tunnel	ms=0.90	meshes=27
740.0	DECO	si=55	zone=tunnel	ms=0.60	meshes=27
740.4	DECO	si=56	zone=tunnel	ms=0.40	meshes=27
740.9	DECO	si=57	zone=tunnel	ms=0.50	meshes=27
741.4	DECO	si=58	zone=tunnel	ms=0.50	meshes=27
742.0	DECO	si=59	zone=tunnel	ms=0.60	meshes=27
742.7	DECO	si=60	zone=tunnel	ms=0.70	meshes=27
743.4	DECO	si=61	zone=tunnel	ms=0.70	meshes=27
744.1	DECO	si=62	zone=tunnel	ms=0.70	meshes=27
744.7	DECO	si=63	zone=tunnel	ms=0.60	meshes=27
745.3	DECO	si=64	zone=tunnel	ms=0.60	meshes=27
746.0	DECO	si=65	zone=tunnel	ms=0.70	meshes=27
746.7	DECO	si=66	zone=tunnel	ms=0.70	meshes=27
747.3	DECO	si=67	zone=tunnel	ms=0.60	meshes=27
748.0	DECO	si=68	zone=tunnel	ms=0.70	meshes=27
748.7	DECO	si=69	zone=tunnel	ms=0.70	meshes=27
749.3	DECO	si=70	zone=tunnel	ms=0.60	meshes=27
277.3	ZONE_CHANGE	→ dirt	si=54	zoneLeft=25
277.3	ZONE_CHANGE	→ trees	si=80	zoneLeft=23
277.3	ZONE_CHANGE	→ buildings	si=104	zoneLeft=41
277.4	ZONE_CHANGE	→ buildings	si=146	zoneLeft=51
285.1	DECO	si=0	zone=trees	ms=1.00	meshes=9
285.8	DECO	si=1	zone=trees	ms=0.70	meshes=11
286.5	DECO	si=2	zone=trees	ms=0.70	meshes=12
287.0	DECO	si=3	zone=trees	ms=0.50	meshes=11
287.6	DECO	si=4	zone=trees	ms=0.60	meshes=13
288.0	DECO	si=5	zone=trees	ms=0.40	meshes=12
288.4	DECO	si=6	zone=trees	ms=0.40	meshes=10
288.9	DECO	si=7	zone=trees	ms=0.50	meshes=12
289.3	DECO	si=8	zone=trees	ms=0.40	meshes=10
289.8	DECO	si=9	zone=trees	ms=0.50	meshes=13
290.2	DECO	si=10	zone=trees	ms=0.40	meshes=13
290.7	DECO	si=11	zone=trees	ms=0.50	meshes=10
291.2	DECO	si=12	zone=trees	ms=0.50	meshes=12
291.4	DECO	si=13	zone=trees	ms=0.20	meshes=9
291.8	DECO	si=14	zone=trees	ms=0.40	meshes=10
292.2	DECO	si=15	zone=trees	ms=0.40	meshes=11
292.8	DECO	si=16	zone=trees	ms=0.50	meshes=11
293.3	DECO	si=17	zone=trees	ms=0.50	meshes=12
293.6	DECO	si=18	zone=trees	ms=0.30	meshes=10
294.1	DECO	si=19	zone=trees	ms=0.50	meshes=13
294.4	DECO	si=20	zone=trees	ms=0.30	meshes=12
294.8	DECO	si=21	zone=trees	ms=0.40	meshes=12
295.3	DECO	si=22	zone=trees	ms=0.50	meshes=13
295.7	DECO	si=23	zone=trees	ms=0.40	meshes=10
296.2	DECO	si=24	zone=trees	ms=0.50	meshes=14
296.5	DECO	si=25	zone=trees	ms=0.30	meshes=12
297.0	DECO	si=26	zone=trees	ms=0.50	meshes=13
297.5	DECO	si=27	zone=trees	ms=0.50	meshes=12
297.9	DECO	si=28	zone=trees	ms=0.40	meshes=13
298.2	DECO	si=29	zone=trees	ms=0.30	meshes=11
298.6	DECO	si=30	zone=trees	ms=0.30	meshes=10
299.1	DECO	si=31	zone=trees	ms=0.50	meshes=13
299.6	DECO	si=32	zone=trees	ms=0.50	meshes=14
300.0	DECO	si=33	zone=trees	ms=0.40	meshes=14
300.5	DECO	si=34	zone=trees	ms=0.50	meshes=14
301.1	DECO	si=35	zone=trees	ms=0.60	meshes=13
301.4	DECO	si=36	zone=trees	ms=0.30	meshes=12
303.4	DECO	si=37	zone=trees	ms=2.00	meshes=12
303.9	DECO	si=38	zone=trees	ms=0.50	meshes=14
304.3	DECO	si=39	zone=trees	ms=0.40	meshes=10
304.8	DECO	si=40	zone=trees	ms=0.40	meshes=14
305.2	DECO	si=41	zone=trees	ms=0.40	meshes=13
305.7	DECO	si=42	zone=trees	ms=0.50	meshes=14
306.0	DECO	si=43	zone=trees	ms=0.30	meshes=11
306.5	DECO	si=44	zone=trees	ms=0.50	meshes=13
306.9	DECO	si=45	zone=trees	ms=0.40	meshes=14
307.3	DECO	si=46	zone=trees	ms=0.40	meshes=11
308.0	DECO	si=47	zone=trees	ms=0.70	meshes=14
308.5	DECO	si=48	zone=trees	ms=0.50	meshes=12
309.0	DECO	si=49	zone=trees	ms=0.50	meshes=12
309.5	DECO	si=50	zone=trees	ms=0.50	meshes=15
310.0	DECO	si=51	zone=trees	ms=0.50	meshes=14
310.4	DECO	si=52	zone=trees	ms=0.40	meshes=13
311.0	DECO	si=53	zone=trees	ms=0.60	meshes=15
311.3	DECO	si=54	zone=dirt	ms=0.30	meshes=9
311.4	DECO	si=55	zone=dirt	ms=0.10	meshes=5
311.6	DECO	si=56	zone=dirt	ms=0.20	meshes=10
311.7	DECO	si=57	zone=dirt	ms=0.10	meshes=16
311.8	DECO	si=58	zone=dirt	ms=0.10	meshes=7
311.8	DECO	si=59	zone=dirt	ms=0.00	meshes=13
311.9	DECO	si=60	zone=dirt	ms=0.10	meshes=6
312.0	DECO	si=61	zone=dirt	ms=0.10	meshes=2
312.1	DECO	si=62	zone=dirt	ms=0.10	meshes=13
312.2	DECO	si=63	zone=dirt	ms=0.10	meshes=2
312.2	DECO	si=64	zone=dirt	ms=0.00	meshes=2
312.3	DECO	si=65	zone=dirt	ms=0.10	meshes=10
312.4	DECO	si=66	zone=dirt	ms=0.10	meshes=10
312.5	DECO	si=67	zone=dirt	ms=0.10	meshes=12
312.6	DECO	si=68	zone=dirt	ms=0.10	meshes=2
312.6	DECO	si=69	zone=dirt	ms=0.00	meshes=7
312.7	DECO	si=70	zone=dirt	ms=0.10	meshes=6
2579.6	SHADER_PROG	count=24	was=0	seg=2	zone=trees
164620.8	DECO	si=71	zone=dirt	ms=0.30	meshes=5
164754.2	DECO	si=72	zone=dirt	ms=0.10	meshes=14
164887.6	DECO	si=73	zone=dirt	ms=0.10	meshes=2
165021.3	DECO	si=74	zone=dirt	ms=0.20	meshes=6
165171.2	DECO	si=75	zone=dirt	ms=0.20	meshes=13
165337.9	DECO	si=76	zone=dirt	ms=0.20	meshes=14
165504.8	DECO	si=77	zone=dirt	ms=0.20	meshes=6
165671.5	DECO	si=78	zone=dirt	ms=0.20	meshes=8
165838.3	DECO	si=79	zone=dirt	ms=0.20	meshes=19
166005.7	DECO	si=80	zone=trees	ms=0.70	meshes=15
166172.7	DECO	si=81	zone=trees	ms=0.70	meshes=17
166356.8	DECO	si=82	zone=trees	ms=0.70	meshes=16
166357.0	SHADER_PROG	count=25	was=24	seg=17	zone=trees
166522.2	DECO	si=83	zone=trees	ms=0.80	meshes=17
166689.1	DECO	si=84	zone=trees	ms=0.90	meshes=17
166855.8	DECO	si=85	zone=trees	ms=0.60	meshes=16
166972.3	DECO	si=86	zone=trees	ms=0.70	meshes=16
167056.0	DECO	si=87	zone=trees	ms=0.80	meshes=17
167156.3	DECO	si=88	zone=trees	ms=0.80	meshes=18
167256.3	DECO	si=89	zone=trees	ms=0.70	meshes=14
167339.5	DECO	si=90	zone=trees	ms=0.70	meshes=16
167439.7	DECO	si=91	zone=trees	ms=0.60	meshes=14
167523.0	DECO	si=92	zone=trees	ms=0.60	meshes=16
167623.1	DECO	si=93	zone=trees	ms=0.60	meshes=15
167706.6	DECO	si=94	zone=trees	ms=0.70	meshes=16
167806.2	DECO	si=95	zone=trees	ms=0.70	meshes=14
167890.5	DECO	si=96	zone=trees	ms=0.50	meshes=16
169041.0	DECO	si=97	zone=trees	ms=0.60	meshes=15
169191.2	DECO	si=98	zone=trees	ms=0.90	meshes=17
169307.5	DECO	si=99	zone=trees	ms=0.60	meshes=14
169391.0	DECO	si=100	zone=trees	ms=0.80	meshes=18
169491.3	DECO	si=101	zone=trees	ms=0.70	meshes=15
169574.5	DECO	si=102	zone=trees	ms=0.60	meshes=16
169674.6	DECO	si=103	zone=trees	ms=0.80	meshes=17
169760.6	DECO	si=104	zone=buildings	ms=2.70	meshes=7
169859.1	DECO	si=105	zone=buildings	ms=1.80	meshes=7
169995.3	DECO	si=106	zone=buildings	ms=4.30	meshes=7
170159.9	DECO	si=107	zone=buildings	ms=1.90	meshes=6
170326.4	DECO	si=108	zone=buildings	ms=1.70	meshes=6
170426.5	DECO	si=109	zone=buildings	ms=1.60	meshes=7
170527.5	DECO	si=110	zone=buildings	ms=2.50	meshes=7
170609.5	DECO	si=111	zone=buildings	ms=1.20	meshes=7
170710.7	DECO	si=112	zone=buildings	ms=2.30	meshes=7
170792.6	DECO	si=113	zone=buildings	ms=1.10	meshes=7
170894.1	DECO	si=114	zone=buildings	ms=2.40	meshes=6
170976.8	DECO	si=115	zone=buildings	ms=1.80	meshes=7
171076.8	DECO	si=116	zone=buildings	ms=1.80	meshes=7
171176.7	DECO	si=117	zone=buildings	ms=1.30	meshes=7
171260.1	DECO	si=118	zone=buildings	ms=1.50	meshes=7
171360.5	DECO	si=119	zone=buildings	ms=1.70	meshes=7
171460.1	DECO	si=120	zone=buildings	ms=1.50	meshes=7
171561.3	DECO	si=121	zone=buildings	ms=1.80	meshes=7
172158.3	SHADER_PROG	count=26	was=25	seg=56	zone=dirt
172183.5	DECO	si=122	zone=buildings	ms=2.00	meshes=6
172293.5	ZONE_CHANGE	→ buildings	si=198	zoneLeft=31
172295.2	DECO	si=123	zone=buildings	ms=1.60	meshes=7
172697.4	SHADER_PROG	count=27	was=26	seg=58	zone=dirt
172761.5	DECO	si=124	zone=buildings	ms=1.90	meshes=7
172861.4	DECO	si=125	zone=buildings	ms=1.50	meshes=7
172978.2	DECO	si=126	zone=intersection	ms=1.50	meshes=37
173683.2	SHADER_PROG	count=29	was=27	seg=61	zone=dirt
173762.6	DECO	si=127	zone=buildings	ms=1.50	meshes=7
173862.8	DECO	si=128	zone=buildings	ms=1.70	meshes=7
173979.3	DECO	si=129	zone=buildings	ms=1.30	meshes=6
174079.6	DECO	si=130	zone=buildings	ms=1.40	meshes=6
174176.6	SHADER_PROG	count=30	was=29	seg=65	zone=dirt
174190.9	DECO	si=131	zone=buildings	ms=1.70	meshes=7
174789.2	SHADER_PROG	count=31	was=30	seg=66	zone=dirt
174879.6	DECO	si=132	zone=buildings	ms=1.60	meshes=7
174980.4	DECO	si=133	zone=buildings	ms=1.50	meshes=6
175080.1	DECO	si=134	zone=buildings	ms=1.40	meshes=7
175196.4	DECO	si=135	zone=buildings	ms=1.40	meshes=7
175297.2	DECO	si=136	zone=buildings	ms=1.70	meshes=7
175397.0	DECO	si=137	zone=buildings	ms=1.80	meshes=7
175581.0	DECO	si=138	zone=buildings	ms=1.60	meshes=7
175781.5	DECO	si=139	zone=buildings	ms=1.90	meshes=7
175964.5	DECO	si=140	zone=buildings	ms=1.90	meshes=7
176080.7	DECO	si=141	zone=buildings	ms=1.50	meshes=7
176181.2	DECO	si=142	zone=buildings	ms=2.10	meshes=6
176298.2	DECO	si=143	zone=buildings	ms=1.90	meshes=6
176397.7	DECO	si=144	zone=buildings	ms=1.50	meshes=7
176498.5	DECO	si=145	zone=buildings	ms=1.70	meshes=7
176597.9	DECO	si=146	zone=buildings	ms=1.20	meshes=7
176699.2	DECO	si=147	zone=buildings	ms=2.50	meshes=6
176781.7	DECO	si=148	zone=buildings	ms=1.50	meshes=7
176881.2	DECO	si=149	zone=intersection	ms=1.10	meshes=37
176965.1	DECO	si=150	zone=buildings	ms=1.60	meshes=7
177064.9	DECO	si=151	zone=buildings	ms=1.50	meshes=7
177148.2	DECO	si=152	zone=buildings	ms=1.50	meshes=7
177249.0	DECO	si=153	zone=buildings	ms=1.80	meshes=7
177332.5	DECO	si=154	zone=buildings	ms=1.80	meshes=7
177430.6	ZONE_CHANGE	→ trees	si=230	zoneLeft=15
177432.1	DECO	si=155	zone=buildings	ms=1.40	meshes=7
177533.3	DECO	si=156	zone=buildings	ms=2.40	meshes=6
177616.1	DECO	si=157	zone=buildings	ms=1.80	meshes=7
177716.2	DECO	si=158	zone=buildings	ms=2.10	meshes=7
177798.7	DECO	si=159	zone=buildings	ms=1.30	meshes=7
177899.4	DECO	si=160	zone=buildings	ms=1.70	meshes=7
177982.5	DECO	si=161	zone=buildings	ms=1.50	meshes=7
178082.7	DECO	si=162	zone=buildings	ms=1.70	meshes=7
178165.6	DECO	si=163	zone=buildings	ms=1.50	meshes=7
178266.0	DECO	si=164	zone=buildings	ms=1.40	meshes=7
178366.1	DECO	si=165	zone=buildings	ms=1.60	meshes=7
178449.2	DECO	si=166	zone=buildings	ms=1.50	meshes=7
178549.5	DECO	si=167	zone=buildings	ms=1.10	meshes=6
178632.7	DECO	si=168	zone=buildings	ms=1.40	meshes=7
178733.2	DECO	si=169	zone=buildings	ms=1.40	meshes=7
178816.6	DECO	si=170	zone=buildings	ms=1.30	meshes=7
178914.9	ZONE_CHANGE	→ buildings	si=246	zoneLeft=18
178916.3	DECO	si=171	zone=buildings	ms=1.40	meshes=6
179015.8	DECO	si=172	zone=intersection	ms=1.00	meshes=37
179184.0	DECO	si=173	zone=buildings	ms=1.70	meshes=7
179350.6	DECO	si=174	zone=buildings	ms=1.50	meshes=7
179516.9	DECO	si=175	zone=buildings	ms=1.40	meshes=7
179683.9	DECO	si=176	zone=buildings	ms=1.50	meshes=7
179850.7	DECO	si=177	zone=buildings	ms=1.90	meshes=6
180017.5	DECO	si=178	zone=buildings	ms=1.60	meshes=7
180184.3	DECO	si=179	zone=buildings	ms=1.80	meshes=7
180351.1	DECO	si=180	zone=buildings	ms=1.20	meshes=7
180517.6	DECO	si=181	zone=buildings	ms=1.60	meshes=7
180684.2	DECO	si=182	zone=buildings	ms=1.30	meshes=7
180851.6	DECO	si=183	zone=buildings	ms=1.70	meshes=7
181018.1	DECO	si=184	zone=buildings	ms=1.50	meshes=7
181184.5	DECO	si=185	zone=buildings	ms=1.30	meshes=7
181352.1	DECO	si=186	zone=buildings	ms=1.50	meshes=7
181518.5	DECO	si=187	zone=buildings	ms=1.80	meshes=6
181684.8	DECO	si=188	zone=buildings	ms=1.20	meshes=6
181860.5	DECO	si=189	zone=buildings	ms=9.40	meshes=7
182017.6	ZONE_CHANGE	→ buildings	si=265	zoneLeft=37
182019.4	DECO	si=190	zone=buildings	ms=1.70	meshes=7
182185.3	DECO	si=191	zone=buildings	ms=1.50	meshes=7
182352.4	DECO	si=192	zone=buildings	ms=1.50	meshes=7
182519.8	DECO	si=193	zone=buildings	ms=1.70	meshes=7
182686.1	DECO	si=194	zone=buildings	ms=1.40	meshes=6
182852.2	DECO	si=195	zone=intersection	ms=1.10	meshes=37
183020.3	DECO	si=196	zone=buildings	ms=1.90	meshes=7
183186.0	DECO	si=197	zone=buildings	ms=1.40	meshes=7
183353.3	DECO	si=198	zone=buildings	ms=1.70	meshes=7
183519.4	DECO	si=199	zone=buildings	ms=1.20	meshes=7
183686.7	DECO	si=200	zone=buildings	ms=1.70	meshes=7
183854.0	DECO	si=201	zone=buildings	ms=1.60	meshes=7
184020.6	DECO	si=202	zone=buildings	ms=1.10	meshes=7
184187.3	DECO	si=203	zone=buildings	ms=1.20	meshes=7
184355.3	DECO	si=204	zone=buildings	ms=1.50	meshes=7
184522.5	DECO	si=205	zone=buildings	ms=1.70	meshes=7
184688.1	DECO	si=206	zone=buildings	ms=1.60	meshes=7
184854.5	DECO	si=207	zone=buildings	ms=1.30	meshes=7
185021.1	DECO	si=208	zone=buildings	ms=1.60	meshes=7
185188.7	DECO	si=209	zone=buildings	ms=1.60	meshes=7
185355.0	DECO	si=210	zone=buildings	ms=1.40	meshes=7
185522.0	DECO	si=211	zone=buildings	ms=1.50	meshes=7
185688.4	DECO	si=212	zone=buildings	ms=1.30	meshes=7
185854.9	DECO	si=213	zone=buildings	ms=1.30	meshes=7
186022.2	DECO	si=214	zone=buildings	ms=1.50	meshes=7
186189.1	DECO	si=215	zone=buildings	ms=1.50	meshes=7
186356.0	DECO	si=216	zone=buildings	ms=1.40	meshes=7
186472.2	DECO	si=217	zone=buildings	ms=1.40	meshes=7
186572.3	DECO	si=218	zone=intersection	ms=1.00	meshes=37
186656.3	DECO	si=219	zone=buildings	ms=1.30	meshes=6
186755.2	DECO	si=220	zone=buildings	ms=1.20	meshes=7
186839.8	DECO	si=221	zone=buildings	ms=1.30	meshes=6
186939.2	DECO	si=222	zone=buildings	ms=1.10	meshes=7
187039.9	DECO	si=223	zone=buildings	ms=1.50	meshes=7
187129.7	DECO	si=224	zone=buildings	ms=1.60	meshes=6
187222.8	DECO	si=225	zone=buildings	ms=1.50	meshes=7
187306.5	DECO	si=226	zone=buildings	ms=1.20	meshes=7
187407.1	DECO	si=227	zone=buildings	ms=1.70	meshes=6
187488.6	ZONE_CHANGE	→ ether	si=303	zoneLeft=41
187490.0	DECO	si=228	zone=buildings	ms=1.40	meshes=7
187590.3	DECO	si=229	zone=buildings	ms=1.60	meshes=6
187674.1	DECO	si=230	zone=trees	ms=0.80	meshes=22
187773.0	DECO	si=231	zone=trees	ms=1.00	meshes=22
187873.0	DECO	si=232	zone=trees	ms=0.80	meshes=22
187956.3	DECO	si=233	zone=trees	ms=0.80	meshes=20
188056.6	DECO	si=234	zone=trees	ms=0.70	meshes=22
188140.0	DECO	si=235	zone=trees	ms=0.70	meshes=21
188240.1	DECO	si=236	zone=trees	ms=0.70	meshes=20
188323.0	DECO	si=237	zone=trees	ms=1.00	meshes=25
188423.6	DECO	si=238	zone=trees	ms=0.90	meshes=23
188507.0	DECO	si=239	zone=trees	ms=0.80	meshes=21
188606.6	DECO	si=240	zone=trees	ms=0.90	meshes=21
188707.6	DECO	si=241	zone=trees	ms=1.10	meshes=26
188789.9	DECO	si=242	zone=trees	ms=0.90	meshes=23
188890.7	DECO	si=243	zone=trees	ms=0.80	meshes=22
188984.5	DECO	si=244	zone=trees	ms=0.90	meshes=22
189083.6	DECO	si=245	zone=trees	ms=0.90	meshes=24
189160.7	DECO	si=246	zone=buildings	ms=1.30	meshes=7
189257.9	DECO	si=247	zone=buildings	ms=1.50	meshes=6
189341.7	DECO	si=248	zone=buildings	ms=1.60	meshes=7
189458.5	DECO	si=249	zone=buildings	ms=1.40	meshes=6
189625.0	DECO	si=250	zone=buildings	ms=1.50	meshes=7
189792.3	DECO	si=251	zone=buildings	ms=1.60	meshes=6
189958.8	DECO	si=252	zone=buildings	ms=1.20	meshes=7
190108.6	DECO	si=253	zone=buildings	ms=1.10	meshes=6
190209.2	DECO	si=254	zone=buildings	ms=1.80	meshes=7
190309.1	DECO	si=255	zone=buildings	ms=1.50	meshes=6
190392.5	DECO	si=256	zone=buildings	ms=1.50	meshes=7
190491.8	DECO	si=257	zone=buildings	ms=1.20	meshes=7
190576.3	DECO	si=258	zone=buildings	ms=1.60	meshes=6
190675.1	DECO	si=259	zone=buildings	ms=1.00	meshes=7
190759.0	DECO	si=260	zone=buildings	ms=1.50	meshes=7
190858.6	DECO	si=261	zone=buildings	ms=1.40	meshes=7
190942.8	DECO	si=262	zone=buildings	ms=1.60	meshes=7
191042.2	DECO	si=263	zone=buildings	ms=1.40	meshes=7
197661.4	SHADER_PROG	count=47	was=31	seg=198	zone=buildings
197679.2	DECO	si=264	zone=buildings	ms=1.60	meshes=7
197772.7	DECO	si=265	zone=buildings	ms=1.30	meshes=7
197875.7	DECO	si=266	zone=buildings	ms=1.60	meshes=7
197958.8	DECO	si=267	zone=buildings	ms=1.30	meshes=7
198061.1	DECO	si=268	zone=intersection	ms=1.60	meshes=37
198149.9	DECO	si=269	zone=buildings	ms=1.60	meshes=7
198251.2	ZONE_CHANGE	→ buildings	si=345	zoneLeft=25
198252.8	DECO	si=270	zone=buildings	ms=1.60	meshes=7
198339.6	DECO	si=271	zone=buildings	ms=1.70	meshes=7
198442.9	DECO	si=272	zone=buildings	ms=1.20	meshes=7
198498.9	SHADER_PROG	count=48	was=47	seg=207	zone=buildings
198551.4	DECO	si=273	zone=buildings	ms=1.70	meshes=7
198638.4	DECO	si=274	zone=buildings	ms=1.30	meshes=7
198746.5	DECO	si=275	zone=buildings	ms=1.50	meshes=7
198839.2	DECO	si=276	zone=buildings	ms=1.30	meshes=7
198952.4	DECO	si=277	zone=buildings	ms=1.10	meshes=7
199043.1	DECO	si=278	zone=buildings	ms=2.10	meshes=7
199152.1	DECO	si=279	zone=buildings	ms=1.50	meshes=7
199256.4	DECO	si=280	zone=buildings	ms=1.00	meshes=7
199363.4	DECO	si=281	zone=buildings	ms=1.10	meshes=6
199475.7	DECO	si=282	zone=buildings	ms=1.20	meshes=7
199569.2	DECO	si=283	zone=buildings	ms=1.50	meshes=7
199723.5	DECO	si=284	zone=buildings	ms=1.10	meshes=7
199925.5	DECO	si=285	zone=buildings	ms=1.40	meshes=7
200113.8	DECO	si=286	zone=buildings	ms=1.10	meshes=7
200303.6	DECO	si=287	zone=buildings	ms=1.50	meshes=7
200502.7	DECO	si=288	zone=buildings	ms=1.30	meshes=7
200710.6	DECO	si=289	zone=buildings	ms=1.30	meshes=7
200900.4	DECO	si=290	zone=buildings	ms=1.40	meshes=7
201088.5	DECO	si=291	zone=intersection	ms=1.00	meshes=37
201281.5	DECO	si=292	zone=buildings	ms=1.80	meshes=6
201473.1	DECO	si=293	zone=buildings	ms=1.30	meshes=7
201664.6	DECO	si=294	zone=buildings	ms=1.40	meshes=7
201855.5	DECO	si=295	zone=buildings	ms=1.50	meshes=7
202045.2	ZONE_CHANGE	→ mountains	si=371	zoneLeft=49
202046.4	DECO	si=296	zone=buildings	ms=1.10	meshes=7
202236.0	DECO	si=297	zone=buildings	ms=1.20	meshes=7
202433.5	DECO	si=298	zone=buildings	ms=1.20	meshes=7
202626.1	DECO	si=299	zone=buildings	ms=1.00	meshes=7
202815.7	DECO	si=300	zone=buildings	ms=1.20	meshes=7
203004.0	DECO	si=301	zone=buildings	ms=0.90	meshes=7
203198.7	DECO	si=302	zone=buildings	ms=1.00	meshes=7
203396.2	DECO	si=303	zone=ether	ms=6.90	meshes=3
209710.1	SHADER_PROG	count=74	was=48	seg=238	zone=trees
209853.0	SHADER_PROG	count=75	was=74	seg=238	zone=trees
209913.4	DECO	si=304	zone=ether	ms=0.10	meshes=2
210112.1	DECO	si=305	zone=ether	ms=0.30	meshes=2
210307.7	DECO	si=306	zone=ether	ms=0.10	meshes=2
210481.4	DECO	si=307	zone=ether	ms=0.00	meshes=2
210654.4	DECO	si=308	zone=ether	ms=0.10	meshes=2
217176.8	SHADER_PROG	count=91	was=75	seg=243	zone=trees
217358.0	DECO	si=309	zone=ether	ms=0.20	meshes=2
217576.5	DECO	si=310	zone=ether	ms=0.00	meshes=2
217793.0	DECO	si=311	zone=ether	ms=0.20	meshes=2
217975.6	DECO	si=312	zone=ether	ms=0.10	meshes=2
218155.1	DECO	si=313	zone=ether	ms=0.20	meshes=2
218325.5	DECO	si=314	zone=ether	ms=0.10	meshes=2
218504.3	DECO	si=315	zone=ether	ms=0.10	meshes=2
218505.4	SHADER_PROG	count=92	was=91	seg=250	zone=buildings
218679.9	DECO	si=316	zone=ether	ms=0.10	meshes=2
218847.2	DECO	si=317	zone=ether	ms=0.20	meshes=2
219013.8	DECO	si=318	zone=ether	ms=0.20	meshes=2
219180.7	DECO	si=319	zone=ether	ms=0.10	meshes=2
219347.8	DECO	si=320	zone=ether	ms=0.10	meshes=2
219465.3	SHADER_PROG	count=91	was=92	seg=255	zone=buildings
219514.3	DECO	si=321	zone=ether	ms=0.20	meshes=2
219681.2	DECO	si=322	zone=ether	ms=0.20	meshes=2
219848.0	DECO	si=323	zone=ether	ms=0.00	meshes=2
220022.1	DECO	si=324	zone=ether	ms=0.10	meshes=2
220205.1	DECO	si=325	zone=ether	ms=6.10	meshes=2
220205.7	SHADER_PROG	count=92	was=91	seg=260	zone=buildings
220364.9	DECO	si=326	zone=ether	ms=0.00	meshes=2
220531.8	DECO	si=327	zone=ether	ms=0.10	meshes=2
220842.3	SHADER_PROG	count=93	was=92	seg=262	zone=buildings
220883.3	SHADER_PROG	count=94	was=93	seg=262	zone=buildings
220965.4	DECO	si=328	zone=ether	ms=0.10	meshes=2
221132.1	DECO	si=329	zone=ether	ms=0.20	meshes=2
221298.7	DECO	si=330	zone=ether	ms=0.20	meshes=2
221465.6	DECO	si=331	zone=ether	ms=0.10	meshes=2
221534.6	SHADER_PROG	count=95	was=94	seg=266	zone=buildings
221632.5	DECO	si=332	zone=ether	ms=0.00	meshes=2
221799.0	DECO	si=333	zone=ether	ms=0.10	meshes=2
221965.8	DECO	si=334	zone=ether	ms=0.20	meshes=2
222017.1	SHADER_PROG	count=96	was=95	seg=269	zone=buildings
222306.3	SHADER_PROG	count=97	was=96	seg=269	zone=buildings
222399.5	DECO	si=335	zone=ether	ms=0.10	meshes=2
222566.3	DECO	si=336	zone=ether	ms=0.20	meshes=2
222733.7	DECO	si=337	zone=ether	ms=0.10	meshes=2
222900.6	DECO	si=338	zone=ether	ms=0.20	meshes=2
223067.1	DECO	si=339	zone=ether	ms=0.10	meshes=2
223233.8	DECO	si=340	zone=ether	ms=0.20	meshes=2
223235.1	SHADER_PROG	count=96	was=97	seg=275	zone=buildings
223401.1	DECO	si=341	zone=ether	ms=0.20	meshes=2
223567.3	DECO	si=342	zone=ether	ms=0.10	meshes=2
223734.0	DECO	si=343	zone=ether	ms=0.10	meshes=2
223900.9	DECO	si=344	zone=ether	ms=0.20	meshes=3
223918.8	SHADER_PROG	count=97	was=96	seg=279	zone=buildings
224069.3	DECO	si=345	zone=buildings	ms=1.70	meshes=7
224234.6	ZONE_CHANGE	→ dirt	si=421	zoneLeft=20
224236.1	DECO	si=346	zone=buildings	ms=1.50	meshes=7
224403.2	DECO	si=347	zone=buildings	ms=1.70	meshes=7
224569.4	DECO	si=348	zone=buildings	ms=1.30	meshes=7
224672.2	SHADER_PROG	count=98	was=97	seg=283	zone=buildings
224736.6	DECO	si=349	zone=buildings	ms=1.50	meshes=7
224902.8	DECO	si=350	zone=buildings	ms=1.30	meshes=7
224903.8	SHADER_PROG	count=99	was=98	seg=285	zone=buildings
225070.6	DECO	si=351	zone=buildings	ms=2.20	meshes=7
225236.6	DECO	si=352	zone=buildings	ms=1.40	meshes=7
225403.6	DECO	si=353	zone=buildings	ms=1.80	meshes=7
225569.9	DECO	si=354	zone=buildings	ms=1.20	meshes=7
225635.9	SHADER_PROG	count=98	was=99	seg=289	zone=buildings
225737.2	DECO	si=355	zone=buildings	ms=1.80	meshes=6
225904.3	DECO	si=356	zone=buildings	ms=1.30	meshes=7
226071.1	DECO	si=357	zone=buildings	ms=1.40	meshes=7
226237.4	DECO	si=358	zone=buildings	ms=1.30	meshes=7
226403.7	DECO	si=359	zone=buildings	ms=1.20	meshes=7
226570.7	DECO	si=360	zone=buildings	ms=1.20	meshes=7
226737.5	DECO	si=361	zone=buildings	ms=1.20	meshes=7
226904.2	DECO	si=362	zone=buildings	ms=1.30	meshes=7
227071.2	DECO	si=363	zone=buildings	ms=1.30	meshes=6
227238.6	DECO	si=364	zone=buildings	ms=1.30	meshes=7
227405.3	DECO	si=365	zone=buildings	ms=1.80	meshes=7
227571.8	DECO	si=366	zone=buildings	ms=1.40	meshes=7
227737.4	ZONE_CHANGE	→ buildings	si=442	zoneLeft=48
227738.8	DECO	si=367	zone=intersection	ms=1.40	meshes=37
227905.4	DECO	si=368	zone=buildings	ms=1.50	meshes=7
228074.1	DECO	si=369	zone=buildings	ms=2.70	meshes=6
228240.7	DECO	si=370	zone=buildings	ms=3.00	meshes=7
228281.5	SHADER_PROG	count=101	was=98	seg=305	zone=ether
228462.3	DECO	si=371	zone=mountains	ms=7.40	meshes=10
228464.9	SHADER_PROG	count=100	was=101	seg=306	zone=ether
228622.5	DECO	si=372	zone=mountains	ms=0.70	meshes=18
228788.1	DECO	si=373	zone=mountains	ms=0.40	meshes=10
228955.5	DECO	si=374	zone=mountains	ms=0.60	meshes=14
229122.1	DECO	si=375	zone=mountains	ms=0.50	meshes=18
229289.0	DECO	si=376	zone=mountains	ms=0.50	meshes=10
229455.9	DECO	si=377	zone=mountains	ms=0.40	meshes=10
229622.2	DECO	si=378	zone=mountains	ms=0.50	meshes=14
229789.7	DECO	si=379	zone=mountains	ms=0.40	meshes=10
229956.1	DECO	si=380	zone=mountains	ms=0.60	meshes=10
230122.8	DECO	si=381	zone=mountains	ms=0.50	meshes=18
230290.0	DECO	si=382	zone=mountains	ms=0.60	meshes=18
230456.3	DECO	si=383	zone=mountains	ms=0.50	meshes=14
230622.9	DECO	si=384	zone=mountains	ms=0.30	meshes=10
230790.4	DECO	si=385	zone=mountains	ms=0.60	meshes=18
230957.2	DECO	si=386	zone=mountains	ms=0.40	meshes=10
231124.0	DECO	si=387	zone=mountains	ms=0.30	meshes=10
231290.4	DECO	si=388	zone=mountains	ms=0.30	meshes=10
231458.0	DECO	si=389	zone=mountains	ms=0.50	meshes=18
231624.1	DECO	si=390	zone=mountains	ms=0.40	meshes=14
231793.8	DECO	si=391	zone=mountains	ms=3.60	meshes=18
231957.9	DECO	si=392	zone=mountains	ms=0.50	meshes=14
232000.2	SHADER_PROG	count=103	was=100	seg=327	zone=ether
232024.5	SHADER_PROG	count=104	was=103	seg=327	zone=ether
232208.5	DECO	si=393	zone=mountains	ms=0.50	meshes=14
232374.6	DECO	si=394	zone=mountains	ms=0.60	meshes=18
232541.2	DECO	si=395	zone=mountains	ms=0.40	meshes=14
232708.0	DECO	si=396	zone=mountains	ms=0.40	meshes=14
232709.1	SHADER_PROG	count=102	was=104	seg=331	zone=ether
232875.2	DECO	si=397	zone=mountains	ms=0.60	meshes=18
232958.6	SHADER_PROG	count=101	was=102	seg=332	zone=ether
233041.8	DECO	si=398	zone=mountains	ms=0.50	meshes=14
233209.3	DECO	si=399	zone=mountains	ms=0.50	meshes=18
233375.2	DECO	si=400	zone=mountains	ms=0.40	meshes=10
233542.1	DECO	si=401	zone=mountains	ms=0.50	meshes=18
233708.8	DECO	si=402	zone=mountains	ms=0.40	meshes=14
233875.7	DECO	si=403	zone=mountains	ms=0.30	meshes=10
234042.7	DECO	si=404	zone=mountains	ms=0.30	meshes=10
234210.2	DECO	si=405	zone=mountains	ms=0.50	meshes=18
234376.6	DECO	si=406	zone=mountains	ms=0.30	meshes=10
234542.9	DECO	si=407	zone=mountains	ms=0.30	meshes=10
234709.8	DECO	si=408	zone=mountains	ms=0.50	meshes=18
234876.8	DECO	si=409	zone=mountains	ms=0.50	meshes=18
235043.8	DECO	si=410	zone=mountains	ms=0.30	meshes=14
235093.3	SHADER_PROG	count=102	was=101	seg=345	zone=buildings
235212.1	DECO	si=411	zone=mountains	ms=2.10	meshes=18
235377.4	DECO	si=412	zone=mountains	ms=0.40	meshes=14
235544.5	DECO	si=413	zone=mountains	ms=0.70	meshes=14
235710.4	DECO	si=414	zone=mountains	ms=0.40	meshes=10
235877.2	DECO	si=415	zone=mountains	ms=0.50	meshes=18
236044.4	ZONE_CHANGE	→ tunnel	si=491	zoneLeft=28
236044.9	DECO	si=416	zone=mountains	ms=0.40	meshes=14
236060.9	SHADER_PROG	count=101	was=102	seg=351	zone=buildings
236211.3	DECO	si=417	zone=mountains	ms=0.50	meshes=10
236377.8	DECO	si=418	zone=mountains	ms=0.40	meshes=14
236378.9	SHADER_PROG	count=100	was=101	seg=353	zone=buildings
236544.5	DECO	si=419	zone=mountains	ms=0.50	meshes=18
236795.6	DECO	si=420	zone=mountains	ms=0.40	meshes=18
237478.4	DECO	si=421	zone=dirt	ms=0.10	meshes=7
237679.1	DECO	si=422	zone=dirt	ms=0.20	meshes=8
237845.1	DECO	si=423	zone=dirt	ms=0.10	meshes=4
238011.8	DECO	si=424	zone=dirt	ms=0.10	meshes=14
238179.3	DECO	si=425	zone=dirt	ms=0.20	meshes=13
238346.0	DECO	si=426	zone=dirt	ms=0.20	meshes=12
238512.9	DECO	si=427	zone=dirt	ms=0.20	meshes=13
238679.2	DECO	si=428	zone=dirt	ms=0.20	meshes=7
238846.3	DECO	si=429	zone=dirt	ms=0.20	meshes=9
239013.0	DECO	si=430	zone=dirt	ms=0.20	meshes=10
239180.4	DECO	si=431	zone=dirt	ms=0.10	meshes=14
239346.7	DECO	si=432	zone=dirt	ms=0.20	meshes=12
239513.1	DECO	si=433	zone=dirt	ms=0.10	meshes=8
239679.8	DECO	si=434	zone=dirt	ms=0.10	meshes=10
239846.8	DECO	si=435	zone=dirt	ms=0.10	meshes=9
240014.1	DECO	si=436	zone=dirt	ms=0.10	meshes=9
240180.7	DECO	si=437	zone=dirt	ms=0.20	meshes=11
240181.5	SHADER_PROG	count=99	was=100	seg=372	zone=mountains
240200.6	SHADER_PROG	count=100	was=99	seg=372	zone=mountains
240480.6	DECO	si=438	zone=dirt	ms=0.10	meshes=2
240647.6	DECO	si=439	zone=dirt	ms=0.10	meshes=15
240814.1	DECO	si=440	zone=dirt	ms=0.10	meshes=2
240981.1	DECO	si=441	zone=dirt	ms=0.10	meshes=14
241149.4	DECO	si=442	zone=buildings	ms=1.60	meshes=6
241315.9	DECO	si=443	zone=buildings	ms=1.20	meshes=7
241483.0	DECO	si=444	zone=buildings	ms=1.40	meshes=7
241648.3	ZONE_CHANGE	→ ether	si=520	zoneLeft=43
241649.7	DECO	si=445	zone=buildings	ms=1.30	meshes=7
241816.4	DECO	si=446	zone=buildings	ms=1.20	meshes=6
241983.3	DECO	si=447	zone=buildings	ms=1.00	meshes=7
242150.4	DECO	si=448	zone=buildings	ms=1.40	meshes=7
242319.2	DECO	si=449	zone=buildings	ms=3.30	meshes=6
242486.4	DECO	si=450	zone=buildings	ms=3.40	meshes=7
242651.8	DECO	si=451	zone=buildings	ms=2.50	meshes=7
242823.1	DECO	si=452	zone=buildings	ms=6.30	meshes=7
242986.8	DECO	si=453	zone=buildings	ms=4.00	meshes=7
243136.4	DECO	si=454	zone=buildings	ms=3.20	meshes=7
243236.3	DECO	si=455	zone=buildings	ms=2.90	meshes=7
243317.5	DECO	si=456	zone=buildings	ms=1.60	meshes=7
243418.6	DECO	si=457	zone=buildings	ms=2.00	meshes=7
243503.5	DECO	si=458	zone=buildings	ms=3.70	meshes=7
243602.7	DECO	si=459	zone=buildings	ms=2.50	meshes=7
243604.9	SHADER_PROG	count=99	was=100	seg=394	zone=mountains
243684.4	DECO	si=460	zone=buildings	ms=1.30	meshes=7
243784.8	DECO	si=461	zone=buildings	ms=1.60	meshes=7
243884.7	DECO	si=462	zone=buildings	ms=1.40	meshes=7
243968.3	DECO	si=463	zone=buildings	ms=1.10	meshes=7
243969.6	SHADER_PROG	count=98	was=99	seg=398	zone=mountains
244069.5	DECO	si=464	zone=intersection	ms=2.10	meshes=37
244152.2	DECO	si=465	zone=buildings	ms=1.50	meshes=6
244251.2	DECO	si=466	zone=buildings	ms=0.90	meshes=7
244335.2	DECO	si=467	zone=buildings	ms=1.40	meshes=7
244435.0	DECO	si=468	zone=buildings	ms=1.40	meshes=7
244518.4	DECO	si=469	zone=buildings	ms=1.30	meshes=7
244619.1	DECO	si=470	zone=buildings	ms=1.90	meshes=7
244719.3	DECO	si=471	zone=buildings	ms=2.10	meshes=7
244802.0	DECO	si=472	zone=buildings	ms=1.20	meshes=7
244902.5	DECO	si=473	zone=buildings	ms=1.70	meshes=6
244986.9	DECO	si=474	zone=buildings	ms=2.50	meshes=7
245086.6	DECO	si=475	zone=buildings	ms=1.50	meshes=7
245169.1	DECO	si=476	zone=buildings	ms=1.30	meshes=7
245270.3	DECO	si=477	zone=buildings	ms=2.50	meshes=7
245352.8	DECO	si=478	zone=buildings	ms=1.40	meshes=7
245453.2	DECO	si=479	zone=buildings	ms=2.00	meshes=7
245552.3	DECO	si=480	zone=buildings	ms=1.00	meshes=6
245636.1	DECO	si=481	zone=buildings	ms=1.30	meshes=6
245736.4	DECO	si=482	zone=buildings	ms=1.30	meshes=7
245820.1	DECO	si=483	zone=buildings	ms=1.60	meshes=7
245919.3	DECO	si=484	zone=buildings	ms=1.00	meshes=7
246003.3	DECO	si=485	zone=buildings	ms=1.30	meshes=7
246103.1	DECO	si=486	zone=buildings	ms=0.90	meshes=7
246269.8	DECO	si=487	zone=intersection	ms=1.40	meshes=37
246453.6	DECO	si=488	zone=buildings	ms=1.60	meshes=7
246652.0	ZONE_CHANGE	→ ether	si=564	zoneLeft=15
246653.4	DECO	si=489	zone=buildings	ms=1.30	meshes=6
246837.4	DECO	si=490	zone=buildings	ms=1.20	meshes=7
247020.2	DECO	si=491	zone=tunnel	ms=0.40	meshes=27
247220.2	DECO	si=492	zone=tunnel	ms=0.40	meshes=27
247403.3	DECO	si=493	zone=tunnel	ms=0.70	meshes=27
247586.8	DECO	si=494	zone=tunnel	ms=0.40	meshes=27
247787.1	DECO	si=495	zone=tunnel	ms=0.40	meshes=27
247970.4	DECO	si=496	zone=tunnel	ms=0.50	meshes=27
248070.3	DECO	si=497	zone=tunnel	ms=0.40	meshes=27
248170.5	DECO	si=498	zone=tunnel	ms=0.40	meshes=27
248287.1	DECO	si=499	zone=tunnel	ms=0.40	meshes=27
248387.6	DECO	si=500	zone=tunnel	ms=0.40	meshes=27
248487.7	DECO	si=501	zone=tunnel	ms=0.60	meshes=27
248604.3	DECO	si=502	zone=tunnel	ms=0.50	meshes=27
248704.8	DECO	si=503	zone=tunnel	ms=0.40	meshes=27
248804.8	DECO	si=504	zone=tunnel	ms=0.50	meshes=27
248921.1	ZONE_CHANGE	→ buildings	si=580	zoneLeft=50
248921.5	DECO	si=505	zone=tunnel	ms=0.40	meshes=27
249021.8	DECO	si=506	zone=tunnel	ms=0.40	meshes=27
249122.0	DECO	si=507	zone=tunnel	ms=0.50	meshes=27
249221.4	DECO	si=508	zone=tunnel	ms=0.40	meshes=27
249321.9	DECO	si=509	zone=tunnel	ms=0.70	meshes=27
249409.9	DECO	si=510	zone=tunnel	ms=0.60	meshes=27
249504.7	DECO	si=511	zone=tunnel	ms=0.40	meshes=27
249588.4	DECO	si=512	zone=tunnel	ms=0.50	meshes=27
249688.5	DECO	si=513	zone=tunnel	ms=0.30	meshes=27
249772.4	DECO	si=514	zone=tunnel	ms=0.60	meshes=27
249872.2	DECO	si=515	zone=tunnel	ms=0.40	meshes=27
249956.0	DECO	si=516	zone=tunnel	ms=0.50	meshes=27
250055.3	DECO	si=517	zone=tunnel	ms=0.40	meshes=27
250155.4	DECO	si=518	zone=tunnel	ms=0.40	meshes=27
250239.2	DECO	si=519	zone=tunnel	ms=0.40	meshes=27
250344.5	DECO	si=520	zone=ether	ms=5.80	meshes=3
250389.0	SHADER_PROG	count=99	was=98	seg=455	zone=buildings
250456.4	DECO	si=521	zone=ether	ms=0.10	meshes=2
250456.9	SHADER_PROG	count=100	was=99	seg=456	zone=buildings
250556.3	DECO	si=522	zone=ether	ms=0.10	meshes=2
250639.3	DECO	si=523	zone=ether	ms=0.10	meshes=2
250742.9	DECO	si=524	zone=ether	ms=0.00	meshes=2
250823.0	DECO	si=525	zone=ether	ms=0.10	meshes=2
250922.9	DECO	si=526	zone=ether	ms=0.00	meshes=2
251055.6	DECO	si=527	zone=ether	ms=0.10	meshes=2
251222.8	DECO	si=528	zone=ether	ms=0.20	meshes=2
251389.6	DECO	si=529	zone=ether	ms=0.20	meshes=2
251556.1	DECO	si=530	zone=ether	ms=0.10	meshes=2
251673.5	DECO	si=531	zone=ether	ms=0.20	meshes=2
251756.7	DECO	si=532	zone=ether	ms=0.10	meshes=2
251856.5	DECO	si=533	zone=ether	ms=0.10	meshes=2
251939.7	DECO	si=534	zone=ether	ms=0.00	meshes=2
252039.9	DECO	si=535	zone=ether	ms=0.10	meshes=2
252123.5	DECO	si=536	zone=ether	ms=0.10	meshes=2
252223.4	DECO	si=537	zone=ether	ms=0.20	meshes=2
252323.5	DECO	si=538	zone=ether	ms=0.10	meshes=2
252406.7	DECO	si=539	zone=ether	ms=0.10	meshes=2
252506.8	DECO	si=540	zone=ether	ms=0.00	meshes=2
252590.9	DECO	si=541	zone=ether	ms=0.10	meshes=2
252695.8	DECO	si=542	zone=ether	ms=5.30	meshes=2
252774.3	DECO	si=543	zone=ether	ms=0.10	meshes=2
252874.1	DECO	si=544	zone=ether	ms=0.10	meshes=2
252957.9	DECO	si=545	zone=ether	ms=0.20	meshes=2
253058.1	DECO	si=546	zone=ether	ms=0.00	meshes=2
253158.0	DECO	si=547	zone=ether	ms=0.10	meshes=2
253175.0	SHADER_PROG	count=101	was=100	seg=482	zone=buildings
253241.3	DECO	si=548	zone=ether	ms=0.10	meshes=2
253341.6	DECO	si=549	zone=ether	ms=0.20	meshes=2
253424.7	DECO	si=550	zone=ether	ms=0.20	meshes=2
253524.8	DECO	si=551	zone=ether	ms=0.10	meshes=2
253608.2	DECO	si=552	zone=ether	ms=0.20	meshes=2
253707.8	DECO	si=553	zone=ether	ms=0.10	meshes=2
253791.7	DECO	si=554	zone=ether	ms=0.10	meshes=2
253891.4	DECO	si=555	zone=ether	ms=0.10	meshes=2
253991.8	ZONE_CHANGE	→ mountains	si=631	zoneLeft=44
253992.0	DECO	si=556	zone=ether	ms=0.10	meshes=2
254074.9	DECO	si=557	zone=ether	ms=0.20	meshes=2
254175.5	DECO	si=558	zone=ether	ms=0.20	meshes=2
254258.4	DECO	si=559	zone=ether	ms=0.10	meshes=2
254359.0	DECO	si=560	zone=ether	ms=0.00	meshes=2
254442.1	DECO	si=561	zone=ether	ms=0.10	meshes=2
254542.7	DECO	si=562	zone=ether	ms=0.30	meshes=2
254625.3	DECO	si=563	zone=ether	ms=0.20	meshes=2
254733.6	DECO	si=564	zone=ether	ms=8.40	meshes=2
254825.8	DECO	si=565	zone=ether	ms=0.20	meshes=2
254908.9	DECO	si=566	zone=ether	ms=0.10	meshes=2
255009.3	DECO	si=567	zone=ether	ms=0.10	meshes=2
255092.3	DECO	si=568	zone=ether	ms=0.10	meshes=2
255192.8	DECO	si=569	zone=ether	ms=0.10	meshes=2
255276.0	DECO	si=570	zone=ether	ms=0.10	meshes=2
255375.9	DECO	si=571	zone=ether	ms=0.20	meshes=2
255459.4	DECO	si=572	zone=ether	ms=0.20	meshes=2
255559.2	DECO	si=573	zone=ether	ms=0.10	meshes=2
255659.3	DECO	si=574	zone=ether	ms=0.20	meshes=2
255743.0	DECO	si=575	zone=ether	ms=0.10	meshes=2
255842.7	DECO	si=576	zone=ether	ms=0.00	meshes=2
255926.3	DECO	si=577	zone=ether	ms=0.10	meshes=2
256026.5	DECO	si=578	zone=ether	ms=0.20	meshes=2
256109.8	DECO	si=579	zone=ether	ms=0.10	meshes=3
256211.6	DECO	si=580	zone=buildings	ms=1.70	meshes=6
256294.6	DECO	si=581	zone=buildings	ms=1.30	meshes=7
256295.5	SHADER_PROG	count=100	was=101	seg=516	zone=tunnel
256394.3	DECO	si=582	zone=buildings	ms=1.20	meshes=7
256494.4	DECO	si=583	zone=buildings	ms=1.00	meshes=7
256578.1	DECO	si=584	zone=buildings	ms=1.50	meshes=7
256678.3	DECO	si=585	zone=buildings	ms=1.30	meshes=7
256761.8	DECO	si=586	zone=buildings	ms=1.40	meshes=7
256861.4	DECO	si=587	zone=buildings	ms=0.90	meshes=7
256945.0	DECO	si=588	zone=buildings	ms=1.30	meshes=6
257045.0	DECO	si=589	zone=buildings	ms=1.10	meshes=6
257128.4	DECO	si=590	zone=buildings	ms=1.20	meshes=6
257228.5	DECO	si=591	zone=buildings	ms=1.20	meshes=6
257328.5	DECO	si=592	zone=buildings	ms=1.20	meshes=7
257411.9	DECO	si=593	zone=buildings	ms=1.30	meshes=7
257511.8	DECO	si=594	zone=buildings	ms=1.10	meshes=7
257595.2	DECO	si=595	zone=buildings	ms=1.00	meshes=7
257762.9	DECO	si=596	zone=buildings	ms=1.70	meshes=7
257928.9	DECO	si=597	zone=buildings	ms=1.10	meshes=7
258096.1	DECO	si=598	zone=buildings	ms=1.20	meshes=7
258280.2	DECO	si=599	zone=buildings	ms=1.70	meshes=6
258497.1	DECO	si=600	zone=buildings	ms=1.80	meshes=7
258661.8	ZONE_CHANGE	→ trees	si=676	zoneLeft=36
258666.2	DECO	si=601	zone=buildings	ms=4.30	meshes=7
258831.6	DECO	si=602	zone=intersection	ms=2.10	meshes=37
258997.7	DECO	si=603	zone=buildings	ms=1.90	meshes=7
259130.5	DECO	si=604	zone=buildings	ms=1.40	meshes=7
259195.7	SHADER_PROG	count=101	was=100	seg=539	zone=ether
259213.6	DECO	si=605	zone=buildings	ms=1.50	meshes=7
259313.5	DECO	si=606	zone=buildings	ms=0.80	meshes=7
259416.5	DECO	si=607	zone=buildings	ms=2.80	meshes=7
259498.1	DECO	si=608	zone=buildings	ms=2.00	meshes=7
259600.3	DECO	si=609	zone=buildings	ms=3.90	meshes=7
259682.2	DECO	si=610	zone=buildings	ms=2.90	meshes=7
259780.5	DECO	si=611	zone=buildings	ms=1.30	meshes=7
259864.3	DECO	si=612	zone=buildings	ms=1.50	meshes=7
259964.3	DECO	si=613	zone=buildings	ms=1.40	meshes=7
260050.0	DECO	si=614	zone=buildings	ms=3.20	meshes=6
260147.5	DECO	si=615	zone=buildings	ms=1.20	meshes=7
260247.8	DECO	si=616	zone=buildings	ms=1.00	meshes=6
260331.3	DECO	si=617	zone=buildings	ms=1.50	meshes=7
260431.2	DECO	si=618	zone=buildings	ms=1.20	meshes=6
260514.5	DECO	si=619	zone=buildings	ms=1.30	meshes=6
260615.3	DECO	si=620	zone=buildings	ms=1.20	meshes=7
260698.2	DECO	si=621	zone=buildings	ms=1.30	meshes=7
260799.1	DECO	si=622	zone=buildings	ms=1.50	meshes=7
260882.1	DECO	si=623	zone=buildings	ms=1.60	meshes=7
260981.5	DECO	si=624	zone=buildings	ms=1.20	meshes=6
261081.3	DECO	si=625	zone=intersection	ms=1.00	meshes=37
261165.7	DECO	si=626	zone=buildings	ms=1.20	meshes=6
261264.8	DECO	si=627	zone=buildings	ms=0.90	meshes=7
261348.5	DECO	si=628	zone=buildings	ms=1.10	meshes=7
261448.5	DECO	si=629	zone=buildings	ms=1.10	meshes=7
261532.3	DECO	si=630	zone=buildings	ms=1.30	meshes=6
261633.4	DECO	si=631	zone=mountains	ms=2.40	meshes=18
261714.7	DECO	si=632	zone=mountains	ms=0.40	meshes=18
261815.0	DECO	si=633	zone=mountains	ms=0.40	meshes=18
261915.3	DECO	si=634	zone=mountains	ms=0.40	meshes=14
261998.1	DECO	si=635	zone=mountains	ms=0.40	meshes=18
262098.4	DECO	si=636	zone=mountains	ms=0.50	meshes=14
262181.5	DECO	si=637	zone=mountains	ms=0.30	meshes=10
262281.1	ZONE_CHANGE	→ trees	si=713	zoneLeft=35
262281.5	DECO	si=638	zone=mountains	ms=0.30	meshes=10
262365.2	DECO	si=639	zone=mountains	ms=0.20	meshes=10
262465.6	DECO	si=640	zone=mountains	ms=0.30	meshes=14
262548.7	DECO	si=641	zone=mountains	ms=0.30	meshes=10
262649.1	DECO	si=642	zone=mountains	ms=0.30	meshes=14
262748.8	DECO	si=643	zone=mountains	ms=0.40	meshes=14
262832.7	DECO	si=644	zone=mountains	ms=0.40	meshes=14
262932.6	DECO	si=645	zone=mountains	ms=0.40	meshes=18
263016.1	DECO	si=646	zone=mountains	ms=0.40	meshes=14
263299.7	DECO	si=647	zone=mountains	ms=0.40	meshes=18
263500.0	DECO	si=648	zone=mountains	ms=0.20	meshes=10
263616.5	DECO	si=649	zone=mountains	ms=0.30	meshes=10
263699.3	DECO	si=650	zone=mountains	ms=0.40	meshes=14
263801.5	DECO	si=651	zone=mountains	ms=2.20	meshes=18
263886.9	DECO	si=652	zone=mountains	ms=0.30	meshes=14
263983.8	DECO	si=653	zone=mountains	ms=0.40	meshes=18
264066.9	DECO	si=654	zone=mountains	ms=0.20	meshes=10
264166.9	DECO	si=655	zone=mountains	ms=0.40	meshes=18
264267.1	DECO	si=656	zone=mountains	ms=0.30	meshes=10
266801.9	DECO	si=657	zone=mountains	ms=0.50	meshes=18
266802.8	SHADER_PROG	count=100	was=101	seg=592	zone=buildings
269137.6	DECO	si=658	zone=mountains	ms=0.40	meshes=14
269354.2	DECO	si=659	zone=mountains	ms=0.30	meshes=14
269521.4	DECO	si=660	zone=mountains	ms=0.30	meshes=10
269688.2	DECO	si=661	zone=mountains	ms=0.30	meshes=14
269854.4	DECO	si=662	zone=mountains	ms=0.40	meshes=10
270021.2	DECO	si=663	zone=mountains	ms=0.30	meshes=10
270188.2	DECO	si=664	zone=mountains	ms=0.20	meshes=10
270355.1	DECO	si=665	zone=mountains	ms=0.40	meshes=10
270522.3	DECO	si=666	zone=mountains	ms=0.40	meshes=18
270688.7	DECO	si=667	zone=mountains	ms=0.30	meshes=18
270855.5	DECO	si=668	zone=mountains	ms=0.40	meshes=18
271022.2	DECO	si=669	zone=mountains	ms=0.40	meshes=14
271189.1	DECO	si=670	zone=mountains	ms=0.20	meshes=10
271357.6	DECO	si=671	zone=mountains	ms=2.00	meshes=14
271522.9	DECO	si=672	zone=mountains	ms=0.20	meshes=10
271523.8	SHADER_PROG	count=99	was=100	seg=607	zone=buildings
271689.9	DECO	si=673	zone=mountains	ms=0.30	meshes=10
271855.5	ZONE_CHANGE	→ tunnel	si=749	zoneLeft=40
271856.0	DECO	si=674	zone=mountains	ms=0.40	meshes=14
272022.6	DECO	si=675	zone=mountains	ms=0.40	meshes=14
272190.8	DECO	si=676	zone=trees	ms=1.30	meshes=30
272357.6	DECO	si=677	zone=trees	ms=1.70	meshes=35
272524.4	DECO	si=678	zone=trees	ms=1.60	meshes=41
272624.6	DECO	si=679	zone=trees	ms=1.70	meshes=40
272708.9	DECO	si=680	zone=trees	ms=1.70	meshes=32
272808.2	DECO	si=681	zone=trees	ms=1.30	meshes=36
272890.8	DECO	si=682	zone=trees	ms=1.10	meshes=31
272990.8	DECO	si=683	zone=trees	ms=1.00	meshes=30
273074.5	DECO	si=684	zone=trees	ms=1.20	meshes=31
273175.3	DECO	si=685	zone=trees	ms=1.50	meshes=41
273258.3	DECO	si=686	zone=trees	ms=1.40	meshes=36
273358.8	DECO	si=687	zone=trees	ms=1.30	meshes=40
273458.6	DECO	si=688	zone=trees	ms=1.40	meshes=40
273541.6	DECO	si=689	zone=trees	ms=1.40	meshes=35
273641.5	DECO	si=690	zone=trees	ms=1.00	meshes=31
273724.7	DECO	si=691	zone=trees	ms=1.00	meshes=28
273825.5	DECO	si=692	zone=trees	ms=1.50	meshes=40
273909.4	DECO	si=693	zone=trees	ms=1.40	meshes=33
274009.3	DECO	si=694	zone=trees	ms=1.40	meshes=36
274092.5	DECO	si=695	zone=trees	ms=1.30	meshes=33
274191.9	DECO	si=696	zone=trees	ms=1.10	meshes=31
274292.3	DECO	si=697	zone=trees	ms=1.30	meshes=37
274375.4	DECO	si=698	zone=trees	ms=1.20	meshes=32
274476.2	DECO	si=699	zone=trees	ms=1.40	meshes=35
274559.2	DECO	si=700	zone=trees	ms=1.30	meshes=39
274659.1	DECO	si=701	zone=trees	ms=1.20	meshes=33
274742.6	DECO	si=702	zone=trees	ms=1.20	meshes=31
274843.4	DECO	si=703	zone=trees	ms=1.50	meshes=34
274925.9	DECO	si=704	zone=trees	ms=1.40	meshes=36
275027.0	DECO	si=705	zone=trees	ms=1.50	meshes=39
275126.3	DECO	si=706	zone=trees	ms=1.40	meshes=35
275209.9	DECO	si=707	zone=trees	ms=1.30	meshes=39
275310.0	DECO	si=708	zone=trees	ms=1.50	meshes=41
275393.2	DECO	si=709	zone=trees	ms=1.30	meshes=35
275493.5	DECO	si=710	zone=trees	ms=1.30	meshes=37
275627.0	DECO	si=711	zone=trees	ms=1.10	meshes=30
275793.6	DECO	si=712	zone=trees	ms=1.50	meshes=35
275960.5	DECO	si=713	zone=trees	ms=1.40	meshes=36
276127.5	DECO	si=714	zone=trees	ms=1.20	meshes=33
276292.3	ZONE_CHANGE	→ tunnel	si=790	zoneLeft=29
276293.4	DECO	si=715	zone=trees	ms=1.00	meshes=28
276461.0	DECO	si=716	zone=trees	ms=1.10	meshes=35
276626.8	DECO	si=717	zone=trees	ms=0.90	meshes=28
276745.6	DECO	si=718	zone=trees	ms=1.50	meshes=37
276845.4	DECO	si=719	zone=trees	ms=1.20	meshes=29
276930.1	DECO	si=720	zone=trees	ms=1.40	meshes=36
277032.2	DECO	si=721	zone=trees	ms=1.30	meshes=41
277139.9	DECO	si=722	zone=trees	ms=1.20	meshes=35
277234.1	DECO	si=723	zone=trees	ms=1.00	meshes=29
277234.9	SHADER_PROG	count=98	was=99	seg=658	zone=mountains
277351.4	DECO	si=724	zone=trees	ms=1.60	meshes=40
277450.9	DECO	si=725	zone=trees	ms=1.20	meshes=35
277574.1	DECO	si=726	zone=trees	ms=1.30	meshes=33
277680.1	DECO	si=727	zone=trees	ms=1.60	meshes=39
277811.1	DECO	si=728	zone=trees	ms=1.30	meshes=37
277921.7	DECO	si=729	zone=trees	ms=1.10	meshes=30
278061.2	DECO	si=730	zone=trees	ms=1.10	meshes=32
278204.7	DECO	si=731	zone=trees	ms=1.20	meshes=34
278326.2	DECO	si=732	zone=trees	ms=1.10	meshes=30
278474.0	DECO	si=733	zone=trees	ms=1.10	meshes=33
278599.1	DECO	si=734	zone=trees	ms=1.30	meshes=33
278754.9	DECO	si=735	zone=trees	ms=1.30	meshes=36
278889.7	DECO	si=736	zone=trees	ms=1.10	meshes=30
279055.2	DECO	si=737	zone=trees	ms=1.30	meshes=39
279194.0	DECO	si=738	zone=trees	ms=1.40	meshes=34
279362.7	DECO	si=739	zone=trees	ms=1.20	meshes=32
279533.5	DECO	si=740	zone=trees	ms=1.40	meshes=39
279677.4	DECO	si=741	zone=trees	ms=1.00	meshes=31
279937.6	DECO	si=742	zone=trees	ms=1.40	meshes=38
280083.5	DECO	si=743	zone=trees	ms=1.50	meshes=38
280257.7	DECO	si=744	zone=trees	ms=1.10	meshes=29
280402.6	ZONE_CHANGE	→ trees	si=820	zoneLeft=49
280404.0	DECO	si=745	zone=trees	ms=1.30	meshes=35
280578.0	DECO	si=746	zone=trees	ms=1.10	meshes=34
280755.4	DECO	si=747	zone=trees	ms=1.20	meshes=27
280900.6	DECO	si=748	zone=trees	ms=1.60	meshes=38
281076.0	DECO	si=749	zone=tunnel	ms=0.30	meshes=27
281229.4	DECO	si=750	zone=tunnel	ms=0.40	meshes=27
281407.9	DECO	si=751	zone=tunnel	ms=0.40	meshes=27
281557.0	DECO	si=752	zone=tunnel	ms=0.30	meshes=27
281735.2	DECO	si=753	zone=tunnel	ms=0.50	meshes=27
281882.7	DECO	si=754	zone=tunnel	ms=0.40	meshes=27
282061.2	DECO	si=755	zone=tunnel	ms=0.50	meshes=27
282239.8	DECO	si=756	zone=tunnel	ms=0.40	meshes=27
282386.3	DECO	si=757	zone=tunnel	ms=0.40	meshes=27
282562.8	DECO	si=758	zone=tunnel	ms=0.40	meshes=27
282710.9	DECO	si=759	zone=tunnel	ms=0.40	meshes=27
282885.8	DECO	si=760	zone=tunnel	ms=0.40	meshes=27
283124.9	DECO	si=761	zone=tunnel	ms=0.30	meshes=27
283302.2	DECO	si=762	zone=tunnel	ms=0.50	meshes=27
283478.2	DECO	si=763	zone=tunnel	ms=0.40	meshes=27
283624.1	DECO	si=764	zone=tunnel	ms=0.40	meshes=27
283799.8	DECO	si=765	zone=tunnel	ms=0.40	meshes=27
283947.4	DECO	si=766	zone=tunnel	ms=0.40	meshes=27
284358.7	DECO	si=767	zone=tunnel	ms=0.40	meshes=27
284506.6	DECO	si=768	zone=tunnel	ms=0.40	meshes=27
284682.5	DECO	si=769	zone=tunnel	ms=0.40	meshes=27
284829.3	DECO	si=770	zone=tunnel	ms=0.40	meshes=27
285000.2	DECO	si=771	zone=tunnel	ms=0.50	meshes=27
285176.1	DECO	si=772	zone=tunnel	ms=0.40	meshes=27
285318.2	DECO	si=773	zone=tunnel	ms=0.40	meshes=27
285488.8	DECO	si=774	zone=tunnel	ms=0.40	meshes=27
285629.8	DECO	si=775	zone=tunnel	ms=0.40	meshes=27
285796.7	DECO	si=776	zone=tunnel	ms=0.40	meshes=27
285933.9	DECO	si=777	zone=tunnel	ms=0.40	meshes=27
286097.9	DECO	si=778	zone=tunnel	ms=0.50	meshes=27
286232.2	DECO	si=779	zone=tunnel	ms=0.40	meshes=27
286391.0	DECO	si=780	zone=tunnel	ms=0.40	meshes=27
286545.2	DECO	si=781	zone=tunnel	ms=0.30	meshes=27
286694.9	DECO	si=782	zone=tunnel	ms=0.50	meshes=27
286820.1	DECO	si=783	zone=tunnel	ms=0.40	meshes=27
286962.8	DECO	si=784	zone=tunnel	ms=0.40	meshes=27
287084.9	DECO	si=785	zone=tunnel	ms=0.30	meshes=27
287222.8	DECO	si=786	zone=tunnel	ms=0.30	meshes=27
287335.6	DECO	si=787	zone=tunnel	ms=0.30	meshes=27
287468.1	DECO	si=788	zone=tunnel	ms=0.40	meshes=27
287575.0	DECO	si=789	zone=tunnel	ms=0.40	meshes=27
287699.7	DECO	si=790	zone=tunnel	ms=0.50	meshes=27
287823.1	DECO	si=791	zone=tunnel	ms=0.40	meshes=27
287916.6	DECO	si=792	zone=tunnel	ms=0.40	meshes=27
288028.1	DECO	si=793	zone=tunnel	ms=0.40	meshes=27
288116.4	DECO	si=794	zone=tunnel	ms=0.40	meshes=27
288221.7	ZONE_CHANGE	→ mountains	si=870	zoneLeft=47
288222.2	DECO	si=795	zone=tunnel	ms=0.40	meshes=27
288309.3	DECO	si=796	zone=tunnel	ms=0.30	meshes=27
288403.3	DECO	si=797	zone=tunnel	ms=0.50	meshes=27
288486.5	DECO	si=798	zone=tunnel	ms=0.50	meshes=27
288586.2	DECO	si=799	zone=tunnel	ms=0.40	meshes=27
288686.1	DECO	si=800	zone=tunnel	ms=0.50	meshes=27
288769.7	DECO	si=801	zone=tunnel	ms=0.40	meshes=27
288869.8	DECO	si=802	zone=tunnel	ms=0.50	meshes=27
288953.2	DECO	si=803	zone=tunnel	ms=0.50	meshes=27
289053.1	DECO	si=804	zone=tunnel	ms=0.40	meshes=27
289137.0	DECO	si=805	zone=tunnel	ms=0.50	meshes=27
289236.7	DECO	si=806	zone=tunnel	ms=0.40	meshes=27
289320.5	DECO	si=807	zone=tunnel	ms=0.40	meshes=27
289470.7	DECO	si=808	zone=tunnel	ms=0.40	meshes=27
289637.1	DECO	si=809	zone=tunnel	ms=0.50	meshes=27
289803.9	DECO	si=810	zone=tunnel	ms=0.40	meshes=27
289970.6	DECO	si=811	zone=tunnel	ms=0.40	meshes=27
290137.2	DECO	si=812	zone=tunnel	ms=0.40	meshes=27
290304.9	DECO	si=813	zone=tunnel	ms=0.40	meshes=27
290471.4	DECO	si=814	zone=tunnel	ms=0.40	meshes=27
290638.3	DECO	si=815	zone=tunnel	ms=0.50	meshes=27
290805.2	DECO	si=816	zone=tunnel	ms=0.40	meshes=27
290971.9	DECO	si=817	zone=tunnel	ms=0.40	meshes=27
291138.8	DECO	si=818	zone=tunnel	ms=0.30	meshes=27
291305.0	DECO	si=819	zone=tunnel	ms=0.40	meshes=27
291472.4	DECO	si=820	zone=trees	ms=1.10	meshes=29
291639.2	DECO	si=821	zone=trees	ms=1.30	meshes=33
291806.5	DECO	si=822	zone=trees	ms=1.00	meshes=29
291972.9	DECO	si=823	zone=trees	ms=1.20	meshes=33
292140.3	DECO	si=824	zone=trees	ms=1.60	meshes=33
292307.4	DECO	si=825	zone=trees	ms=2.00	meshes=41
292474.4	DECO	si=826	zone=trees	ms=1.50	meshes=37
292640.8	DECO	si=827	zone=trees	ms=1.10	meshes=32
292807.6	DECO	si=828	zone=trees	ms=1.20	meshes=31
292974.6	DECO	si=829	zone=trees	ms=2.10	meshes=33
293140.6	DECO	si=830	zone=trees	ms=1.40	meshes=39
293309.0	DECO	si=831	zone=trees	ms=3.00	meshes=39
293474.9	DECO	si=832	zone=trees	ms=1.30	meshes=31
297809.7	SHADER_PROG	count=108	was=98	seg=767	zone=tunnel
297945.3	DECO	si=833	zone=trees	ms=2.30	meshes=37
298111.9	DECO	si=834	zone=trees	ms=1.20	meshes=35
298278.9	DECO	si=835	zone=trees	ms=1.30	meshes=32
298444.8	DECO	si=836	zone=trees	ms=1.30	meshes=40
298611.4	DECO	si=837	zone=trees	ms=1.20	meshes=32
298778.2	DECO	si=838	zone=trees	ms=1.30	meshes=34
298946.1	DECO	si=839	zone=trees	ms=1.30	meshes=34
299111.9	DECO	si=840	zone=trees	ms=1.20	meshes=36
299278.7	DECO	si=841	zone=trees	ms=1.30	meshes=34
299446.6	DECO	si=842	zone=trees	ms=1.50	meshes=33
299610.9	ZONE_CHANGE	→ tunnel	si=918	zoneLeft=25
299612.2	DECO	si=843	zone=trees	ms=1.30	meshes=34
299780.1	DECO	si=844	zone=trees	ms=1.30	meshes=33
299996.9	DECO	si=845	zone=trees	ms=1.10	meshes=31
300196.2	DECO	si=846	zone=trees	ms=1.50	meshes=40
300429.8	DECO	si=847	zone=trees	ms=1.10	meshes=34
300763.4	DECO	si=848	zone=trees	ms=1.30	meshes=38
302330.3	SHADER_PROG	count=109	was=108	seg=783	zone=tunnel
303298.1	SHADER_PROG	count=108	was=109	seg=783	zone=tunnel
584.8	ZONE_CHANGE	→ dirt	si=54	zoneLeft=31
584.8	ZONE_CHANGE	→ buildings	si=86	zoneLeft=17
584.9	ZONE_CHANGE	→ mountains	si=104	zoneLeft=28
584.9	ZONE_CHANGE	→ bridge	si=133	zoneLeft=41
584.9	ZONE_CHANGE	→ dirt	si=175	zoneLeft=42
611.6	DECO	si=0	zone=trees	ms=1.10	meshes=10
612.1	DECO	si=1	zone=trees	ms=0.50	meshes=9
612.8	DECO	si=2	zone=trees	ms=0.70	meshes=13
613.2	DECO	si=3	zone=trees	ms=0.40	meshes=10
613.6	DECO	si=4	zone=trees	ms=0.40	meshes=8
614.0	DECO	si=5	zone=trees	ms=0.40	meshes=10
614.5	DECO	si=6	zone=trees	ms=0.40	meshes=12
614.9	DECO	si=7	zone=trees	ms=0.40	meshes=12
615.3	DECO	si=8	zone=trees	ms=0.40	meshes=11
615.8	DECO	si=9	zone=trees	ms=0.50	meshes=12
616.2	DECO	si=10	zone=trees	ms=0.40	meshes=9
616.7	DECO	si=11	zone=trees	ms=0.50	meshes=14
617.2	DECO	si=12	zone=trees	ms=0.50	meshes=12
617.6	DECO	si=13	zone=trees	ms=0.40	meshes=12
618.0	DECO	si=14	zone=trees	ms=0.40	meshes=11
618.4	DECO	si=15	zone=trees	ms=0.40	meshes=12
618.9	DECO	si=16	zone=trees	ms=0.50	meshes=12
619.3	DECO	si=17	zone=trees	ms=0.40	meshes=11
619.6	DECO	si=18	zone=trees	ms=0.30	meshes=10
620.0	DECO	si=19	zone=trees	ms=0.40	meshes=12
620.5	DECO	si=20	zone=trees	ms=0.50	meshes=12
620.9	DECO	si=21	zone=trees	ms=0.40	meshes=12
621.5	DECO	si=22	zone=trees	ms=0.60	meshes=15
621.8	DECO	si=23	zone=trees	ms=0.30	meshes=13
623.3	DECO	si=24	zone=trees	ms=1.50	meshes=13
623.8	DECO	si=25	zone=trees	ms=0.50	meshes=15
624.1	DECO	si=26	zone=trees	ms=0.30	meshes=10
624.7	DECO	si=27	zone=trees	ms=0.60	meshes=12
625.0	DECO	si=28	zone=trees	ms=0.30	meshes=13
625.5	DECO	si=29	zone=trees	ms=0.50	meshes=12
626.0	DECO	si=30	zone=trees	ms=0.50	meshes=12
626.5	DECO	si=31	zone=trees	ms=0.50	meshes=15
627.0	DECO	si=32	zone=trees	ms=0.50	meshes=14
627.6	DECO	si=33	zone=trees	ms=0.60	meshes=13
628.1	DECO	si=34	zone=trees	ms=0.50	meshes=15
628.5	DECO	si=35	zone=trees	ms=0.40	meshes=12
629.0	DECO	si=36	zone=trees	ms=0.50	meshes=12
629.5	DECO	si=37	zone=trees	ms=0.50	meshes=12
629.9	DECO	si=38	zone=trees	ms=0.40	meshes=13
630.4	DECO	si=39	zone=trees	ms=0.50	meshes=12
630.8	DECO	si=40	zone=trees	ms=0.40	meshes=12
631.2	DECO	si=41	zone=trees	ms=0.40	meshes=12
631.7	DECO	si=42	zone=trees	ms=0.50	meshes=14
632.2	DECO	si=43	zone=trees	ms=0.50	meshes=12
632.7	DECO	si=44	zone=trees	ms=0.50	meshes=13
633.0	DECO	si=45	zone=trees	ms=0.30	meshes=11
633.4	DECO	si=46	zone=trees	ms=0.40	meshes=10
634.0	DECO	si=47	zone=trees	ms=0.50	meshes=13
634.4	DECO	si=48	zone=trees	ms=0.40	meshes=14
635.1	DECO	si=49	zone=trees	ms=0.70	meshes=16
635.5	DECO	si=50	zone=trees	ms=0.40	meshes=13
636.0	DECO	si=51	zone=trees	ms=0.50	meshes=12
636.5	DECO	si=52	zone=trees	ms=0.50	meshes=14
637.0	DECO	si=53	zone=trees	ms=0.50	meshes=13
637.2	DECO	si=54	zone=dirt	ms=0.20	meshes=13
637.4	DECO	si=55	zone=dirt	ms=0.20	meshes=12
637.5	DECO	si=56	zone=dirt	ms=0.10	meshes=12
637.6	DECO	si=57	zone=dirt	ms=0.10	meshes=13
637.8	DECO	si=58	zone=dirt	ms=0.20	meshes=8
638.0	DECO	si=59	zone=dirt	ms=0.20	meshes=14
638.2	DECO	si=60	zone=dirt	ms=0.20	meshes=7
638.3	DECO	si=61	zone=dirt	ms=0.10	meshes=11
638.4	DECO	si=62	zone=dirt	ms=0.10	meshes=14
638.6	DECO	si=63	zone=dirt	ms=0.20	meshes=8
638.8	DECO	si=64	zone=dirt	ms=0.20	meshes=7
639.0	DECO	si=65	zone=dirt	ms=0.20	meshes=8
639.1	DECO	si=66	zone=dirt	ms=0.10	meshes=8
639.1	DECO	si=67	zone=dirt	ms=0.00	meshes=4
639.3	DECO	si=68	zone=dirt	ms=0.20	meshes=13
639.4	DECO	si=69	zone=dirt	ms=0.10	meshes=7
639.6	DECO	si=70	zone=dirt	ms=0.20	meshes=15
2677.7	SHADER_PROG	count=24	was=0	seg=2	zone=trees
76997.6	DECO	si=71	zone=dirt	ms=0.30	meshes=9
77164.4	DECO	si=72	zone=dirt	ms=0.20	meshes=12
77330.6	DECO	si=73	zone=dirt	ms=0.30	meshes=9
77499.5	DECO	si=74	zone=dirt	ms=0.20	meshes=8
77664.4	DECO	si=75	zone=dirt	ms=0.20	meshes=12
77831.4	DECO	si=76	zone=dirt	ms=0.20	meshes=10
77997.8	DECO	si=77	zone=dirt	ms=0.20	meshes=8
78212.2	DECO	si=78	zone=dirt	ms=0.10	meshes=9
78352.0	SHADER_PROG	count=25	was=24	seg=13	zone=trees
78398.7	DECO	si=79	zone=dirt	ms=0.10	meshes=2
78565.1	DECO	si=80	zone=dirt	ms=0.10	meshes=9
78732.4	DECO	si=81	zone=dirt	ms=0.20	meshes=9
78899.0	DECO	si=82	zone=dirt	ms=0.20	meshes=7
79066.0	DECO	si=83	zone=dirt	ms=0.10	meshes=6
79232.5	DECO	si=84	zone=dirt	ms=0.10	meshes=11
79399.1	DECO	si=85	zone=dirt	ms=0.20	meshes=11
79568.9	DECO	si=86	zone=buildings	ms=2.90	meshes=7
79734.7	DECO	si=87	zone=buildings	ms=1.50	meshes=7
79902.3	DECO	si=88	zone=buildings	ms=2.40	meshes=6
80068.0	DECO	si=89	zone=buildings	ms=1.50	meshes=7
80234.5	DECO	si=90	zone=buildings	ms=1.80	meshes=7
80401.3	DECO	si=91	zone=buildings	ms=1.20	meshes=7
80567.8	DECO	si=92	zone=buildings	ms=1.30	meshes=7
80735.8	DECO	si=93	zone=buildings	ms=2.20	meshes=6
80902.7	DECO	si=94	zone=buildings	ms=2.80	meshes=7
81069.1	DECO	si=95	zone=buildings	ms=2.10	meshes=7
81236.1	DECO	si=96	zone=buildings	ms=2.00	meshes=7
81339.8	SHADER_PROG	count=26	was=25	seg=31	zone=trees
81752.5	DECO	si=97	zone=buildings	ms=1.90	meshes=6
81918.8	DECO	si=98	zone=buildings	ms=1.50	meshes=7
82085.5	DECO	si=99	zone=buildings	ms=1.40	meshes=7
82253.6	DECO	si=100	zone=buildings	ms=1.90	meshes=7
82420.1	DECO	si=101	zone=buildings	ms=1.80	meshes=7
82602.3	SHADER_PROG	count=27	was=26	seg=36	zone=trees
82620.0	DECO	si=102	zone=buildings	ms=1.80	meshes=7
82920.4	DECO	si=103	zone=buildings	ms=1.50	meshes=7
83063.5	SHADER_PROG	count=29	was=27	seg=38	zone=trees
83541.3	DECO	si=104	zone=mountains	ms=5.20	meshes=14
83664.8	SHADER_PROG	count=30	was=29	seg=39	zone=trees
83719.6	DECO	si=105	zone=mountains	ms=0.50	meshes=10
83759.0	SHADER_PROG	count=31	was=30	seg=40	zone=trees
84286.5	DECO	si=106	zone=mountains	ms=0.40	meshes=10
84454.2	DECO	si=107	zone=mountains	ms=0.70	meshes=18
84621.1	DECO	si=108	zone=mountains	ms=1.10	meshes=10
84787.8	DECO	si=109	zone=mountains	ms=0.70	meshes=14
84954.0	DECO	si=110	zone=mountains	ms=0.40	meshes=10
85121.0	DECO	si=111	zone=mountains	ms=0.40	meshes=14
85287.8	DECO	si=112	zone=mountains	ms=0.50	meshes=14
85384.1	SHADER_PROG	count=32	was=31	seg=47	zone=trees
85604.7	DECO	si=113	zone=mountains	ms=0.70	meshes=14
85771.1	DECO	si=114	zone=mountains	ms=0.60	meshes=10
85938.5	DECO	si=115	zone=mountains	ms=0.50	meshes=14
86104.7	DECO	si=116	zone=mountains	ms=0.40	meshes=10
86272.4	DECO	si=117	zone=mountains	ms=0.90	meshes=14
86439.2	DECO	si=118	zone=mountains	ms=1.00	meshes=18
86605.4	DECO	si=119	zone=mountains	ms=0.50	meshes=14
86805.1	DECO	si=120	zone=mountains	ms=0.50	meshes=14
86989.3	DECO	si=121	zone=mountains	ms=0.60	meshes=18
87172.8	DECO	si=122	zone=mountains	ms=0.50	meshes=18
87372.5	DECO	si=123	zone=mountains	ms=0.50	meshes=14
87558.7	DECO	si=124	zone=mountains	ms=2.70	meshes=18
87739.1	DECO	si=125	zone=mountains	ms=0.40	meshes=14
87940.1	DECO	si=126	zone=mountains	ms=0.50	meshes=14
88123.2	DECO	si=127	zone=mountains	ms=0.30	meshes=10
88323.2	DECO	si=128	zone=mountains	ms=0.30	meshes=10
88508.5	DECO	si=129	zone=mountains	ms=0.30	meshes=10
88690.4	DECO	si=130	zone=mountains	ms=0.30	meshes=10
88890.8	DECO	si=131	zone=mountains	ms=0.80	meshes=18
89074.1	DECO	si=132	zone=mountains	ms=0.30	meshes=10
89257.2	DECO	si=133	zone=bridge	ms=0.40	meshes=5
89457.2	DECO	si=134	zone=bridge	ms=0.10	meshes=4
89640.5	DECO	si=135	zone=bridge	ms=0.00	meshes=4
89824.7	DECO	si=136	zone=bridge	ms=0.10	meshes=4
90024.7	DECO	si=137	zone=bridge	ms=0.10	meshes=4
90207.4	DECO	si=138	zone=bridge	ms=0.10	meshes=4
90408.0	DECO	si=139	zone=bridge	ms=0.10	meshes=4
90591.7	DECO	si=140	zone=bridge	ms=0.20	meshes=4
90775.0	DECO	si=141	zone=bridge	ms=0.20	meshes=4
90975.6	DECO	si=142	zone=bridge	ms=0.10	meshes=4
91157.9	ZONE_CHANGE	→ trees	si=218	zoneLeft=43
91158.1	DECO	si=143	zone=bridge	ms=0.00	meshes=4
91344.2	DECO	si=144	zone=bridge	ms=1.80	meshes=52
91542.2	DECO	si=145	zone=bridge	ms=0.10	meshes=4
91725.2	DECO	si=146	zone=bridge	ms=0.10	meshes=4
91908.9	DECO	si=147	zone=bridge	ms=0.00	meshes=4
92109.5	DECO	si=148	zone=bridge	ms=0.10	meshes=4
92293.2	DECO	si=149	zone=bridge	ms=0.00	meshes=4
92493.1	DECO	si=150	zone=bridge	ms=0.00	meshes=4
92676.1	DECO	si=151	zone=bridge	ms=0.00	meshes=4
92844.1	DECO	si=152	zone=bridge	ms=0.10	meshes=4
93010.2	DECO	si=153	zone=bridge	ms=0.10	meshes=4
93177.0	DECO	si=154	zone=bridge	ms=0.00	meshes=4
93343.2	DECO	si=155	zone=bridge	ms=0.10	meshes=4
93512.2	DECO	si=156	zone=bridge	ms=1.60	meshes=52
93677.0	DECO	si=157	zone=bridge	ms=0.00	meshes=4
93844.6	DECO	si=158	zone=bridge	ms=0.20	meshes=4
94010.7	DECO	si=159	zone=bridge	ms=0.10	meshes=4
94177.7	DECO	si=160	zone=bridge	ms=0.00	meshes=4
94344.5	DECO	si=161	zone=bridge	ms=0.10	meshes=4
94511.1	DECO	si=162	zone=bridge	ms=0.00	meshes=4
94678.0	DECO	si=163	zone=bridge	ms=0.00	meshes=4
94844.3	DECO	si=164	zone=bridge	ms=0.00	meshes=4
95011.7	DECO	si=165	zone=bridge	ms=0.00	meshes=4
95178.5	DECO	si=166	zone=bridge	ms=0.10	meshes=4
95344.9	DECO	si=167	zone=bridge	ms=0.10	meshes=4
95513.2	DECO	si=168	zone=bridge	ms=1.60	meshes=52
95679.2	DECO	si=169	zone=bridge	ms=0.00	meshes=4
95845.2	DECO	si=170	zone=bridge	ms=0.10	meshes=4
96012.3	DECO	si=171	zone=bridge	ms=0.20	meshes=4
96178.9	DECO	si=172	zone=bridge	ms=0.00	meshes=4
96345.9	DECO	si=173	zone=bridge	ms=0.20	meshes=4
96512.7	DECO	si=174	zone=bridge	ms=0.20	meshes=5
96679.3	DECO	si=175	zone=dirt	ms=0.10	meshes=10
96846.2	DECO	si=176	zone=dirt	ms=0.20	meshes=8
97013.9	DECO	si=177	zone=dirt	ms=0.20	meshes=13
97179.8	DECO	si=178	zone=dirt	ms=0.10	meshes=9
97346.9	DECO	si=179	zone=dirt	ms=0.10	meshes=7
97513.4	DECO	si=180	zone=dirt	ms=0.20	meshes=6
97680.5	DECO	si=181	zone=dirt	ms=0.10	meshes=5
97847.0	DECO	si=182	zone=dirt	ms=0.10	meshes=15
98013.5	DECO	si=183	zone=dirt	ms=0.00	meshes=4
98180.8	DECO	si=184	zone=dirt	ms=0.20	meshes=8
98347.3	DECO	si=185	zone=dirt	ms=0.10	meshes=10
98514.2	DECO	si=186	zone=dirt	ms=0.00	meshes=11
98680.7	ZONE_CHANGE	→ buildings	si=262	zoneLeft=42
98680.9	DECO	si=187	zone=dirt	ms=0.20	meshes=12
98848.5	DECO	si=188	zone=dirt	ms=0.00	meshes=17
99014.5	DECO	si=189	zone=dirt	ms=0.10	meshes=7
99181.4	DECO	si=190	zone=dirt	ms=0.00	meshes=5
99348.3	DECO	si=191	zone=dirt	ms=0.10	meshes=7
99515.0	DECO	si=192	zone=dirt	ms=0.10	meshes=5
99682.0	DECO	si=193	zone=dirt	ms=0.20	meshes=9
99849.2	DECO	si=194	zone=dirt	ms=0.10	meshes=2
100015.6	DECO	si=195	zone=dirt	ms=0.20	meshes=17
100182.6	DECO	si=196	zone=dirt	ms=0.10	meshes=7
100183.4	SHADER_PROG	count=31	was=32	seg=131	zone=mountains
100349.5	DECO	si=197	zone=dirt	ms=0.00	meshes=7
100515.9	DECO	si=198	zone=dirt	ms=0.20	meshes=7
100683.1	DECO	si=199	zone=dirt	ms=0.10	meshes=9
100849.8	DECO	si=200	zone=dirt	ms=0.10	meshes=12
101016.5	DECO	si=201	zone=dirt	ms=0.10	meshes=15
101183.5	DECO	si=202	zone=dirt	ms=0.10	meshes=4
101350.0	DECO	si=203	zone=dirt	ms=0.10	meshes=11
101517.2	DECO	si=204	zone=dirt	ms=0.20	meshes=8
101683.8	DECO	si=205	zone=dirt	ms=0.20	meshes=14
101850.1	DECO	si=206	zone=dirt	ms=0.20	meshes=9
102017.3	DECO	si=207	zone=dirt	ms=0.10	meshes=7
102184.1	DECO	si=208	zone=dirt	ms=0.10	meshes=8
102350.9	DECO	si=209	zone=dirt	ms=0.10	meshes=8
102517.8	DECO	si=210	zone=dirt	ms=0.10	meshes=5
102684.5	DECO	si=211	zone=dirt	ms=0.10	meshes=10
102851.2	DECO	si=212	zone=dirt	ms=0.10	meshes=8
103018.4	DECO	si=213	zone=dirt	ms=0.20	meshes=9
103184.8	DECO	si=214	zone=dirt	ms=0.10	meshes=7
103319.0	DECO	si=215	zone=dirt	ms=0.10	meshes=7
103401.8	DECO	si=216	zone=dirt	ms=0.10	meshes=13
103501.4	DECO	si=217	zone=dirt	ms=0.20	meshes=9
103586.1	DECO	si=218	zone=trees	ms=1.00	meshes=22
103686.1	DECO	si=219	zone=trees	ms=0.90	meshes=25
103769.4	DECO	si=220	zone=trees	ms=0.90	meshes=20
103869.3	DECO	si=221	zone=trees	ms=0.80	meshes=22
103952.8	DECO	si=222	zone=trees	ms=0.80	meshes=21
104052.6	DECO	si=223	zone=trees	ms=0.60	meshes=18
104152.9	DECO	si=224	zone=trees	ms=0.90	meshes=20
104236.0	DECO	si=225	zone=trees	ms=0.70	meshes=19
104336.7	DECO	si=226	zone=trees	ms=0.80	meshes=20
104419.8	DECO	si=227	zone=trees	ms=1.00	meshes=23
104520.0	DECO	si=228	zone=trees	ms=0.90	meshes=23
104603.4	DECO	si=229	zone=trees	ms=0.90	meshes=26
104702.5	ZONE_CHANGE	→ buildings	si=305	zoneLeft=41
104703.2	DECO	si=230	zone=trees	ms=0.70	meshes=19
104787.3	DECO	si=231	zone=trees	ms=1.00	meshes=22
104886.8	DECO	si=232	zone=trees	ms=0.80	meshes=22
104987.2	DECO	si=233	zone=trees	ms=1.00	meshes=24
105070.6	DECO	si=234	zone=trees	ms=1.00	meshes=24
105170.9	DECO	si=235	zone=trees	ms=0.80	meshes=23
105253.3	DECO	si=236	zone=trees	ms=0.60	meshes=18
105354.2	DECO	si=237	zone=trees	ms=1.10	meshes=21
105437.4	DECO	si=238	zone=trees	ms=1.00	meshes=24
105537.2	DECO	si=239	zone=trees	ms=0.90	meshes=24
105620.9	DECO	si=240	zone=trees	ms=0.80	meshes=19
105738.0	DECO	si=241	zone=trees	ms=0.90	meshes=22
105838.1	DECO	si=242	zone=trees	ms=1.00	meshes=27
105938.5	DECO	si=243	zone=trees	ms=1.10	meshes=25
106055.0	DECO	si=244	zone=trees	ms=0.80	meshes=22
106154.3	DECO	si=245	zone=trees	ms=0.90	meshes=27
106254.7	DECO	si=246	zone=trees	ms=1.00	meshes=25
106456.0	DECO	si=247	zone=trees	ms=1.60	meshes=23
106638.2	DECO	si=248	zone=trees	ms=0.90	meshes=22
106821.9	DECO	si=249	zone=trees	ms=0.90	meshes=22
107022.0	DECO	si=250	zone=trees	ms=0.80	meshes=23
107205.9	DECO	si=251	zone=trees	ms=0.90	meshes=24
107322.6	DECO	si=252	zone=trees	ms=0.90	meshes=23
107439.4	DECO	si=253	zone=trees	ms=0.80	meshes=19
107539.6	DECO	si=254	zone=trees	ms=1.00	meshes=26
107639.4	DECO	si=255	zone=trees	ms=1.00	meshes=22
107756.3	DECO	si=256	zone=trees	ms=1.60	meshes=26
107856.5	DECO	si=257	zone=trees	ms=1.00	meshes=25
107956.0	DECO	si=258	zone=trees	ms=0.80	meshes=23
108072.5	DECO	si=259	zone=trees	ms=0.90	meshes=28
108185.2	DECO	si=260	zone=trees	ms=1.00	meshes=28
108286.0	DECO	si=261	zone=trees	ms=0.80	meshes=23
108404.1	DECO	si=262	zone=buildings	ms=1.50	meshes=7
108504.6	DECO	si=263	zone=buildings	ms=1.30	meshes=7
108605.5	DECO	si=264	zone=buildings	ms=1.90	meshes=6
108722.1	DECO	si=265	zone=buildings	ms=1.40	meshes=7
108824.5	DECO	si=266	zone=buildings	ms=1.40	meshes=7
108924.3	DECO	si=267	zone=buildings	ms=1.40	meshes=7
109024.4	DECO	si=268	zone=buildings	ms=1.70	meshes=7
109141.5	DECO	si=269	zone=buildings	ms=1.40	meshes=7
109242.3	DECO	si=270	zone=buildings	ms=2.10	meshes=6
109342.8	DECO	si=271	zone=buildings	ms=1.50	meshes=7
109458.3	ZONE_CHANGE	→ tunnel	si=347	zoneLeft=25
109460.6	DECO	si=272	zone=buildings	ms=2.20	meshes=7
109560.2	DECO	si=273	zone=buildings	ms=1.50	meshes=7
109663.5	DECO	si=274	zone=buildings	ms=1.40	meshes=6
109777.8	DECO	si=275	zone=buildings	ms=1.40	meshes=6
109878.4	DECO	si=276	zone=buildings	ms=1.70	meshes=7
109978.6	DECO	si=277	zone=buildings	ms=1.50	meshes=7
110095.1	DECO	si=278	zone=buildings	ms=1.40	meshes=7
110203.7	DECO	si=279	zone=buildings	ms=1.10	meshes=6
110359.3	DECO	si=280	zone=buildings	ms=1.40	meshes=6
110559.8	DECO	si=281	zone=buildings	ms=1.00	meshes=6
110742.5	DECO	si=282	zone=buildings	ms=1.50	meshes=7
110861.8	DECO	si=283	zone=buildings	ms=1.10	meshes=6
110971.9	DECO	si=284	zone=intersection	ms=1.20	meshes=37
111060.5	DECO	si=285	zone=buildings	ms=1.50	meshes=7
111177.3	DECO	si=286	zone=buildings	ms=1.10	meshes=7
111272.1	DECO	si=287	zone=buildings	ms=1.30	meshes=6
111389.2	DECO	si=288	zone=buildings	ms=1.00	meshes=6
111481.4	DECO	si=289	zone=buildings	ms=1.50	meshes=7
111503.1	SHADER_PROG	count=32	was=31	seg=224	zone=trees
111595.1	DECO	si=290	zone=buildings	ms=1.30	meshes=7
111705.6	DECO	si=291	zone=buildings	ms=1.00	meshes=6
111798.8	DECO	si=292	zone=buildings	ms=1.30	meshes=7
111911.6	DECO	si=293	zone=buildings	ms=1.20	meshes=7
112003.7	DECO	si=294	zone=buildings	ms=1.10	meshes=7
112112.1	DECO	si=295	zone=buildings	ms=1.60	meshes=7
112204.8	DECO	si=296	zone=buildings	ms=1.20	meshes=7
112313.0	DECO	si=297	zone=buildings	ms=1.30	meshes=7
112404.1	ZONE_CHANGE	→ tunnel	si=373	zoneLeft=53
112405.5	DECO	si=298	zone=buildings	ms=1.30	meshes=7
112518.2	DECO	si=299	zone=buildings	ms=1.20	meshes=7
112629.4	DECO	si=300	zone=buildings	ms=1.20	meshes=6
112720.5	DECO	si=301	zone=buildings	ms=1.30	meshes=6
112831.8	DECO	si=302	zone=buildings	ms=1.50	meshes=7
112921.2	DECO	si=303	zone=buildings	ms=1.60	meshes=7
113028.8	DECO	si=304	zone=buildings	ms=1.20	meshes=7
113118.9	DECO	si=305	zone=buildings	ms=1.60	meshes=6
113224.7	DECO	si=306	zone=buildings	ms=1.10	meshes=6
113310.9	DECO	si=307	zone=intersection	ms=1.10	meshes=37
113415.1	DECO	si=308	zone=buildings	ms=1.30	meshes=7
113521.0	DECO	si=309	zone=buildings	ms=1.90	meshes=7
113612.2	DECO	si=310	zone=buildings	ms=1.30	meshes=7
113718.5	DECO	si=311	zone=buildings	ms=1.00	meshes=7
113846.4	DECO	si=312	zone=buildings	ms=1.40	meshes=7
114019.6	DECO	si=313	zone=buildings	ms=1.10	meshes=7
114183.1	DECO	si=314	zone=buildings	ms=1.10	meshes=7
114354.7	DECO	si=315	zone=buildings	ms=1.10	meshes=6
114517.2	DECO	si=316	zone=buildings	ms=1.30	meshes=7
114684.6	DECO	si=317	zone=buildings	ms=1.30	meshes=7
119125.1	SHADER_PROG	count=48	was=32	seg=252	zone=trees
119192.2	DECO	si=318	zone=buildings	ms=2.00	meshes=7
120714.7	SHADER_PROG	count=49	was=48	seg=253	zone=trees
121667.1	SHADER_PROG	count=48	was=49	seg=253	zone=trees
18229472.0	SHADER_PROG	count=19	was=0	seg=2	zone=trees
18232692.2	SHADER_PROG	count=20	was=19	seg=2	zone=trees
495.7	ZONE_CHANGE	→ trees	si=54	zoneLeft=49
495.7	ZONE_CHANGE	→ buildings	si=104	zoneLeft=35
495.8	ZONE_CHANGE	→ buildings	si=140	zoneLeft=21
495.8	ZONE_CHANGE	→ bridge	si=162	zoneLeft=41
530.9	DECO	si=0	zone=trees	ms=1.50	meshes=10
531.6	DECO	si=1	zone=trees	ms=0.60	meshes=10
532.3	DECO	si=2	zone=trees	ms=0.70	meshes=10
532.8	DECO	si=3	zone=trees	ms=0.50	meshes=10
533.3	DECO	si=4	zone=trees	ms=0.50	meshes=11
534.1	DECO	si=5	zone=trees	ms=0.80	meshes=11
534.7	DECO	si=6	zone=trees	ms=0.60	meshes=12
535.3	DECO	si=7	zone=trees	ms=0.60	meshes=8
535.9	DECO	si=8	zone=trees	ms=0.60	meshes=10
537.0	DECO	si=9	zone=trees	ms=1.10	meshes=12
537.5	DECO	si=10	zone=trees	ms=0.50	meshes=9
538.0	DECO	si=11	zone=trees	ms=0.50	meshes=11
538.6	DECO	si=12	zone=trees	ms=0.60	meshes=11
539.2	DECO	si=13	zone=trees	ms=0.60	meshes=12
539.9	DECO	si=14	zone=trees	ms=0.70	meshes=11
540.2	DECO	si=15	zone=trees	ms=0.30	meshes=9
540.9	DECO	si=16	zone=trees	ms=0.70	meshes=13
541.3	DECO	si=17	zone=trees	ms=0.40	meshes=11
541.7	DECO	si=18	zone=trees	ms=0.40	meshes=11
542.1	DECO	si=19	zone=trees	ms=0.40	meshes=13
542.6	DECO	si=20	zone=trees	ms=0.50	meshes=13
543.4	DECO	si=21	zone=trees	ms=0.80	meshes=14
543.7	DECO	si=22	zone=trees	ms=0.30	meshes=11
544.4	DECO	si=23	zone=trees	ms=0.70	meshes=15
545.0	DECO	si=24	zone=trees	ms=0.60	meshes=13
545.6	DECO	si=25	zone=trees	ms=0.60	meshes=12
545.9	DECO	si=26	zone=trees	ms=0.30	meshes=10
546.3	DECO	si=27	zone=trees	ms=0.40	meshes=12
546.8	DECO	si=28	zone=trees	ms=0.50	meshes=14
547.4	DECO	si=29	zone=trees	ms=0.60	meshes=15
548.0	DECO	si=30	zone=trees	ms=0.60	meshes=14
548.9	DECO	si=31	zone=trees	ms=0.90	meshes=15
549.6	DECO	si=32	zone=trees	ms=0.70	meshes=15
550.0	DECO	si=33	zone=trees	ms=0.40	meshes=13
550.6	DECO	si=34	zone=trees	ms=0.60	meshes=13
551.0	DECO	si=35	zone=trees	ms=0.40	meshes=13
551.5	DECO	si=36	zone=trees	ms=0.50	meshes=14
552.1	DECO	si=37	zone=trees	ms=0.60	meshes=12
552.5	DECO	si=38	zone=trees	ms=0.40	meshes=12
553.0	DECO	si=39	zone=trees	ms=0.50	meshes=11
555.0	DECO	si=40	zone=trees	ms=2.00	meshes=15
555.6	DECO	si=41	zone=trees	ms=0.60	meshes=13
556.0	DECO	si=42	zone=trees	ms=0.40	meshes=11
556.4	DECO	si=43	zone=trees	ms=0.40	meshes=10
556.9	DECO	si=44	zone=trees	ms=0.50	meshes=11
557.4	DECO	si=45	zone=trees	ms=0.50	meshes=10
558.1	DECO	si=46	zone=trees	ms=0.70	meshes=16
558.5	DECO	si=47	zone=trees	ms=0.40	meshes=12
559.2	DECO	si=48	zone=trees	ms=0.70	meshes=14
559.6	DECO	si=49	zone=trees	ms=0.40	meshes=12
560.2	DECO	si=50	zone=trees	ms=0.60	meshes=15
560.8	DECO	si=51	zone=trees	ms=0.60	meshes=12
561.8	DECO	si=52	zone=trees	ms=1.00	meshes=17
562.4	DECO	si=53	zone=trees	ms=0.60	meshes=11
563.4	DECO	si=54	zone=trees	ms=1.00	meshes=15
564.4	DECO	si=55	zone=trees	ms=1.00	meshes=15
565.2	DECO	si=56	zone=trees	ms=0.80	meshes=13
565.9	DECO	si=57	zone=trees	ms=0.70	meshes=12
566.6	DECO	si=58	zone=trees	ms=0.70	meshes=14
567.2	DECO	si=59	zone=trees	ms=0.60	meshes=12
567.9	DECO	si=60	zone=trees	ms=0.70	meshes=13
568.9	DECO	si=61	zone=trees	ms=1.00	meshes=15
569.8	DECO	si=62	zone=trees	ms=0.90	meshes=12
570.8	DECO	si=63	zone=trees	ms=1.00	meshes=16
571.6	DECO	si=64	zone=trees	ms=0.80	meshes=15
572.5	DECO	si=65	zone=trees	ms=0.90	meshes=12
574.5	DECO	si=66	zone=trees	ms=2.00	meshes=13
574.9	DECO	si=67	zone=trees	ms=0.40	meshes=11
575.6	DECO	si=68	zone=trees	ms=0.70	meshes=17
576.2	DECO	si=69	zone=trees	ms=0.60	meshes=13
576.7	DECO	si=70	zone=trees	ms=0.50	meshes=12
543.1	ZONE_CHANGE	→ buildings	si=54	zoneLeft=48
543.2	ZONE_CHANGE	→ mountains	si=103	zoneLeft=35
543.2	ZONE_CHANGE	→ buildings	si=139	zoneLeft=41
543.2	ZONE_CHANGE	→ buildings	si=181	zoneLeft=45
550.8	DECO	si=0	zone=trees	ms=1.20	meshes=10
551.5	DECO	si=1	zone=trees	ms=0.70	meshes=10
552.2	DECO	si=2	zone=trees	ms=0.70	meshes=12
552.7	DECO	si=3	zone=trees	ms=0.50	meshes=11
553.9	DECO	si=4	zone=trees	ms=1.20	meshes=11
554.6	DECO	si=5	zone=trees	ms=0.70	meshes=13
555.2	DECO	si=6	zone=trees	ms=0.50	meshes=13
555.6	DECO	si=7	zone=trees	ms=0.40	meshes=11
556.0	DECO	si=8	zone=trees	ms=0.40	meshes=12
556.4	DECO	si=9	zone=trees	ms=0.40	meshes=12
556.8	DECO	si=10	zone=trees	ms=0.40	meshes=12
557.1	DECO	si=11	zone=trees	ms=0.30	meshes=9
557.6	DECO	si=12	zone=trees	ms=0.40	meshes=11
558.1	DECO	si=13	zone=trees	ms=0.50	meshes=12
559.4	DECO	si=14	zone=trees	ms=1.30	meshes=12
559.8	DECO	si=15	zone=trees	ms=0.40	meshes=12
560.4	DECO	si=16	zone=trees	ms=0.60	meshes=14
560.9	DECO	si=17	zone=trees	ms=0.50	meshes=12
561.6	DECO	si=18	zone=trees	ms=0.70	meshes=13
562.0	DECO	si=19	zone=trees	ms=0.40	meshes=11
562.4	DECO	si=20	zone=trees	ms=0.40	meshes=12
562.8	DECO	si=21	zone=trees	ms=0.40	meshes=12
563.5	DECO	si=22	zone=trees	ms=0.70	meshes=11
564.1	DECO	si=23	zone=trees	ms=0.60	meshes=13
564.6	DECO	si=24	zone=trees	ms=0.50	meshes=14
565.0	DECO	si=25	zone=trees	ms=0.40	meshes=10
565.4	DECO	si=26	zone=trees	ms=0.40	meshes=11
565.9	DECO	si=27	zone=trees	ms=0.50	meshes=12
566.3	DECO	si=28	zone=trees	ms=0.40	meshes=10
566.9	DECO	si=29	zone=trees	ms=0.60	meshes=15
567.5	DECO	si=30	zone=trees	ms=0.60	meshes=12
568.0	DECO	si=31	zone=trees	ms=0.50	meshes=13
568.4	DECO	si=32	zone=trees	ms=0.40	meshes=12
568.7	DECO	si=33	zone=trees	ms=0.30	meshes=10
569.7	DECO	si=34	zone=trees	ms=1.00	meshes=14
570.5	DECO	si=35	zone=trees	ms=0.80	meshes=13
571.1	DECO	si=36	zone=trees	ms=0.60	meshes=12
572.8	DECO	si=37	zone=trees	ms=1.70	meshes=11
573.2	DECO	si=38	zone=trees	ms=0.40	meshes=12
573.6	DECO	si=39	zone=trees	ms=0.40	meshes=11
574.3	DECO	si=40	zone=trees	ms=0.70	meshes=13
574.6	DECO	si=41	zone=trees	ms=0.30	meshes=10
575.1	DECO	si=42	zone=trees	ms=0.50	meshes=13
575.9	DECO	si=43	zone=trees	ms=0.80	meshes=13
576.5	DECO	si=44	zone=trees	ms=0.60	meshes=11
577.4	DECO	si=45	zone=trees	ms=0.90	meshes=15
578.2	DECO	si=46	zone=trees	ms=0.80	meshes=12
579.1	DECO	si=47	zone=trees	ms=0.90	meshes=13
579.9	DECO	si=48	zone=trees	ms=0.80	meshes=16
580.9	DECO	si=49	zone=trees	ms=1.00	meshes=14
581.6	DECO	si=50	zone=trees	ms=0.70	meshes=14
582.8	DECO	si=51	zone=trees	ms=1.20	meshes=16
583.3	DECO	si=52	zone=trees	ms=0.50	meshes=14
584.1	DECO	si=53	zone=trees	ms=0.80	meshes=13
588.5	DECO	si=54	zone=buildings	ms=4.40	meshes=7
590.9	DECO	si=55	zone=buildings	ms=2.40	meshes=7
593.1	DECO	si=56	zone=buildings	ms=2.20	meshes=7
594.5	DECO	si=57	zone=buildings	ms=1.30	meshes=7
596.5	DECO	si=58	zone=buildings	ms=2.00	meshes=7
598.9	DECO	si=59	zone=buildings	ms=2.40	meshes=6
601.4	DECO	si=60	zone=buildings	ms=2.50	meshes=7
603.6	DECO	si=61	zone=buildings	ms=2.20	meshes=6
606.1	DECO	si=62	zone=buildings	ms=2.50	meshes=7
607.9	DECO	si=63	zone=buildings	ms=1.80	meshes=7
609.9	DECO	si=64	zone=buildings	ms=2.00	meshes=7
612.4	DECO	si=65	zone=buildings	ms=2.50	meshes=7
614.8	DECO	si=66	zone=buildings	ms=2.40	meshes=6
616.8	DECO	si=67	zone=buildings	ms=2.00	meshes=7
619.5	DECO	si=68	zone=buildings	ms=2.70	meshes=7
622.1	DECO	si=69	zone=buildings	ms=2.60	meshes=6
624.6	DECO	si=70	zone=buildings	ms=2.50	meshes=7
4638.7	SHADER_PROG	count=29	was=0	seg=2	zone=trees
26207.7	DECO	si=71	zone=buildings	ms=3.00	meshes=7
26340.1	DECO	si=72	zone=buildings	ms=2.20	meshes=7
26393.6	SHADER_PROG	count=30	was=29	seg=7	zone=trees
26857.3	DECO	si=73	zone=buildings	ms=2.10	meshes=7
27023.7	DECO	si=74	zone=buildings	ms=1.80	meshes=6
27190.5	DECO	si=75	zone=buildings	ms=1.60	meshes=6
27356.6	DECO	si=76	zone=intersection	ms=1.20	meshes=37
27523.9	DECO	si=77	zone=buildings	ms=1.60	meshes=7
27857.1	DECO	si=78	zone=buildings	ms=1.40	meshes=6
28024.8	DECO	si=79	zone=buildings	ms=1.90	meshes=7
28641.4	DECO	si=80	zone=buildings	ms=1.40	meshes=7
29205.2	DECO	si=81	zone=buildings	ms=1.90	meshes=7
29358.9	DECO	si=82	zone=buildings	ms=1.10	meshes=7
29526.5	DECO	si=83	zone=buildings	ms=1.80	meshes=7
29692.7	DECO	si=84	zone=buildings	ms=1.60	meshes=7
29859.7	DECO	si=85	zone=buildings	ms=1.40	meshes=7
30025.6	DECO	si=86	zone=buildings	ms=1.50	meshes=5
30193.6	DECO	si=87	zone=buildings	ms=2.00	meshes=7
30360.0	DECO	si=88	zone=buildings	ms=1.50	meshes=7
30526.5	DECO	si=89	zone=buildings	ms=1.90	meshes=6
30693.0	DECO	si=90	zone=buildings	ms=1.40	meshes=7
30860.2	DECO	si=91	zone=buildings	ms=1.70	meshes=7
31027.3	DECO	si=92	zone=buildings	ms=1.50	meshes=7
31193.3	DECO	si=93	zone=buildings	ms=1.70	meshes=7
31360.7	DECO	si=94	zone=buildings	ms=1.40	meshes=7
31527.3	DECO	si=95	zone=buildings	ms=1.80	meshes=7
31693.5	DECO	si=96	zone=buildings	ms=1.40	meshes=5
31860.9	DECO	si=97	zone=buildings	ms=1.40	meshes=7
32027.7	DECO	si=98	zone=buildings	ms=1.40	meshes=7
32194.4	DECO	si=99	zone=intersection	ms=1.20	meshes=37
32361.6	DECO	si=100	zone=buildings	ms=1.90	meshes=7
32528.3	DECO	si=101	zone=buildings	ms=1.40	meshes=7
32695.3	DECO	si=102	zone=buildings	ms=1.90	meshes=6
32863.9	DECO	si=103	zone=mountains	ms=3.90	meshes=14
32903.3	SHADER_PROG	count=31	was=30	seg=38	zone=trees
33175.1	DECO	si=104	zone=mountains	ms=0.60	meshes=14
33340.6	DECO	si=105	zone=mountains	ms=0.90	meshes=14
33507.1	DECO	si=106	zone=mountains	ms=0.40	meshes=10
33666.0	DECO	si=107	zone=mountains	ms=0.40	meshes=10
33832.2	DECO	si=108	zone=mountains	ms=0.50	meshes=10
34000.1	DECO	si=109	zone=mountains	ms=0.50	meshes=14
34165.9	DECO	si=110	zone=mountains	ms=0.70	meshes=18
34332.9	DECO	si=111	zone=mountains	ms=0.60	meshes=14
34498.5	DECO	si=112	zone=mountains	ms=0.40	meshes=14
34665.0	DECO	si=113	zone=mountains	ms=0.70	meshes=18
34833.2	DECO	si=114	zone=mountains	ms=0.40	meshes=14
34998.1	DECO	si=115	zone=mountains	ms=0.50	meshes=14
35166.1	DECO	si=116	zone=mountains	ms=0.40	meshes=18
35333.1	DECO	si=117	zone=mountains	ms=0.30	meshes=14
35501.0	DECO	si=118	zone=mountains	ms=0.30	meshes=10
35668.6	DECO	si=119	zone=mountains	ms=0.50	meshes=10
35834.9	DECO	si=120	zone=mountains	ms=0.40	meshes=14
36002.0	DECO	si=121	zone=mountains	ms=0.60	meshes=18
36170.5	DECO	si=122	zone=mountains	ms=0.30	meshes=10
36337.4	DECO	si=123	zone=mountains	ms=2.70	meshes=18
36502.4	DECO	si=124	zone=mountains	ms=0.50	meshes=18
36668.6	DECO	si=125	zone=mountains	ms=0.50	meshes=18
36834.8	DECO	si=126	zone=mountains	ms=0.30	meshes=10
37001.4	DECO	si=127	zone=mountains	ms=0.40	meshes=18
37166.9	DECO	si=128	zone=mountains	ms=0.40	meshes=18
37333.8	DECO	si=129	zone=mountains	ms=0.60	meshes=18
37498.9	DECO	si=130	zone=mountains	ms=0.30	meshes=10
37667.2	DECO	si=131	zone=mountains	ms=0.40	meshes=18
37832.6	DECO	si=132	zone=mountains	ms=0.40	meshes=14
38001.8	DECO	si=133	zone=mountains	ms=0.30	meshes=10
38166.7	DECO	si=134	zone=mountains	ms=0.30	meshes=10
38333.1	DECO	si=135	zone=mountains	ms=0.20	meshes=10
38499.7	DECO	si=136	zone=mountains	ms=0.50	meshes=18
38667.5	DECO	si=137	zone=mountains	ms=0.50	meshes=18
38834.0	DECO	si=138	zone=mountains	ms=0.50	meshes=18
39001.7	DECO	si=139	zone=buildings	ms=1.40	meshes=7
39168.7	DECO	si=140	zone=buildings	ms=1.30	meshes=7
39335.9	DECO	si=141	zone=buildings	ms=1.60	meshes=7
39503.0	DECO	si=142	zone=buildings	ms=1.90	meshes=7
39669.2	DECO	si=143	zone=buildings	ms=1.50	meshes=7
39835.8	DECO	si=144	zone=buildings	ms=1.10	meshes=7
40001.4	DECO	si=145	zone=buildings	ms=1.50	meshes=7
40169.8	DECO	si=146	zone=buildings	ms=1.40	meshes=7
40336.9	DECO	si=147	zone=buildings	ms=1.70	meshes=7
40501.5	DECO	si=148	zone=buildings	ms=1.50	meshes=7
40668.8	DECO	si=149	zone=buildings	ms=2.20	meshes=7
40834.4	DECO	si=150	zone=buildings	ms=1.00	meshes=7
41001.4	DECO	si=151	zone=buildings	ms=1.50	meshes=7
41166.8	ZONE_CHANGE	→ ether	si=227	zoneLeft=33
41167.9	DECO	si=152	zone=buildings	ms=1.00	meshes=7
41334.9	DECO	si=153	zone=buildings	ms=1.60	meshes=7
41501.5	DECO	si=154	zone=buildings	ms=1.20	meshes=7
41668.6	DECO	si=155	zone=buildings	ms=1.40	meshes=7
41834.9	DECO	si=156	zone=buildings	ms=1.10	meshes=7
42002.1	DECO	si=157	zone=buildings	ms=1.50	meshes=7
42168.7	DECO	si=158	zone=buildings	ms=1.20	meshes=7
42336.4	DECO	si=159	zone=buildings	ms=1.50	meshes=7
42503.0	DECO	si=160	zone=buildings	ms=1.20	meshes=6
42669.1	DECO	si=161	zone=intersection	ms=1.10	meshes=37
42836.1	DECO	si=162	zone=buildings	ms=1.30	meshes=7
43002.6	DECO	si=163	zone=buildings	ms=1.40	meshes=7
43171.3	DECO	si=164	zone=buildings	ms=2.60	meshes=7
43336.3	DECO	si=165	zone=buildings	ms=1.30	meshes=7
43503.7	DECO	si=166	zone=buildings	ms=1.90	meshes=7
43670.0	DECO	si=167	zone=buildings	ms=1.60	meshes=7
43837.0	DECO	si=168	zone=buildings	ms=1.50	meshes=7
44003.9	DECO	si=169	zone=buildings	ms=1.80	meshes=7
44171.2	DECO	si=170	zone=buildings	ms=1.70	meshes=7
44337.1	DECO	si=171	zone=buildings	ms=1.50	meshes=7
44505.0	DECO	si=172	zone=buildings	ms=1.90	meshes=7
44671.3	DECO	si=173	zone=buildings	ms=1.20	meshes=7
44838.4	DECO	si=174	zone=buildings	ms=2.30	meshes=6
45004.1	DECO	si=175	zone=buildings	ms=1.20	meshes=7
45171.7	DECO	si=176	zone=buildings	ms=1.70	meshes=7
45338.0	DECO	si=177	zone=buildings	ms=1.20	meshes=7
45504.8	DECO	si=178	zone=buildings	ms=1.40	meshes=7
45672.0	DECO	si=179	zone=buildings	ms=1.20	meshes=7
45838.6	DECO	si=180	zone=buildings	ms=1.60	meshes=7
46005.4	DECO	si=181	zone=buildings	ms=1.50	meshes=7
46172.5	DECO	si=182	zone=buildings	ms=1.40	meshes=7
46339.3	DECO	si=183	zone=buildings	ms=1.40	meshes=7
46505.6	DECO	si=184	zone=intersection	ms=1.20	meshes=37
46689.6	DECO	si=185	zone=buildings	ms=1.70	meshes=7
46871.0	ZONE_CHANGE	→ buildings	si=261	zoneLeft=28
46872.7	DECO	si=186	zone=buildings	ms=1.70	meshes=5
47089.9	DECO	si=187	zone=buildings	ms=1.70	meshes=7
48140.2	DECO	si=188	zone=buildings	ms=1.40	meshes=7
48390.4	DECO	si=189	zone=buildings	ms=1.20	meshes=7
48574.2	DECO	si=190	zone=buildings	ms=1.40	meshes=7
48790.9	DECO	si=191	zone=buildings	ms=1.50	meshes=7
58806.0	SHADER_PROG	count=47	was=31	seg=126	zone=mountains
62024.0	SHADER_PROG	count=48	was=47	seg=126	zone=mountains
576.1	ZONE_CHANGE	→ ether	si=54	zoneLeft=51
576.2	ZONE_CHANGE	→ bridge	si=106	zoneLeft=52
576.2	ZONE_CHANGE	→ bridge	si=159	zoneLeft=15
576.2	ZONE_CHANGE	→ ether	si=175	zoneLeft=30
581.6	DECO	si=0	zone=trees	ms=1.30	meshes=11
582.6	DECO	si=1	zone=trees	ms=1.00	meshes=10
583.3	DECO	si=2	zone=trees	ms=0.70	meshes=10
583.9	DECO	si=3	zone=trees	ms=0.60	meshes=11
584.7	DECO	si=4	zone=trees	ms=0.80	meshes=11
585.5	DECO	si=5	zone=trees	ms=0.80	meshes=13
586.2	DECO	si=6	zone=trees	ms=0.70	meshes=11
586.8	DECO	si=7	zone=trees	ms=0.60	meshes=10
587.7	DECO	si=8	zone=trees	ms=0.90	meshes=12
588.3	DECO	si=9	zone=trees	ms=0.60	meshes=10
589.1	DECO	si=10	zone=trees	ms=0.80	meshes=11
589.9	DECO	si=11	zone=trees	ms=0.80	meshes=12
590.6	DECO	si=12	zone=trees	ms=0.70	meshes=14
591.2	DECO	si=13	zone=trees	ms=0.60	meshes=9
591.9	DECO	si=14	zone=trees	ms=0.70	meshes=10
592.3	DECO	si=15	zone=trees	ms=0.40	meshes=9
593.2	DECO	si=16	zone=trees	ms=0.90	meshes=13
593.8	DECO	si=17	zone=trees	ms=0.60	meshes=13
595.4	DECO	si=18	zone=trees	ms=1.60	meshes=12
595.9	DECO	si=19	zone=trees	ms=0.50	meshes=12
596.2	DECO	si=20	zone=trees	ms=0.30	meshes=11
596.8	DECO	si=21	zone=trees	ms=0.60	meshes=13
597.4	DECO	si=22	zone=trees	ms=0.60	meshes=13
598.0	DECO	si=23	zone=trees	ms=0.60	meshes=13
598.6	DECO	si=24	zone=trees	ms=0.60	meshes=15
599.3	DECO	si=25	zone=trees	ms=0.70	meshes=15
599.8	DECO	si=26	zone=trees	ms=0.50	meshes=11
600.3	DECO	si=27	zone=trees	ms=0.50	meshes=14
600.7	DECO	si=28	zone=trees	ms=0.40	meshes=11
601.1	DECO	si=29	zone=trees	ms=0.40	meshes=11
601.5	DECO	si=30	zone=trees	ms=0.40	meshes=13
602.2	DECO	si=31	zone=trees	ms=0.60	meshes=12
602.8	DECO	si=32	zone=trees	ms=0.60	meshes=16
603.4	DECO	si=33	zone=trees	ms=0.60	meshes=15
603.9	DECO	si=34	zone=trees	ms=0.50	meshes=12
604.4	DECO	si=35	zone=trees	ms=0.50	meshes=13
605.1	DECO	si=36	zone=trees	ms=0.70	meshes=12
605.8	DECO	si=37	zone=trees	ms=0.70	meshes=13
607.9	DECO	si=38	zone=trees	ms=2.10	meshes=11
608.5	DECO	si=39	zone=trees	ms=0.60	meshes=13
609.0	DECO	si=40	zone=trees	ms=0.50	meshes=12
609.6	DECO	si=41	zone=trees	ms=0.60	meshes=14
610.0	DECO	si=42	zone=trees	ms=0.40	meshes=13
610.5	DECO	si=43	zone=trees	ms=0.50	meshes=13
611.0	DECO	si=44	zone=trees	ms=0.50	meshes=13
611.6	DECO	si=45	zone=trees	ms=0.60	meshes=13
612.1	DECO	si=46	zone=trees	ms=0.40	meshes=13
612.5	DECO	si=47	zone=trees	ms=0.40	meshes=12
613.1	DECO	si=48	zone=trees	ms=0.60	meshes=14
613.6	DECO	si=49	zone=trees	ms=0.50	meshes=13
614.1	DECO	si=50	zone=trees	ms=0.50	meshes=14
614.5	DECO	si=51	zone=trees	ms=0.40	meshes=13
614.9	DECO	si=52	zone=trees	ms=0.40	meshes=12
615.4	DECO	si=53	zone=trees	ms=0.50	meshes=14
10508409.9	SHADER_PROG	count=23	was=0	seg=2	zone=trees
860.6	ZONE_CHANGE	→ dirt	si=54	zoneLeft=28
860.6	ZONE_CHANGE	→ ether	si=83	zoneLeft=15
860.6	ZONE_CHANGE	→ buildings	si=99	zoneLeft=36
860.6	ZONE_CHANGE	→ trees	si=136	zoneLeft=24
860.6	ZONE_CHANGE	→ ether	si=161	zoneLeft=23
860.6	ZONE_CHANGE	→ buildings	si=185	zoneLeft=30
869.7	DECO	si=0	zone=trees	ms=1.40	meshes=11
870.4	DECO	si=1	zone=trees	ms=0.70	meshes=11
871.1	DECO	si=2	zone=trees	ms=0.70	meshes=11
871.7	DECO	si=3	zone=trees	ms=0.60	meshes=10
872.4	DECO	si=4	zone=trees	ms=0.70	meshes=10
873.7	DECO	si=5	zone=trees	ms=1.30	meshes=11
874.2	DECO	si=6	zone=trees	ms=0.50	meshes=11
874.7	DECO	si=7	zone=trees	ms=0.50	meshes=12
875.3	DECO	si=8	zone=trees	ms=0.60	meshes=12
875.9	DECO	si=9	zone=trees	ms=0.60	meshes=12
876.4	DECO	si=10	zone=trees	ms=0.50	meshes=14
877.0	DECO	si=11	zone=trees	ms=0.60	meshes=11
877.4	DECO	si=12	zone=trees	ms=0.40	meshes=10
877.9	DECO	si=13	zone=trees	ms=0.50	meshes=12
878.4	DECO	si=14	zone=trees	ms=0.50	meshes=11
878.9	DECO	si=15	zone=trees	ms=0.50	meshes=13
880.3	DECO	si=16	zone=trees	ms=1.40	meshes=12
880.8	DECO	si=17	zone=trees	ms=0.50	meshes=10
881.1	DECO	si=18	zone=trees	ms=0.30	meshes=10
881.5	DECO	si=19	zone=trees	ms=0.40	meshes=10
882.0	DECO	si=20	zone=trees	ms=0.50	meshes=12
882.3	DECO	si=21	zone=trees	ms=0.30	meshes=11
882.8	DECO	si=22	zone=trees	ms=0.50	meshes=13
883.2	DECO	si=23	zone=trees	ms=0.40	meshes=12
883.7	DECO	si=24	zone=trees	ms=0.50	meshes=14
884.1	DECO	si=25	zone=trees	ms=0.40	meshes=10
884.6	DECO	si=26	zone=trees	ms=0.50	meshes=13
885.1	DECO	si=27	zone=trees	ms=0.50	meshes=13
886.3	DECO	si=28	zone=trees	ms=1.20	meshes=12
886.8	DECO	si=29	zone=trees	ms=0.50	meshes=11
887.1	DECO	si=30	zone=trees	ms=0.30	meshes=12
887.7	DECO	si=31	zone=trees	ms=0.60	meshes=15
888.3	DECO	si=32	zone=trees	ms=0.60	meshes=14
888.7	DECO	si=33	zone=trees	ms=0.40	meshes=13
889.3	DECO	si=34	zone=trees	ms=0.60	meshes=13
889.7	DECO	si=35	zone=trees	ms=0.40	meshes=15
890.2	DECO	si=36	zone=trees	ms=0.50	meshes=13
890.7	DECO	si=37	zone=trees	ms=0.50	meshes=13
891.1	DECO	si=38	zone=trees	ms=0.40	meshes=12
891.6	DECO	si=39	zone=trees	ms=0.50	meshes=12
892.3	DECO	si=40	zone=trees	ms=0.70	meshes=15
892.8	DECO	si=41	zone=trees	ms=0.50	meshes=10
893.5	DECO	si=42	zone=trees	ms=0.70	meshes=11
894.0	DECO	si=43	zone=trees	ms=0.50	meshes=12
894.9	DECO	si=44	zone=trees	ms=0.90	meshes=15
895.5	DECO	si=45	zone=trees	ms=0.60	meshes=13
896.1	DECO	si=46	zone=trees	ms=0.60	meshes=10
896.6	DECO	si=47	zone=trees	ms=0.50	meshes=11
897.5	DECO	si=48	zone=trees	ms=0.90	meshes=15
898.2	DECO	si=49	zone=trees	ms=0.70	meshes=13
899.2	DECO	si=50	zone=trees	ms=1.00	meshes=16
900.0	DECO	si=51	zone=trees	ms=0.80	meshes=14
901.5	DECO	si=52	zone=trees	ms=1.50	meshes=13
902.1	DECO	si=53	zone=trees	ms=0.60	meshes=17
902.5	DECO	si=54	zone=dirt	ms=0.40	meshes=7
902.6	DECO	si=55	zone=dirt	ms=0.10	meshes=10
902.7	DECO	si=56	zone=dirt	ms=0.10	meshes=5
902.9	DECO	si=57	zone=dirt	ms=0.20	meshes=2
903.0	DECO	si=58	zone=dirt	ms=0.10	meshes=7
903.0	DECO	si=59	zone=dirt	ms=0.00	meshes=2
903.1	DECO	si=60	zone=dirt	ms=0.10	meshes=10
903.2	DECO	si=61	zone=dirt	ms=0.10	meshes=7
903.3	DECO	si=62	zone=dirt	ms=0.10	meshes=13
903.5	DECO	si=63	zone=dirt	ms=0.20	meshes=9
903.6	DECO	si=64	zone=dirt	ms=0.10	meshes=17
903.8	DECO	si=65	zone=dirt	ms=0.20	meshes=7
903.8	DECO	si=66	zone=dirt	ms=0.00	meshes=2
903.8	DECO	si=67	zone=dirt	ms=0.00	meshes=10
903.9	DECO	si=68	zone=dirt	ms=0.10	meshes=5
904.0	DECO	si=69	zone=dirt	ms=0.10	meshes=2
904.0	DECO	si=70	zone=dirt	ms=0.00	meshes=11
169.3	ZONE_CHANGE	→ buildings	si=54	zoneLeft=24
169.5	ZONE_CHANGE	→ buildings	si=79	zoneLeft=21
169.5	ZONE_CHANGE	→ bridge	si=101	zoneLeft=21
169.5	ZONE_CHANGE	→ bridge	si=123	zoneLeft=17
169.5	ZONE_CHANGE	→ mountains	si=141	zoneLeft=48
182.6	DECO	si=0	zone=trees	ms=1.90	meshes=13
184.0	DECO	si=1	zone=trees	ms=1.40	meshes=11
184.9	DECO	si=2	zone=trees	ms=0.90	meshes=10
186.0	DECO	si=3	zone=trees	ms=1.10	meshes=12
186.9	DECO	si=4	zone=trees	ms=0.90	meshes=11
187.8	DECO	si=5	zone=trees	ms=0.90	meshes=10
188.8	DECO	si=6	zone=trees	ms=1.00	meshes=11
195.8	DECO	si=7	zone=trees	ms=7.00	meshes=12
196.1	DECO	si=8	zone=trees	ms=0.30	meshes=11
196.8	DECO	si=9	zone=trees	ms=0.70	meshes=14
197.3	DECO	si=10	zone=trees	ms=0.50	meshes=13
197.6	DECO	si=11	zone=trees	ms=0.30	meshes=9
198.0	DECO	si=12	zone=trees	ms=0.40	meshes=12
198.3	DECO	si=13	zone=trees	ms=0.30	meshes=10
198.7	DECO	si=14	zone=trees	ms=0.40	meshes=12
199.0	DECO	si=15	zone=trees	ms=0.30	meshes=9
199.4	DECO	si=16	zone=trees	ms=0.40	meshes=11
199.9	DECO	si=17	zone=trees	ms=0.50	meshes=14
200.3	DECO	si=18	zone=trees	ms=0.40	meshes=13
200.9	DECO	si=19	zone=trees	ms=0.60	meshes=12
201.4	DECO	si=20	zone=trees	ms=0.50	meshes=12
201.8	DECO	si=21	zone=trees	ms=0.40	meshes=11
202.1	DECO	si=22	zone=trees	ms=0.30	meshes=10
202.5	DECO	si=23	zone=trees	ms=0.40	meshes=10
203.0	DECO	si=24	zone=trees	ms=0.50	meshes=14
203.3	DECO	si=25	zone=trees	ms=0.30	meshes=10
203.6	DECO	si=26	zone=trees	ms=0.30	meshes=11
204.1	DECO	si=27	zone=trees	ms=0.50	meshes=12
204.7	DECO	si=28	zone=trees	ms=0.60	meshes=13
205.1	DECO	si=29	zone=trees	ms=0.40	meshes=11
205.6	DECO	si=30	zone=trees	ms=0.50	meshes=14
206.2	DECO	si=31	zone=trees	ms=0.50	meshes=13
206.8	DECO	si=32	zone=trees	ms=0.60	meshes=14
207.3	DECO	si=33	zone=trees	ms=0.50	meshes=14
207.7	DECO	si=34	zone=trees	ms=0.40	meshes=12
208.1	DECO	si=35	zone=trees	ms=0.40	meshes=10
208.6	DECO	si=36	zone=trees	ms=0.50	meshes=13
209.2	DECO	si=37	zone=trees	ms=0.60	meshes=12
209.9	DECO	si=38	zone=trees	ms=0.70	meshes=12
210.5	DECO	si=39	zone=trees	ms=0.60	meshes=12
211.2	DECO	si=40	zone=trees	ms=0.70	meshes=13
211.8	DECO	si=41	zone=trees	ms=0.60	meshes=12
212.5	DECO	si=42	zone=trees	ms=0.70	meshes=12
213.1	DECO	si=43	zone=trees	ms=0.60	meshes=12
214.0	DECO	si=44	zone=trees	ms=0.90	meshes=13
214.7	DECO	si=45	zone=trees	ms=0.70	meshes=13
215.4	DECO	si=46	zone=trees	ms=0.70	meshes=13
216.0	DECO	si=47	zone=trees	ms=0.60	meshes=11
216.7	DECO	si=48	zone=trees	ms=0.70	meshes=13
217.5	DECO	si=49	zone=trees	ms=0.80	meshes=13
218.2	DECO	si=50	zone=trees	ms=0.70	meshes=11
218.8	DECO	si=51	zone=trees	ms=0.60	meshes=14
219.5	DECO	si=52	zone=trees	ms=0.70	meshes=13
220.1	DECO	si=53	zone=trees	ms=0.60	meshes=11
225.3	DECO	si=54	zone=buildings	ms=5.20	meshes=7
227.3	DECO	si=55	zone=buildings	ms=2.00	meshes=7
229.6	DECO	si=56	zone=buildings	ms=2.30	meshes=6
232.8	DECO	si=57	zone=buildings	ms=3.20	meshes=5
234.5	DECO	si=58	zone=buildings	ms=1.60	meshes=7
235.8	DECO	si=59	zone=buildings	ms=1.20	meshes=7
237.1	DECO	si=60	zone=buildings	ms=1.30	meshes=6
238.5	DECO	si=61	zone=buildings	ms=1.40	meshes=7
240.2	DECO	si=62	zone=buildings	ms=1.70	meshes=7
241.7	DECO	si=63	zone=buildings	ms=1.50	meshes=6
242.9	DECO	si=64	zone=buildings	ms=1.20	meshes=7
244.0	DECO	si=65	zone=buildings	ms=1.10	meshes=6
245.6	DECO	si=66	zone=buildings	ms=1.60	meshes=6
246.7	DECO	si=67	zone=buildings	ms=1.10	meshes=6
248.3	DECO	si=68	zone=buildings	ms=1.60	meshes=7
249.8	DECO	si=69	zone=buildings	ms=1.50	meshes=7
252.2	DECO	si=70	zone=buildings	ms=2.40	meshes=6
3060.0	SHADER_PROG	count=32	was=0	seg=2	zone=trees
439.8	ZONE_CHANGE	→ trees	si=54	zoneLeft=41
439.9	ZONE_CHANGE	→ toxic	si=96	zoneLeft=35
439.9	ZONE_CHANGE	→ buildings	si=132	zoneLeft=49
440.1	ZONE_CHANGE	→ buildings	si=182	zoneLeft=21
456.5	DECO	si=0	zone=trees	ms=1.00	meshes=9
457.3	DECO	si=1	zone=trees	ms=0.80	meshes=12
457.8	DECO	si=2	zone=trees	ms=0.50	meshes=9
458.2	DECO	si=3	zone=trees	ms=0.40	meshes=10
458.7	DECO	si=4	zone=trees	ms=0.50	meshes=10
459.3	DECO	si=5	zone=trees	ms=0.60	meshes=14
459.9	DECO	si=6	zone=trees	ms=0.60	meshes=13
460.5	DECO	si=7	zone=trees	ms=0.60	meshes=13
461.0	DECO	si=8	zone=trees	ms=0.50	meshes=11
461.4	DECO	si=9	zone=trees	ms=0.40	meshes=11
461.9	DECO	si=10	zone=trees	ms=0.50	meshes=12
462.3	DECO	si=11	zone=trees	ms=0.40	meshes=12
462.8	DECO	si=12	zone=trees	ms=0.50	meshes=11
463.3	DECO	si=13	zone=trees	ms=0.50	meshes=14
463.9	DECO	si=14	zone=trees	ms=0.60	meshes=11
464.4	DECO	si=15	zone=trees	ms=0.50	meshes=12
464.9	DECO	si=16	zone=trees	ms=0.50	meshes=14
465.2	DECO	si=17	zone=trees	ms=0.30	meshes=11
465.8	DECO	si=18	zone=trees	ms=0.60	meshes=14
466.3	DECO	si=19	zone=trees	ms=0.50	meshes=12
466.6	DECO	si=20	zone=trees	ms=0.30	meshes=10
467.2	DECO	si=21	zone=trees	ms=0.60	meshes=13
467.6	DECO	si=22	zone=trees	ms=0.40	meshes=13
468.0	DECO	si=23	zone=trees	ms=0.40	meshes=10
468.5	DECO	si=24	zone=trees	ms=0.50	meshes=11
468.9	DECO	si=25	zone=trees	ms=0.40	meshes=11
469.4	DECO	si=26	zone=trees	ms=0.50	meshes=14
470.0	DECO	si=27	zone=trees	ms=0.60	meshes=11
470.7	DECO	si=28	zone=trees	ms=0.70	meshes=14
471.3	DECO	si=29	zone=trees	ms=0.60	meshes=12
472.0	DECO	si=30	zone=trees	ms=0.70	meshes=13
472.6	DECO	si=31	zone=trees	ms=0.60	meshes=12
473.2	DECO	si=32	zone=trees	ms=0.60	meshes=12
473.8	DECO	si=33	zone=trees	ms=0.60	meshes=14
474.2	DECO	si=34	zone=trees	ms=0.40	meshes=11
474.9	DECO	si=35	zone=trees	ms=0.70	meshes=13
475.7	DECO	si=36	zone=trees	ms=0.80	meshes=16
476.4	DECO	si=37	zone=trees	ms=0.70	meshes=13
476.9	DECO	si=38	zone=trees	ms=0.50	meshes=16
477.4	DECO	si=39	zone=trees	ms=0.50	meshes=12
477.9	DECO	si=40	zone=trees	ms=0.50	meshes=13
478.4	DECO	si=41	zone=trees	ms=0.50	meshes=13
479.2	DECO	si=42	zone=trees	ms=0.80	meshes=15
479.6	DECO	si=43	zone=trees	ms=0.40	meshes=12
480.3	DECO	si=44	zone=trees	ms=0.70	meshes=14
480.8	DECO	si=45	zone=trees	ms=0.50	meshes=10
481.1	DECO	si=46	zone=trees	ms=0.30	meshes=10
481.5	DECO	si=47	zone=trees	ms=0.40	meshes=13
482.0	DECO	si=48	zone=trees	ms=0.50	meshes=11
482.3	DECO	si=49	zone=trees	ms=0.30	meshes=12
482.8	DECO	si=50	zone=trees	ms=0.50	meshes=14
486.3	DECO	si=51	zone=trees	ms=3.50	meshes=16
486.7	DECO	si=52	zone=trees	ms=0.40	meshes=13
487.4	DECO	si=53	zone=trees	ms=0.70	meshes=15
488.0	DECO	si=54	zone=trees	ms=0.60	meshes=14
488.4	DECO	si=55	zone=trees	ms=0.40	meshes=12
489.1	DECO	si=56	zone=trees	ms=0.70	meshes=14
489.7	DECO	si=57	zone=trees	ms=0.60	meshes=15
490.3	DECO	si=58	zone=trees	ms=0.60	meshes=16
491.0	DECO	si=59	zone=trees	ms=0.70	meshes=14
491.5	DECO	si=60	zone=trees	ms=0.50	meshes=15
492.1	DECO	si=61	zone=trees	ms=0.60	meshes=14
492.7	DECO	si=62	zone=trees	ms=0.60	meshes=12
493.4	DECO	si=63	zone=trees	ms=0.70	meshes=15
493.7	DECO	si=64	zone=trees	ms=0.30	meshes=13
494.2	DECO	si=65	zone=trees	ms=0.50	meshes=13
494.6	DECO	si=66	zone=trees	ms=0.40	meshes=12
495.2	DECO	si=67	zone=trees	ms=0.60	meshes=14
496.0	DECO	si=68	zone=trees	ms=0.80	meshes=16
496.6	DECO	si=69	zone=trees	ms=0.60	meshes=16
497.1	DECO	si=70	zone=trees	ms=0.50	meshes=14
12716.9	SHADER_PROG	count=26	was=0	seg=2	zone=trees
27111.4	DECO	si=71	zone=trees	ms=0.90	meshes=12
27244.8	DECO	si=72	zone=trees	ms=0.90	meshes=17
27395.7	DECO	si=73	zone=trees	ms=0.80	meshes=15
27560.3	DECO	si=74	zone=trees	ms=0.60	meshes=15
27733.1	SHADER_PROG	count=27	was=26	seg=9	zone=trees
27748.2	DECO	si=75	zone=trees	ms=0.70	meshes=14
27912.5	DECO	si=76	zone=trees	ms=0.70	meshes=17
28078.3	DECO	si=77	zone=trees	ms=0.90	meshes=18
28244.0	DECO	si=78	zone=trees	ms=0.80	meshes=14
28411.0	DECO	si=79	zone=trees	ms=1.40	meshes=16
28577.5	DECO	si=80	zone=trees	ms=0.60	meshes=15
28743.7	DECO	si=81	zone=trees	ms=0.50	meshes=13
28913.4	DECO	si=82	zone=trees	ms=0.90	meshes=16
29078.6	DECO	si=83	zone=trees	ms=0.60	meshes=15
29245.3	DECO	si=84	zone=trees	ms=0.80	meshes=17
29411.4	DECO	si=85	zone=trees	ms=0.70	meshes=14
29578.3	DECO	si=86	zone=trees	ms=0.70	meshes=15
29744.6	DECO	si=87	zone=trees	ms=0.70	meshes=17
29911.9	DECO	si=88	zone=trees	ms=0.80	meshes=15
30078.9	DECO	si=89	zone=trees	ms=0.70	meshes=14
30245.8	DECO	si=90	zone=trees	ms=0.90	meshes=18
30412.2	DECO	si=91	zone=trees	ms=0.60	meshes=14
30578.5	DECO	si=92	zone=trees	ms=0.70	meshes=18
30745.3	DECO	si=93	zone=trees	ms=0.70	meshes=15
30912.8	DECO	si=94	zone=trees	ms=0.70	meshes=14
31079.1	DECO	si=95	zone=trees	ms=0.70	meshes=17
36005.1	SHADER_PROG	count=37	was=27	seg=31	zone=trees
36182.5	DECO	si=97	zone=toxic	ms=0.20	meshes=2
36349.2	DECO	si=98	zone=toxic	ms=0.20	meshes=2
36516.4	DECO	si=99	zone=toxic	ms=0.50	meshes=2
36682.6	DECO	si=100	zone=toxic	ms=0.20	meshes=2
36849.5	DECO	si=101	zone=toxic	ms=0.30	meshes=2
37019.3	DECO	si=102	zone=toxic	ms=0.30	meshes=2
37183.1	DECO	si=103	zone=toxic	ms=0.10	meshes=2
37349.9	DECO	si=104	zone=toxic	ms=0.30	meshes=2
37517.0	DECO	si=105	zone=toxic	ms=0.30	meshes=2
37683.7	DECO	si=106	zone=toxic	ms=0.20	meshes=2
37850.4	DECO	si=107	zone=toxic	ms=0.10	meshes=2
38017.8	DECO	si=108	zone=toxic	ms=0.30	meshes=2
38183.9	DECO	si=109	zone=toxic	ms=0.20	meshes=2
38368.1	DECO	si=110	zone=toxic	ms=0.10	meshes=2
38535.4	DECO	si=111	zone=toxic	ms=0.40	meshes=2
38701.9	DECO	si=112	zone=toxic	ms=0.20	meshes=2
38868.6	DECO	si=113	zone=toxic	ms=0.00	meshes=2
39035.9	DECO	si=114	zone=toxic	ms=0.20	meshes=2
39202.7	DECO	si=115	zone=toxic	ms=0.00	meshes=2
39369.5	DECO	si=116	zone=toxic	ms=0.10	meshes=2
39536.4	DECO	si=117	zone=toxic	ms=0.20	meshes=2
39864.5	SHADER_PROG	count=38	was=37	seg=52	zone=trees
39935.2	SHADER_PROG	count=39	was=38	seg=52	zone=trees
45731.2	SHADER_PROG	count=51	was=39	seg=53	zone=trees
45924.1	DECO	si=119	zone=toxic	ms=0.10	meshes=2
46092.0	DECO	si=120	zone=toxic	ms=0.30	meshes=2
46173.5	SHADER_PROG	count=52	was=51	seg=55	zone=trees
46276.6	DECO	si=121	zone=toxic	ms=0.10	meshes=2
46440.7	DECO	si=122	zone=toxic	ms=0.00	meshes=2
46607.7	DECO	si=123	zone=toxic	ms=0.20	meshes=2
46774.8	DECO	si=124	zone=toxic	ms=0.20	meshes=2
46941.6	DECO	si=125	zone=toxic	ms=0.00	meshes=2
47108.2	DECO	si=126	zone=toxic	ms=0.20	meshes=2
47274.9	DECO	si=127	zone=toxic	ms=0.20	meshes=2
47378.4	SHADER_PROG	count=53	was=52	seg=62	zone=trees
47441.7	DECO	si=128	zone=toxic	ms=0.20	meshes=2
47608.3	ZONE_CHANGE	→ trees	si=204	zoneLeft=50
47608.5	DECO	si=129	zone=toxic	ms=0.20	meshes=2
47775.3	DECO	si=130	zone=toxic	ms=0.00	meshes=2
47942.0	DECO	si=131	zone=toxic	ms=0.10	meshes=2
48111.5	DECO	si=132	zone=buildings	ms=2.90	meshes=7
48276.7	DECO	si=133	zone=buildings	ms=1.30	meshes=7
48444.8	DECO	si=134	zone=buildings	ms=2.60	meshes=7
48610.2	DECO	si=135	zone=buildings	ms=1.40	meshes=6
48777.9	DECO	si=136	zone=buildings	ms=2.10	meshes=6
48944.3	DECO	si=137	zone=buildings	ms=1.50	meshes=7
49110.9	DECO	si=138	zone=buildings	ms=1.80	meshes=7
49277.7	DECO	si=139	zone=buildings	ms=1.60	meshes=6
49445.3	DECO	si=140	zone=buildings	ms=2.00	meshes=6
49612.3	DECO	si=141	zone=buildings	ms=1.70	meshes=7
49778.2	DECO	si=142	zone=buildings	ms=1.70	meshes=7
49945.0	DECO	si=143	zone=buildings	ms=1.70	meshes=7
50112.2	DECO	si=144	zone=buildings	ms=2.10	meshes=6
50278.9	DECO	si=145	zone=buildings	ms=1.80	meshes=7
50446.1	DECO	si=146	zone=buildings	ms=2.10	meshes=7
50611.9	DECO	si=147	zone=buildings	ms=1.50	meshes=7
50779.6	DECO	si=148	zone=buildings	ms=2.20	meshes=7
50945.4	DECO	si=149	zone=buildings	ms=1.10	meshes=7
51116.3	DECO	si=150	zone=buildings	ms=2.60	meshes=7
51279.5	DECO	si=151	zone=buildings	ms=1.60	meshes=7
51446.5	DECO	si=152	zone=buildings	ms=1.70	meshes=7
52365.5	SHADER_PROG	count=54	was=53	seg=87	zone=trees
52397.0	DECO	si=153	zone=buildings	ms=1.50	meshes=7
52565.0	DECO	si=154	zone=intersection	ms=2.10	meshes=37
52731.0	DECO	si=155	zone=buildings	ms=2.10	meshes=7
53266.2	SHADER_PROG	count=55	was=54	seg=90	zone=trees
53331.6	DECO	si=156	zone=buildings	ms=2.30	meshes=7
53498.9	DECO	si=157	zone=buildings	ms=2.60	meshes=7
53782.8	SHADER_PROG	count=56	was=55	seg=92	zone=trees
54573.5	SHADER_PROG	count=57	was=56	seg=92	zone=trees
54598.7	DECO	si=158	zone=buildings	ms=1.10	meshes=7
55485.8	SHADER_PROG	count=58	was=57	seg=93	zone=trees
55633.4	DECO	si=159	zone=buildings	ms=1.90	meshes=5
55698.4	SHADER_PROG	count=59	was=58	seg=94	zone=trees
55799.2	DECO	si=160	zone=buildings	ms=1.40	meshes=7
55966.8	DECO	si=161	zone=buildings	ms=1.80	meshes=7
56134.1	DECO	si=162	zone=buildings	ms=1.70	meshes=7
56333.1	DECO	si=163	zone=buildings	ms=1.60	meshes=7
74869.8	SHADER_PROG	count=76	was=59	seg=98	zone=toxic
74909.8	SHADER_PROG	count=77	was=76	seg=98	zone=toxic
75199.0	DECO	si=164	zone=buildings	ms=1.50	meshes=7
75360.9	SHADER_PROG	count=78	was=77	seg=99	zone=toxic
75382.1	DECO	si=165	zone=buildings	ms=2.10	meshes=7
75549.1	DECO	si=166	zone=buildings	ms=1.40	meshes=7
75716.0	DECO	si=167	zone=buildings	ms=2.10	meshes=6
75882.5	DECO	si=168	zone=buildings	ms=1.70	meshes=7
76050.0	DECO	si=169	zone=buildings	ms=1.80	meshes=7
76216.0	DECO	si=170	zone=buildings	ms=1.20	meshes=7
76384.3	DECO	si=171	zone=buildings	ms=2.20	meshes=7
76566.3	DECO	si=172	zone=buildings	ms=1.40	meshes=7
76732.9	DECO	si=173	zone=buildings	ms=1.60	meshes=7
76916.6	DECO	si=174	zone=buildings	ms=1.70	meshes=6
77099.8	DECO	si=175	zone=buildings	ms=1.50	meshes=6
77917.5	DECO	si=176	zone=buildings	ms=1.90	meshes=7
78167.6	DECO	si=177	zone=intersection	ms=1.50	meshes=37
78334.5	DECO	si=178	zone=buildings	ms=1.70	meshes=6
78485.6	SHADER_PROG	count=79	was=78	seg=113	zone=toxic
78501.2	DECO	si=179	zone=buildings	ms=1.70	meshes=7
78683.0	ZONE_CHANGE	→ toxic	si=255	zoneLeft=24
78684.6	DECO	si=180	zone=buildings	ms=1.50	meshes=6
78884.3	DECO	si=181	zone=buildings	ms=1.30	meshes=7
79051.8	DECO	si=182	zone=buildings	ms=1.30	meshes=7
79218.6	DECO	si=183	zone=buildings	ms=1.60	meshes=7
79385.0	DECO	si=184	zone=buildings	ms=1.50	meshes=7
79552.2	DECO	si=185	zone=buildings	ms=2.20	meshes=7
79718.8	DECO	si=186	zone=buildings	ms=1.80	meshes=7
79885.6	DECO	si=187	zone=buildings	ms=1.60	meshes=7
80052.4	DECO	si=188	zone=buildings	ms=1.80	meshes=6
80269.5	DECO	si=189	zone=buildings	ms=1.60	meshes=6
80537.0	DECO	si=190	zone=buildings	ms=2.10	meshes=7
80768.7	DECO	si=191	zone=buildings	ms=1.00	meshes=7
80936.7	DECO	si=192	zone=buildings	ms=1.70	meshes=7
81102.8	DECO	si=193	zone=buildings	ms=1.30	meshes=6
81270.1	DECO	si=194	zone=buildings	ms=1.70	meshes=7
81436.8	DECO	si=195	zone=buildings	ms=1.70	meshes=7
81603.7	DECO	si=196	zone=buildings	ms=1.50	meshes=6
81770.4	DECO	si=197	zone=buildings	ms=1.20	meshes=7
81939.7	DECO	si=198	zone=buildings	ms=1.60	meshes=7
82104.1	DECO	si=199	zone=buildings	ms=1.20	meshes=7
82270.9	DECO	si=200	zone=intersection	ms=0.90	meshes=37
82437.8	DECO	si=201	zone=buildings	ms=1.20	meshes=7
82605.2	DECO	si=202	zone=buildings	ms=1.40	meshes=7
82775.0	DECO	si=203	zone=buildings	ms=1.30	meshes=7
82938.0	DECO	si=204	zone=trees	ms=1.20	meshes=24
83103.1	ZONE_CHANGE	→ trees	si=280	zoneLeft=27
83104.1	DECO	si=205	zone=trees	ms=1.00	meshes=20
83271.3	DECO	si=206	zone=trees	ms=0.90	meshes=19
83438.7	DECO	si=207	zone=trees	ms=1.30	meshes=23
83619.1	DECO	si=208	zone=trees	ms=0.90	meshes=21
83790.6	DECO	si=209	zone=trees	ms=1.20	meshes=25
83963.7	DECO	si=210	zone=trees	ms=0.80	meshes=21
84122.6	DECO	si=211	zone=trees	ms=1.00	meshes=22
84290.2	DECO	si=212	zone=trees	ms=0.80	meshes=22
84455.5	DECO	si=213	zone=trees	ms=0.80	meshes=19
84627.3	DECO	si=214	zone=trees	ms=0.90	meshes=21
84808.8	DECO	si=215	zone=trees	ms=0.90	meshes=22
84982.7	DECO	si=216	zone=trees	ms=1.20	meshes=26
85145.6	DECO	si=217	zone=trees	ms=0.70	meshes=19
85306.6	DECO	si=218	zone=trees	ms=0.90	meshes=22
85473.2	DECO	si=219	zone=trees	ms=0.90	meshes=24
85640.2	DECO	si=220	zone=trees	ms=0.70	meshes=19
85817.3	DECO	si=221	zone=trees	ms=0.90	meshes=24
85993.1	DECO	si=222	zone=trees	ms=1.20	meshes=22
86166.9	DECO	si=223	zone=trees	ms=1.00	meshes=24
86342.1	DECO	si=224	zone=trees	ms=1.10	meshes=26
86521.9	DECO	si=225	zone=trees	ms=1.20	meshes=24
86710.0	DECO	si=226	zone=trees	ms=0.80	meshes=22
86885.8	DECO	si=227	zone=trees	ms=0.80	meshes=22
87069.2	DECO	si=228	zone=trees	ms=1.10	meshes=26
87264.1	DECO	si=229	zone=trees	ms=0.90	meshes=19
87473.7	DECO	si=230	zone=trees	ms=1.10	meshes=25
87683.9	DECO	si=231	zone=trees	ms=0.90	meshes=23
87893.2	DECO	si=232	zone=trees	ms=1.10	meshes=23
88097.4	ZONE_CHANGE	→ buildings	si=308	zoneLeft=23
88098.2	DECO	si=233	zone=trees	ms=0.60	meshes=19
88296.3	DECO	si=234	zone=trees	ms=0.80	meshes=20
88496.9	DECO	si=235	zone=trees	ms=1.20	meshes=27
88718.8	DECO	si=236	zone=trees	ms=0.80	meshes=19
88931.8	DECO	si=237	zone=trees	ms=0.80	meshes=23
89135.2	DECO	si=238	zone=trees	ms=0.90	meshes=26
89341.3	DECO	si=239	zone=trees	ms=1.10	meshes=26
89551.4	DECO	si=240	zone=trees	ms=1.00	meshes=26
89752.8	DECO	si=241	zone=trees	ms=0.80	meshes=22
89950.6	DECO	si=242	zone=trees	ms=1.40	meshes=26
90153.7	DECO	si=243	zone=trees	ms=0.90	meshes=21
90359.4	DECO	si=244	zone=trees	ms=1.20	meshes=26
90571.3	DECO	si=245	zone=trees	ms=1.10	meshes=25
90788.5	DECO	si=246	zone=trees	ms=1.10	meshes=23
91019.0	DECO	si=247	zone=trees	ms=0.90	meshes=24
91256.9	DECO	si=248	zone=trees	ms=1.10	meshes=23
91487.2	DECO	si=249	zone=trees	ms=0.80	meshes=21
91708.7	DECO	si=250	zone=trees	ms=1.10	meshes=25
91929.0	DECO	si=251	zone=trees	ms=0.80	meshes=20
92165.6	DECO	si=252	zone=trees	ms=0.90	meshes=22
92422.6	DECO	si=253	zone=trees	ms=1.10	meshes=27
92670.3	DECO	si=254	zone=trees	ms=1.10	meshes=25
102380.3	SHADER_PROG	count=94	was=79	seg=190	zone=buildings
102542.7	DECO	si=256	zone=toxic	ms=0.00	meshes=2
102717.2	ZONE_CHANGE	→ tunnel	si=332	zoneLeft=19
102717.4	DECO	si=257	zone=toxic	ms=0.20	meshes=2
102881.2	DECO	si=258	zone=toxic	ms=0.20	meshes=2
103096.3	DECO	si=259	zone=toxic	ms=0.10	meshes=2
103549.2	SHADER_PROG	count=95	was=94	seg=194	zone=buildings
103626.9	DECO	si=260	zone=toxic	ms=0.00	meshes=2
103628.0	SHADER_PROG	count=96	was=95	seg=195	zone=buildings
103779.0	DECO	si=261	zone=toxic	ms=0.40	meshes=2
113977.7	SHADER_PROG	count=112	was=96	seg=196	zone=buildings
114002.5	DECO	si=262	zone=toxic	ms=0.10	meshes=2
114216.3	DECO	si=263	zone=toxic	ms=0.10	meshes=2
114382.4	DECO	si=264	zone=toxic	ms=0.10	meshes=2
114566.2	DECO	si=265	zone=toxic	ms=0.10	meshes=2
114725.5	DECO	si=266	zone=toxic	ms=0.10	meshes=2
114839.3	DECO	si=267	zone=toxic	ms=0.20	meshes=2
114979.1	DECO	si=268	zone=toxic	ms=0.10	meshes=2
115121.1	DECO	si=269	zone=toxic	ms=0.10	meshes=2
115236.0	DECO	si=270	zone=toxic	ms=0.20	meshes=2
115362.7	DECO	si=271	zone=toxic	ms=0.10	meshes=2
115468.0	DECO	si=272	zone=toxic	ms=0.20	meshes=2
115607.0	DECO	si=273	zone=toxic	ms=0.20	meshes=2
115782.6	DECO	si=274	zone=toxic	ms=0.10	meshes=2
115991.0	DECO	si=275	zone=toxic	ms=0.10	meshes=2
116199.5	DECO	si=276	zone=toxic	ms=0.10	meshes=2
116418.6	ZONE_CHANGE	→ trees	si=352	zoneLeft=20
123076.8	SHADER_PROG	count=122	was=112	seg=212	zone=trees
123327.3	DECO	si=278	zone=toxic	ms=0.10	meshes=2
123747.6	SHADER_PROG	count=123	was=122	seg=213	zone=trees
123910.3	DECO	si=279	zone=toxic	ms=0.20	meshes=2
124119.8	DECO	si=280	zone=trees	ms=0.90	meshes=23
124330.8	DECO	si=281	zone=trees	ms=1.00	meshes=26
124540.7	DECO	si=282	zone=trees	ms=0.90	meshes=24
132048.3	SHADER_PROG	count=135	was=123	seg=217	zone=trees
737.1	ZONE_CHANGE	→ buildings	si=54	zoneLeft=34
737.1	ZONE_CHANGE	→ mountains	si=89	zoneLeft=36
737.1	ZONE_CHANGE	→ buildings	si=126	zoneLeft=32
737.1	ZONE_CHANGE	→ buildings	si=159	zoneLeft=23
737.1	ZONE_CHANGE	→ mountains	si=183	zoneLeft=23
747.3	DECO	si=0	zone=trees	ms=1.90	meshes=12
748.4	DECO	si=1	zone=trees	ms=1.10	meshes=11
749.6	DECO	si=2	zone=trees	ms=1.20	meshes=13
750.6	DECO	si=3	zone=trees	ms=1.00	meshes=11
752.0	DECO	si=4	zone=trees	ms=1.40	meshes=14
752.7	DECO	si=5	zone=trees	ms=0.70	meshes=11
754.2	DECO	si=6	zone=trees	ms=1.50	meshes=11
754.6	DECO	si=7	zone=trees	ms=0.40	meshes=12
754.9	DECO	si=8	zone=trees	ms=0.30	meshes=9
755.4	DECO	si=9	zone=trees	ms=0.50	meshes=11
755.9	DECO	si=10	zone=trees	ms=0.50	meshes=12
756.8	DECO	si=11	zone=trees	ms=0.90	meshes=14
757.3	DECO	si=12	zone=trees	ms=0.50	meshes=10
758.0	DECO	si=13	zone=trees	ms=0.70	meshes=10
758.5	DECO	si=14	zone=trees	ms=0.50	meshes=10
759.2	DECO	si=15	zone=trees	ms=0.70	meshes=10
760.1	DECO	si=16	zone=trees	ms=0.90	meshes=14
761.6	DECO	si=17	zone=trees	ms=1.50	meshes=13
762.1	DECO	si=18	zone=trees	ms=0.50	meshes=12
762.6	DECO	si=19	zone=trees	ms=0.50	meshes=13
763.0	DECO	si=20	zone=trees	ms=0.40	meshes=10
763.3	DECO	si=21	zone=trees	ms=0.30	meshes=11
763.8	DECO	si=22	zone=trees	ms=0.50	meshes=13
764.3	DECO	si=23	zone=trees	ms=0.50	meshes=11
764.7	DECO	si=24	zone=trees	ms=0.40	meshes=15
765.1	DECO	si=25	zone=trees	ms=0.40	meshes=11
765.7	DECO	si=26	zone=trees	ms=0.60	meshes=11
766.1	DECO	si=27	zone=trees	ms=0.40	meshes=13
767.3	DECO	si=28	zone=trees	ms=1.20	meshes=13
767.6	DECO	si=29	zone=trees	ms=0.30	meshes=11
768.2	DECO	si=30	zone=trees	ms=0.60	meshes=12
768.5	DECO	si=31	zone=trees	ms=0.30	meshes=13
769.1	DECO	si=32	zone=trees	ms=0.60	meshes=13
769.6	DECO	si=33	zone=trees	ms=0.50	meshes=13
770.1	DECO	si=34	zone=trees	ms=0.50	meshes=12
770.6	DECO	si=35	zone=trees	ms=0.50	meshes=12
771.1	DECO	si=36	zone=trees	ms=0.50	meshes=12
771.6	DECO	si=37	zone=trees	ms=0.50	meshes=13
772.1	DECO	si=38	zone=trees	ms=0.50	meshes=12
772.9	DECO	si=39	zone=trees	ms=0.80	meshes=13
773.6	DECO	si=40	zone=trees	ms=0.70	meshes=11
774.4	DECO	si=41	zone=trees	ms=0.80	meshes=12
775.1	DECO	si=42	zone=trees	ms=0.70	meshes=12
776.0	DECO	si=43	zone=trees	ms=0.90	meshes=15
776.8	DECO	si=44	zone=trees	ms=0.80	meshes=15
777.4	DECO	si=45	zone=trees	ms=0.60	meshes=13
778.0	DECO	si=46	zone=trees	ms=0.60	meshes=14
778.7	DECO	si=47	zone=trees	ms=0.70	meshes=13
779.4	DECO	si=48	zone=trees	ms=0.70	meshes=13
780.0	DECO	si=49	zone=trees	ms=0.60	meshes=13
780.9	DECO	si=50	zone=trees	ms=0.90	meshes=14
781.6	DECO	si=51	zone=trees	ms=0.70	meshes=11
783.4	DECO	si=52	zone=trees	ms=1.80	meshes=13
783.8	DECO	si=53	zone=trees	ms=0.40	meshes=13
788.6	DECO	si=54	zone=buildings	ms=4.80	meshes=7
790.9	DECO	si=55	zone=buildings	ms=2.30	meshes=6
793.5	DECO	si=56	zone=buildings	ms=2.60	meshes=7
795.3	DECO	si=57	zone=buildings	ms=1.80	meshes=7
797.3	DECO	si=58	zone=buildings	ms=2.00	meshes=7
799.3	DECO	si=59	zone=buildings	ms=2.00	meshes=6
802.6	DECO	si=60	zone=buildings	ms=3.30	meshes=7
804.2	DECO	si=61	zone=buildings	ms=1.60	meshes=5
805.7	DECO	si=62	zone=buildings	ms=1.50	meshes=7
807.0	DECO	si=63	zone=buildings	ms=1.30	meshes=7
808.4	DECO	si=64	zone=buildings	ms=1.40	meshes=7
810.0	DECO	si=65	zone=buildings	ms=1.60	meshes=6
811.4	DECO	si=66	zone=buildings	ms=1.40	meshes=7
812.8	DECO	si=67	zone=buildings	ms=1.40	meshes=7
814.1	DECO	si=68	zone=buildings	ms=1.30	meshes=7
816.2	DECO	si=69	zone=buildings	ms=2.10	meshes=7
817.9	DECO	si=70	zone=buildings	ms=1.70	meshes=7
4400.8	SHADER_PROG	count=32	was=0	seg=2	zone=trees
143842.4	DECO	si=283	zone=trees	ms=0.90	meshes=22
144129.3	DECO	si=284	zone=trees	ms=1.20	meshes=26
144316.9	SHADER_PROG	count=136	was=135	seg=219	zone=trees
144536.1	DECO	si=285	zone=trees	ms=1.00	meshes=26
470.6	ZONE_CHANGE	→ trees	si=54	zoneLeft=40
470.7	ZONE_CHANGE	→ buildings	si=95	zoneLeft=38
470.8	ZONE_CHANGE	→ bridge	si=134	zoneLeft=19
470.8	ZONE_CHANGE	→ trees	si=154	zoneLeft=25
470.8	ZONE_CHANGE	→ buildings	si=180	zoneLeft=43
478.6	DECO	si=0	zone=trees	ms=0.90	meshes=9
479.2	DECO	si=1	zone=trees	ms=0.60	meshes=11
479.8	DECO	si=2	zone=trees	ms=0.60	meshes=10
480.3	DECO	si=3	zone=trees	ms=0.50	meshes=12
480.9	DECO	si=4	zone=trees	ms=0.60	meshes=11
481.7	DECO	si=5	zone=trees	ms=0.80	meshes=13
482.3	DECO	si=6	zone=trees	ms=0.60	meshes=11
482.8	DECO	si=7	zone=trees	ms=0.50	meshes=11
483.5	DECO	si=8	zone=trees	ms=0.70	meshes=11
484.0	DECO	si=9	zone=trees	ms=0.50	meshes=10
484.7	DECO	si=10	zone=trees	ms=0.70	meshes=13
485.3	DECO	si=11	zone=trees	ms=0.60	meshes=12
485.9	DECO	si=12	zone=trees	ms=0.60	meshes=11
486.5	DECO	si=13	zone=trees	ms=0.60	meshes=12
487.2	DECO	si=14	zone=trees	ms=0.70	meshes=13
487.7	DECO	si=15	zone=trees	ms=0.50	meshes=11
488.2	DECO	si=16	zone=trees	ms=0.50	meshes=9
488.8	DECO	si=17	zone=trees	ms=0.60	meshes=13
489.5	DECO	si=18	zone=trees	ms=0.70	meshes=11
490.1	DECO	si=19	zone=trees	ms=0.60	meshes=12
490.7	DECO	si=20	zone=trees	ms=0.60	meshes=13
491.2	DECO	si=21	zone=trees	ms=0.50	meshes=9
491.8	DECO	si=22	zone=trees	ms=0.60	meshes=10
492.4	DECO	si=23	zone=trees	ms=0.60	meshes=11
493.1	DECO	si=24	zone=trees	ms=0.70	meshes=12
493.8	DECO	si=25	zone=trees	ms=0.70	meshes=14
494.3	DECO	si=26	zone=trees	ms=0.50	meshes=11
495.0	DECO	si=27	zone=trees	ms=0.70	meshes=13
495.7	DECO	si=28	zone=trees	ms=0.70	meshes=12
496.3	DECO	si=29	zone=trees	ms=0.60	meshes=11
496.8	DECO	si=30	zone=trees	ms=0.50	meshes=11
497.5	DECO	si=31	zone=trees	ms=0.70	meshes=12
498.1	DECO	si=32	zone=trees	ms=0.60	meshes=12
498.8	DECO	si=33	zone=trees	ms=0.70	meshes=13
499.4	DECO	si=34	zone=trees	ms=0.60	meshes=13
501.5	DECO	si=35	zone=trees	ms=2.00	meshes=14
501.9	DECO	si=36	zone=trees	ms=0.40	meshes=14
502.4	DECO	si=37	zone=trees	ms=0.50	meshes=14
502.8	DECO	si=38	zone=trees	ms=0.40	meshes=15
503.3	DECO	si=39	zone=trees	ms=0.50	meshes=14
503.7	DECO	si=40	zone=trees	ms=0.40	meshes=12
504.2	DECO	si=41	zone=trees	ms=0.50	meshes=14
504.5	DECO	si=42	zone=trees	ms=0.30	meshes=10
505.0	DECO	si=43	zone=trees	ms=0.50	meshes=15
505.7	DECO	si=44	zone=trees	ms=0.70	meshes=14
506.1	DECO	si=45	zone=trees	ms=0.40	meshes=13
506.5	DECO	si=46	zone=trees	ms=0.40	meshes=11
507.0	DECO	si=47	zone=trees	ms=0.50	meshes=13
507.3	DECO	si=48	zone=trees	ms=0.30	meshes=14
507.8	DECO	si=49	zone=trees	ms=0.50	meshes=14
508.4	DECO	si=50	zone=trees	ms=0.60	meshes=14
509.1	DECO	si=51	zone=trees	ms=0.70	meshes=13
509.8	DECO	si=52	zone=trees	ms=0.70	meshes=15
510.5	DECO	si=53	zone=trees	ms=0.70	meshes=15
511.2	DECO	si=54	zone=trees	ms=0.70	meshes=15
512.0	DECO	si=55	zone=trees	ms=0.70	meshes=15
512.7	DECO	si=56	zone=trees	ms=0.70	meshes=14
513.4	DECO	si=57	zone=trees	ms=0.70	meshes=15
514.1	DECO	si=58	zone=trees	ms=0.70	meshes=14
514.9	DECO	si=59	zone=trees	ms=0.80	meshes=14
515.6	DECO	si=60	zone=trees	ms=0.70	meshes=15
516.5	DECO	si=61	zone=trees	ms=0.90	meshes=15
517.0	DECO	si=62	zone=trees	ms=0.50	meshes=12
517.9	DECO	si=63	zone=trees	ms=0.90	meshes=16
518.6	DECO	si=64	zone=trees	ms=0.70	meshes=15
519.3	DECO	si=65	zone=trees	ms=0.70	meshes=12
520.0	DECO	si=66	zone=trees	ms=0.70	meshes=15
520.6	DECO	si=67	zone=trees	ms=0.60	meshes=15
521.2	DECO	si=68	zone=trees	ms=0.60	meshes=12
521.9	DECO	si=69	zone=trees	ms=0.70	meshes=15
522.6	DECO	si=70	zone=trees	ms=0.70	meshes=15
309.3	ZONE_CHANGE	→ trees	si=54	zoneLeft=30
309.3	ZONE_CHANGE	→ buildings	si=85	zoneLeft=43
309.4	ZONE_CHANGE	→ mountains	si=129	zoneLeft=41
309.4	ZONE_CHANGE	→ toxic	si=171	zoneLeft=45
325.2	DECO	si=0	zone=trees	ms=1.00	meshes=10
325.8	DECO	si=1	zone=trees	ms=0.60	meshes=10
326.2	DECO	si=2	zone=trees	ms=0.40	meshes=9
327.0	DECO	si=3	zone=trees	ms=0.80	meshes=13
327.4	DECO	si=4	zone=trees	ms=0.40	meshes=11
327.9	DECO	si=5	zone=trees	ms=0.50	meshes=10
328.6	DECO	si=6	zone=trees	ms=0.70	meshes=11
329.1	DECO	si=7	zone=trees	ms=0.50	meshes=12
329.5	DECO	si=8	zone=trees	ms=0.40	meshes=9
330.1	DECO	si=9	zone=trees	ms=0.60	meshes=10
330.8	DECO	si=10	zone=trees	ms=0.70	meshes=12
331.4	DECO	si=11	zone=trees	ms=0.60	meshes=12
331.9	DECO	si=12	zone=trees	ms=0.50	meshes=11
332.6	DECO	si=13	zone=trees	ms=0.70	meshes=14
333.2	DECO	si=14	zone=trees	ms=0.60	meshes=13
333.7	DECO	si=15	zone=trees	ms=0.50	meshes=10
334.2	DECO	si=16	zone=trees	ms=0.50	meshes=10
334.7	DECO	si=17	zone=trees	ms=0.50	meshes=13
335.1	DECO	si=18	zone=trees	ms=0.40	meshes=13
335.6	DECO	si=19	zone=trees	ms=0.50	meshes=11
336.2	DECO	si=20	zone=trees	ms=0.60	meshes=13
336.6	DECO	si=21	zone=trees	ms=0.40	meshes=11
337.2	DECO	si=22	zone=trees	ms=0.60	meshes=13
337.7	DECO	si=23	zone=trees	ms=0.50	meshes=10
338.2	DECO	si=24	zone=trees	ms=0.50	meshes=13
338.6	DECO	si=25	zone=trees	ms=0.40	meshes=10
339.1	DECO	si=26	zone=trees	ms=0.50	meshes=14
339.5	DECO	si=27	zone=trees	ms=0.40	meshes=11
340.0	DECO	si=28	zone=trees	ms=0.50	meshes=12
340.6	DECO	si=29	zone=trees	ms=0.60	meshes=13
341.0	DECO	si=30	zone=trees	ms=0.40	meshes=13
341.4	DECO	si=31	zone=trees	ms=0.40	meshes=13
341.9	DECO	si=32	zone=trees	ms=0.50	meshes=12
342.3	DECO	si=33	zone=trees	ms=0.40	meshes=12
342.8	DECO	si=34	zone=trees	ms=0.50	meshes=12
343.2	DECO	si=35	zone=trees	ms=0.40	meshes=10
343.7	DECO	si=36	zone=trees	ms=0.50	meshes=13
344.2	DECO	si=37	zone=trees	ms=0.50	meshes=13
344.7	DECO	si=38	zone=trees	ms=0.50	meshes=13
345.2	DECO	si=39	zone=trees	ms=0.50	meshes=12
345.7	DECO	si=40	zone=trees	ms=0.50	meshes=13
346.2	DECO	si=41	zone=trees	ms=0.50	meshes=15
346.7	DECO	si=42	zone=trees	ms=0.50	meshes=11
347.1	DECO	si=43	zone=trees	ms=0.40	meshes=13
347.7	DECO	si=44	zone=trees	ms=0.60	meshes=16
348.1	DECO	si=45	zone=trees	ms=0.40	meshes=12
348.7	DECO	si=46	zone=trees	ms=0.60	meshes=14
349.2	DECO	si=47	zone=trees	ms=0.50	meshes=12
349.9	DECO	si=48	zone=trees	ms=0.70	meshes=15
350.4	DECO	si=49	zone=trees	ms=0.50	meshes=11
351.0	DECO	si=50	zone=trees	ms=0.60	meshes=16
351.5	DECO	si=51	zone=trees	ms=0.50	meshes=13
353.8	DECO	si=52	zone=trees	ms=2.30	meshes=15
354.5	DECO	si=53	zone=trees	ms=0.70	meshes=12
355.1	DECO	si=54	zone=trees	ms=0.60	meshes=15
355.8	DECO	si=55	zone=trees	ms=0.70	meshes=16
356.5	DECO	si=56	zone=trees	ms=0.70	meshes=15
356.9	DECO	si=57	zone=trees	ms=0.40	meshes=14
357.5	DECO	si=58	zone=trees	ms=0.60	meshes=15
358.0	DECO	si=59	zone=trees	ms=0.50	meshes=15
358.6	DECO	si=60	zone=trees	ms=0.60	meshes=13
359.2	DECO	si=61	zone=trees	ms=0.60	meshes=15
359.8	DECO	si=62	zone=trees	ms=0.60	meshes=15
360.4	DECO	si=63	zone=trees	ms=0.60	meshes=15
361.0	DECO	si=64	zone=trees	ms=0.60	meshes=13
361.5	DECO	si=65	zone=trees	ms=0.50	meshes=15
362.0	DECO	si=66	zone=trees	ms=0.50	meshes=15
362.4	DECO	si=67	zone=trees	ms=0.40	meshes=11
362.8	DECO	si=68	zone=trees	ms=0.40	meshes=13
363.5	DECO	si=69	zone=trees	ms=0.70	meshes=17
363.9	DECO	si=70	zone=trees	ms=0.40	meshes=15
407.3	ZONE_CHANGE	→ mountains	si=54	zoneLeft=35
407.3	ZONE_CHANGE	→ buildings	si=90	zoneLeft=32
407.4	ZONE_CHANGE	→ buildings	si=123	zoneLeft=47
407.4	ZONE_CHANGE	→ dirt	si=171	zoneLeft=29
421.3	DECO	si=0	zone=trees	ms=2.80	meshes=10
422.4	DECO	si=1	zone=trees	ms=1.10	meshes=12
423.8	DECO	si=2	zone=trees	ms=1.40	meshes=12
424.6	DECO	si=3	zone=trees	ms=0.80	meshes=9
425.3	DECO	si=4	zone=trees	ms=0.70	meshes=10
427.6	DECO	si=5	zone=trees	ms=2.30	meshes=11
428.8	DECO	si=6	zone=trees	ms=1.20	meshes=11
429.6	DECO	si=7	zone=trees	ms=0.80	meshes=12
430.3	DECO	si=8	zone=trees	ms=0.70	meshes=11
430.8	DECO	si=9	zone=trees	ms=0.50	meshes=10
431.4	DECO	si=10	zone=trees	ms=0.60	meshes=11
432.0	DECO	si=11	zone=trees	ms=0.60	meshes=11
432.4	DECO	si=12	zone=trees	ms=0.40	meshes=12
432.8	DECO	si=13	zone=trees	ms=0.40	meshes=12
433.5	DECO	si=14	zone=trees	ms=0.70	meshes=11
434.0	DECO	si=15	zone=trees	ms=0.50	meshes=12
434.4	DECO	si=16	zone=trees	ms=0.40	meshes=10
435.1	DECO	si=17	zone=trees	ms=0.70	meshes=13
435.8	DECO	si=18	zone=trees	ms=0.70	meshes=13
436.4	DECO	si=19	zone=trees	ms=0.60	meshes=12
436.9	DECO	si=20	zone=trees	ms=0.50	meshes=13
437.3	DECO	si=21	zone=trees	ms=0.40	meshes=11
438.0	DECO	si=22	zone=trees	ms=0.70	meshes=11
438.6	DECO	si=23	zone=trees	ms=0.60	meshes=14
439.3	DECO	si=24	zone=trees	ms=0.70	meshes=14
439.7	DECO	si=25	zone=trees	ms=0.40	meshes=11
440.4	DECO	si=26	zone=trees	ms=0.70	meshes=15
440.9	DECO	si=27	zone=trees	ms=0.50	meshes=10
441.3	DECO	si=28	zone=trees	ms=0.40	meshes=12
441.8	DECO	si=29	zone=trees	ms=0.50	meshes=10
442.3	DECO	si=30	zone=trees	ms=0.50	meshes=11
442.7	DECO	si=31	zone=trees	ms=0.40	meshes=11
443.5	DECO	si=32	zone=trees	ms=0.80	meshes=13
443.9	DECO	si=33	zone=trees	ms=0.40	meshes=11
444.3	DECO	si=34	zone=trees	ms=0.40	meshes=12
444.9	DECO	si=35	zone=trees	ms=0.60	meshes=15
445.5	DECO	si=36	zone=trees	ms=0.60	meshes=13
445.8	DECO	si=37	zone=trees	ms=0.30	meshes=11
446.4	DECO	si=38	zone=trees	ms=0.60	meshes=15
446.9	DECO	si=39	zone=trees	ms=0.50	meshes=13
447.4	DECO	si=40	zone=trees	ms=0.50	meshes=12
447.9	DECO	si=41	zone=trees	ms=0.50	meshes=11
448.6	DECO	si=42	zone=trees	ms=0.70	meshes=14
449.3	DECO	si=43	zone=trees	ms=0.70	meshes=14
450.3	DECO	si=44	zone=trees	ms=1.00	meshes=15
451.0	DECO	si=45	zone=trees	ms=0.70	meshes=10
451.8	DECO	si=46	zone=trees	ms=0.80	meshes=12
452.6	DECO	si=47	zone=trees	ms=0.80	meshes=14
456.7	DECO	si=48	zone=trees	ms=4.10	meshes=13
457.3	DECO	si=49	zone=trees	ms=0.60	meshes=12
457.9	DECO	si=50	zone=trees	ms=0.60	meshes=13
458.5	DECO	si=51	zone=trees	ms=0.60	meshes=13
459.0	DECO	si=52	zone=trees	ms=0.50	meshes=14
459.4	DECO	si=53	zone=trees	ms=0.40	meshes=12
468.3	DECO	si=54	zone=mountains	ms=8.90	meshes=18
468.7	DECO	si=55	zone=mountains	ms=0.40	meshes=10
469.3	DECO	si=56	zone=mountains	ms=0.60	meshes=14
469.6	DECO	si=57	zone=mountains	ms=0.30	meshes=14
470.2	DECO	si=58	zone=mountains	ms=0.60	meshes=18
470.6	DECO	si=59	zone=mountains	ms=0.40	meshes=14
471.1	DECO	si=60	zone=mountains	ms=0.50	meshes=10
471.5	DECO	si=61	zone=mountains	ms=0.40	meshes=14
471.8	DECO	si=62	zone=mountains	ms=0.30	meshes=10
472.2	DECO	si=63	zone=mountains	ms=0.40	meshes=14
472.6	DECO	si=64	zone=mountains	ms=0.40	meshes=18
473.0	DECO	si=65	zone=mountains	ms=0.40	meshes=10
473.3	DECO	si=66	zone=mountains	ms=0.30	meshes=14
473.8	DECO	si=67	zone=mountains	ms=0.50	meshes=18
474.2	DECO	si=68	zone=mountains	ms=0.40	meshes=18
474.6	DECO	si=69	zone=mountains	ms=0.40	meshes=18
474.9	DECO	si=70	zone=mountains	ms=0.30	meshes=10
1343.8	SHADER_PROG	count=28	was=0	seg=2	zone=trees
15269.5	DECO	si=71	zone=mountains	ms=0.60	meshes=14
15402.5	DECO	si=72	zone=mountains	ms=0.50	meshes=14
15535.7	DECO	si=73	zone=mountains	ms=0.40	meshes=10
15690.0	DECO	si=74	zone=mountains	ms=4.10	meshes=14
15852.4	DECO	si=75	zone=mountains	ms=0.30	meshes=10
16019.4	DECO	si=76	zone=mountains	ms=0.50	meshes=14
16186.1	DECO	si=77	zone=mountains	ms=0.50	meshes=10
16353.5	DECO	si=78	zone=mountains	ms=0.50	meshes=14
16519.9	DECO	si=79	zone=mountains	ms=0.60	meshes=18
16687.0	DECO	si=80	zone=mountains	ms=0.50	meshes=18
16853.2	DECO	si=81	zone=mountains	ms=0.50	meshes=14
17020.4	DECO	si=82	zone=mountains	ms=0.70	meshes=14
17187.0	DECO	si=83	zone=mountains	ms=0.70	meshes=18
17353.9	DECO	si=84	zone=mountains	ms=0.80	meshes=18
17520.9	DECO	si=85	zone=mountains	ms=0.60	meshes=14
17688.0	DECO	si=86	zone=mountains	ms=0.70	meshes=18
17854.2	DECO	si=87	zone=mountains	ms=0.40	meshes=10
18021.0	DECO	si=88	zone=mountains	ms=0.30	meshes=10
18188.4	DECO	si=89	zone=mountains	ms=0.60	meshes=14
18357.3	DECO	si=90	zone=buildings	ms=3.40	meshes=7
18523.0	DECO	si=91	zone=buildings	ms=1.80	meshes=7
18690.2	DECO	si=92	zone=buildings	ms=2.30	meshes=7
18855.7	DECO	si=93	zone=buildings	ms=1.50	meshes=7
19023.0	DECO	si=94	zone=buildings	ms=1.40	meshes=7
19189.7	DECO	si=95	zone=buildings	ms=1.30	meshes=7
19356.6	DECO	si=96	zone=buildings	ms=1.40	meshes=7
19523.0	DECO	si=97	zone=buildings	ms=1.40	meshes=7
19690.3	DECO	si=98	zone=buildings	ms=1.90	meshes=7
19857.2	DECO	si=99	zone=buildings	ms=2.20	meshes=7
20024.0	DECO	si=100	zone=buildings	ms=1.50	meshes=7
20190.9	DECO	si=101	zone=buildings	ms=2.10	meshes=6
20357.8	DECO	si=102	zone=buildings	ms=1.90	meshes=6
20524.7	DECO	si=103	zone=buildings	ms=1.80	meshes=7
20691.4	DECO	si=104	zone=buildings	ms=1.60	meshes=7
20857.9	DECO	si=105	zone=buildings	ms=1.50	meshes=7
21025.1	DECO	si=106	zone=buildings	ms=1.80	meshes=7
21193.7	DECO	si=107	zone=buildings	ms=3.70	meshes=7
21358.7	DECO	si=108	zone=buildings	ms=2.20	meshes=6
21525.7	DECO	si=109	zone=buildings	ms=2.50	meshes=7
21692.0	DECO	si=110	zone=buildings	ms=1.90	meshes=7
21859.4	DECO	si=111	zone=buildings	ms=2.60	meshes=7
22025.2	DECO	si=112	zone=intersection	ms=1.80	meshes=37
22096.2	SHADER_PROG	count=29	was=28	seg=47	zone=trees
22543.1	DECO	si=113	zone=buildings	ms=1.80	meshes=7
22609.6	SHADER_PROG	count=30	was=29	seg=48	zone=trees
22862.0	DECO	si=114	zone=buildings	ms=1.70	meshes=7
23112.0	SHADER_PROG	count=32	was=30	seg=49	zone=trees
23488.4	DECO	si=115	zone=buildings	ms=1.80	meshes=7
23658.6	SHADER_PROG	count=33	was=32	seg=50	zone=trees
23677.0	DECO	si=116	zone=buildings	ms=1.30	meshes=7
24207.5	SHADER_PROG	count=34	was=33	seg=51	zone=trees
24227.5	DECO	si=117	zone=buildings	ms=2.10	meshes=7
24394.3	DECO	si=118	zone=buildings	ms=1.30	meshes=7
24561.5	DECO	si=119	zone=buildings	ms=1.80	meshes=7
24727.5	DECO	si=120	zone=buildings	ms=1.50	meshes=7
24894.5	DECO	si=121	zone=buildings	ms=1.30	meshes=7
25061.5	DECO	si=122	zone=buildings	ms=1.60	meshes=7
25228.7	DECO	si=123	zone=buildings	ms=2.10	meshes=6
25394.7	DECO	si=124	zone=buildings	ms=1.40	meshes=7
25562.2	DECO	si=125	zone=buildings	ms=1.90	meshes=7
25726.9	ZONE_CHANGE	→ buildings	si=201	zoneLeft=33
25728.4	DECO	si=126	zone=buildings	ms=1.30	meshes=7
25895.6	DECO	si=127	zone=buildings	ms=1.70	meshes=7
26061.8	DECO	si=128	zone=buildings	ms=1.40	meshes=7
26228.9	DECO	si=129	zone=buildings	ms=1.50	meshes=7
26395.4	DECO	si=130	zone=buildings	ms=1.40	meshes=7
26562.1	DECO	si=131	zone=buildings	ms=1.30	meshes=7
26729.1	DECO	si=132	zone=buildings	ms=1.20	meshes=7
26895.9	DECO	si=133	zone=buildings	ms=1.40	meshes=7
27062.3	DECO	si=134	zone=buildings	ms=1.50	meshes=7
27229.2	DECO	si=135	zone=intersection	ms=1.40	meshes=37
27396.4	DECO	si=136	zone=buildings	ms=1.40	meshes=7
27563.0	DECO	si=137	zone=buildings	ms=1.10	meshes=7
27729.8	DECO	si=138	zone=buildings	ms=1.40	meshes=7
27896.5	DECO	si=139	zone=buildings	ms=1.10	meshes=7
28063.5	DECO	si=140	zone=buildings	ms=1.30	meshes=6
28230.2	DECO	si=141	zone=buildings	ms=1.10	meshes=7
28396.7	DECO	si=142	zone=buildings	ms=1.10	meshes=7
28563.2	DECO	si=143	zone=buildings	ms=0.90	meshes=6
28730.6	DECO	si=144	zone=buildings	ms=1.40	meshes=7
28897.7	DECO	si=145	zone=buildings	ms=1.10	meshes=7
29064.9	DECO	si=146	zone=buildings	ms=1.60	meshes=7
29230.3	DECO	si=147	zone=buildings	ms=1.10	meshes=7
29364.1	DECO	si=148	zone=buildings	ms=1.30	meshes=6
29447.7	DECO	si=149	zone=buildings	ms=1.20	meshes=7
29547.7	DECO	si=150	zone=buildings	ms=1.60	meshes=7
29631.8	DECO	si=151	zone=buildings	ms=1.60	meshes=7
29732.4	DECO	si=152	zone=buildings	ms=2.00	meshes=6
29831.3	DECO	si=153	zone=buildings	ms=1.40	meshes=6
29915.5	DECO	si=154	zone=buildings	ms=1.70	meshes=7
30014.4	DECO	si=155	zone=buildings	ms=1.10	meshes=7
30098.8	DECO	si=156	zone=buildings	ms=1.70	meshes=7
30198.9	DECO	si=157	zone=buildings	ms=1.20	meshes=7
30281.7	DECO	si=158	zone=intersection	ms=1.30	meshes=37
30381.7	DECO	si=159	zone=buildings	ms=1.60	meshes=7
30464.4	ZONE_CHANGE	→ mountains	si=235	zoneLeft=51
30465.6	DECO	si=160	zone=buildings	ms=1.20	meshes=7
30565.7	DECO	si=161	zone=buildings	ms=1.70	meshes=6
30665.7	DECO	si=162	zone=buildings	ms=1.30	meshes=6
30750.1	DECO	si=163	zone=buildings	ms=1.70	meshes=7
30848.7	DECO	si=164	zone=buildings	ms=1.40	meshes=6
30932.1	DECO	si=165	zone=buildings	ms=1.50	meshes=7
31032.0	DECO	si=166	zone=buildings	ms=1.40	meshes=7
31115.8	DECO	si=167	zone=buildings	ms=1.70	meshes=7
31215.8	DECO	si=168	zone=buildings	ms=1.20	meshes=6
31299.4	DECO	si=169	zone=buildings	ms=1.50	meshes=6
31399.8	DECO	si=170	zone=buildings	ms=1.60	meshes=7
31498.2	DECO	si=171	zone=dirt	ms=0.40	meshes=12
31582.0	DECO	si=172	zone=dirt	ms=0.20	meshes=5
31681.5	DECO	si=173	zone=dirt	ms=0.20	meshes=7
31765.2	DECO	si=174	zone=dirt	ms=0.20	meshes=14
31865.6	DECO	si=175	zone=dirt	ms=0.00	meshes=5
31949.1	DECO	si=176	zone=dirt	ms=0.10	meshes=9
32048.3	DECO	si=177	zone=dirt	ms=0.20	meshes=11
32132.0	DECO	si=178	zone=dirt	ms=0.10	meshes=8
32231.6	DECO	si=179	zone=dirt	ms=0.20	meshes=7
32332.0	DECO	si=180	zone=dirt	ms=0.10	meshes=2
32499.4	DECO	si=181	zone=dirt	ms=0.20	meshes=12
32666.4	DECO	si=182	zone=dirt	ms=0.20	meshes=11
32832.3	DECO	si=183	zone=dirt	ms=0.20	meshes=15
32999.8	DECO	si=184	zone=dirt	ms=0.10	meshes=4
33165.8	DECO	si=185	zone=dirt	ms=0.20	meshes=7
33345.8	DECO	si=186	zone=dirt	ms=0.20	meshes=7
33499.6	DECO	si=187	zone=dirt	ms=0.20	meshes=14
33667.0	DECO	si=188	zone=dirt	ms=0.20	meshes=9
33833.6	DECO	si=189	zone=dirt	ms=0.20	meshes=12
34000.4	DECO	si=190	zone=dirt	ms=0.10	meshes=2
34167.3	DECO	si=191	zone=dirt	ms=0.20	meshes=11
34600.5	DECO	si=192	zone=dirt	ms=0.10	meshes=7
34900.6	DECO	si=193	zone=dirt	ms=0.10	meshes=12
35151.4	DECO	si=194	zone=dirt	ms=0.20	meshes=15
35284.1	DECO	si=195	zone=dirt	ms=0.10	meshes=9
35373.2	SHADER_PROG	count=35	was=34	seg=130	zone=buildings
35447.5	DECO	si=196	zone=dirt	ms=0.20	meshes=10
35519.4	DECO	si=197	zone=dirt	ms=0.00	meshes=8
35618.4	DECO	si=198	zone=dirt	ms=0.20	meshes=11
35718.7	DECO	si=199	zone=dirt	ms=0.10	meshes=11
35801.6	DECO	si=200	zone=dirt	ms=0.10	meshes=15
35903.0	DECO	si=201	zone=buildings	ms=1.70	meshes=7
35986.8	DECO	si=202	zone=buildings	ms=1.70	meshes=7
36086.9	DECO	si=203	zone=buildings	ms=2.10	meshes=6
40603.2	DECO	si=204	zone=buildings	ms=1.20	meshes=7
40604.3	SHADER_PROG	count=52	was=35	seg=139	zone=buildings
40738.3	DECO	si=205	zone=buildings	ms=2.00	meshes=7
40829.7	DECO	si=206	zone=buildings	ms=1.40	meshes=7
40930.5	DECO	si=207	zone=buildings	ms=2.10	meshes=7
41029.7	DECO	si=208	zone=buildings	ms=1.50	meshes=7
41114.2	DECO	si=209	zone=buildings	ms=1.80	meshes=7
41212.8	DECO	si=210	zone=buildings	ms=1.30	meshes=6
41296.5	DECO	si=211	zone=buildings	ms=1.50	meshes=7
41395.0	ZONE_CHANGE	→ buildings	si=287	zoneLeft=29
41397.0	DECO	si=212	zone=buildings	ms=1.90	meshes=7
41480.6	DECO	si=213	zone=buildings	ms=2.10	meshes=7
41579.6	DECO	si=214	zone=buildings	ms=1.10	meshes=6
41662.7	DECO	si=215	zone=buildings	ms=1.30	meshes=7
41762.9	DECO	si=216	zone=buildings	ms=1.30	meshes=7
41865.6	DECO	si=217	zone=buildings	ms=1.60	meshes=7
41946.3	DECO	si=218	zone=buildings	ms=1.40	meshes=6
42046.5	DECO	si=219	zone=buildings	ms=1.70	meshes=6
42130.7	DECO	si=220	zone=buildings	ms=1.80	meshes=7
42228.9	DECO	si=221	zone=buildings	ms=1.30	meshes=7
42311.9	DECO	si=222	zone=buildings	ms=1.00	meshes=7
42479.2	DECO	si=223	zone=intersection	ms=1.30	meshes=37
42646.2	DECO	si=224	zone=buildings	ms=1.50	meshes=7
42812.7	DECO	si=225	zone=buildings	ms=1.60	meshes=6
42981.0	DECO	si=226	zone=buildings	ms=2.30	meshes=7
43146.3	DECO	si=227	zone=buildings	ms=1.00	meshes=7
43316.2	DECO	si=228	zone=buildings	ms=2.00	meshes=7
43481.3	DECO	si=229	zone=buildings	ms=1.20	meshes=7
43646.9	DECO	si=230	zone=buildings	ms=1.60	meshes=7
43813.4	DECO	si=231	zone=buildings	ms=1.40	meshes=7
43980.5	DECO	si=232	zone=buildings	ms=1.60	meshes=7
44147.1	DECO	si=233	zone=buildings	ms=1.40	meshes=7
44247.6	DECO	si=234	zone=buildings	ms=1.80	meshes=7
44348.7	DECO	si=235	zone=mountains	ms=3.30	meshes=18
44428.8	DECO	si=236	zone=mountains	ms=0.40	meshes=14
44545.5	DECO	si=237	zone=mountains	ms=0.50	meshes=14
44646.0	DECO	si=238	zone=mountains	ms=0.50	meshes=14
44745.4	DECO	si=239	zone=mountains	ms=0.40	meshes=10
44891.2	DECO	si=240	zone=mountains	ms=0.60	meshes=18
44892.3	SHADER_PROG	count=53	was=52	seg=175	zone=dirt
44976.2	DECO	si=241	zone=mountains	ms=0.50	meshes=14
45075.1	ZONE_CHANGE	→ tunnel	si=317	zoneLeft=48
45075.7	DECO	si=242	zone=mountains	ms=0.60	meshes=14
45193.3	DECO	si=243	zone=mountains	ms=1.00	meshes=18
45293.1	DECO	si=244	zone=mountains	ms=0.50	meshes=14
45392.7	DECO	si=245	zone=mountains	ms=0.40	meshes=10
45537.5	DECO	si=246	zone=mountains	ms=0.50	meshes=14
45538.5	SHADER_PROG	count=54	was=53	seg=181	zone=dirt
45764.7	DECO	si=247	zone=mountains	ms=0.40	meshes=10
45864.9	DECO	si=248	zone=mountains	ms=0.50	meshes=18
45982.1	DECO	si=249	zone=mountains	ms=0.60	meshes=14
46082.3	DECO	si=250	zone=mountains	ms=0.60	meshes=18
46182.4	DECO	si=251	zone=mountains	ms=0.70	meshes=14
46282.2	DECO	si=252	zone=mountains	ms=0.40	meshes=14
46399.8	DECO	si=253	zone=mountains	ms=0.70	meshes=14
46499.8	DECO	si=254	zone=mountains	ms=0.60	meshes=18
46602.3	DECO	si=255	zone=mountains	ms=2.70	meshes=14
46716.6	DECO	si=256	zone=mountains	ms=0.30	meshes=10
46817.3	DECO	si=257	zone=mountains	ms=0.70	meshes=14
46916.9	DECO	si=258	zone=mountains	ms=0.40	meshes=14
47034.2	DECO	si=259	zone=mountains	ms=0.60	meshes=18
47134.1	DECO	si=260	zone=mountains	ms=0.50	meshes=14
47233.8	DECO	si=261	zone=mountains	ms=0.40	meshes=10
47400.7	DECO	si=262	zone=mountains	ms=0.30	meshes=10
47584.6	DECO	si=263	zone=mountains	ms=0.40	meshes=10
47784.8	DECO	si=264	zone=mountains	ms=0.40	meshes=14
47967.9	DECO	si=265	zone=mountains	ms=0.50	meshes=18
48151.8	DECO	si=266	zone=mountains	ms=0.30	meshes=10
48335.5	DECO	si=267	zone=mountains	ms=0.60	meshes=18
48502.2	DECO	si=268	zone=mountains	ms=0.30	meshes=10
48668.8	DECO	si=269	zone=mountains	ms=0.20	meshes=10
48835.9	DECO	si=270	zone=mountains	ms=0.50	meshes=18
49002.5	DECO	si=271	zone=mountains	ms=0.40	meshes=10
49169.3	DECO	si=272	zone=mountains	ms=0.50	meshes=18
49335.9	DECO	si=273	zone=mountains	ms=0.30	meshes=10
49502.3	DECO	si=274	zone=mountains	ms=0.30	meshes=10
49671.2	DECO	si=275	zone=mountains	ms=2.70	meshes=18
49835.8	DECO	si=276	zone=mountains	ms=0.50	meshes=18
50002.7	DECO	si=277	zone=mountains	ms=0.50	meshes=18
50169.4	DECO	si=278	zone=mountains	ms=0.50	meshes=14
50297.0	SHADER_PROG	count=55	was=54	seg=213	zone=buildings
50363.6	DECO	si=279	zone=mountains	ms=0.50	meshes=18
50530.2	DECO	si=280	zone=mountains	ms=0.30	meshes=10
50697.2	DECO	si=281	zone=mountains	ms=0.30	meshes=10
50864.0	DECO	si=282	zone=mountains	ms=0.40	meshes=10
51030.7	DECO	si=283	zone=mountains	ms=0.40	meshes=14
51197.3	DECO	si=284	zone=mountains	ms=0.30	meshes=10
51364.2	DECO	si=285	zone=mountains	ms=0.40	meshes=18
51531.8	DECO	si=286	zone=mountains	ms=0.50	meshes=14
51699.6	DECO	si=287	zone=buildings	ms=1.70	meshes=6
51866.1	DECO	si=288	zone=buildings	ms=1.60	meshes=7
52032.5	DECO	si=289	zone=buildings	ms=1.50	meshes=7
52199.5	DECO	si=290	zone=buildings	ms=1.30	meshes=7
52364.7	ZONE_CHANGE	→ mountains	si=366	zoneLeft=48
52366.3	DECO	si=291	zone=buildings	ms=1.60	meshes=7
52533.6	DECO	si=292	zone=buildings	ms=1.70	meshes=6
52699.5	DECO	si=293	zone=buildings	ms=1.30	meshes=7
52866.8	DECO	si=294	zone=buildings	ms=1.20	meshes=7
53033.6	DECO	si=295	zone=buildings	ms=1.40	meshes=7
53199.3	DECO	si=296	zone=buildings	ms=1.10	meshes=7
53366.5	DECO	si=297	zone=buildings	ms=1.10	meshes=7
53533.4	DECO	si=298	zone=buildings	ms=1.30	meshes=7
53700.6	DECO	si=299	zone=buildings	ms=1.50	meshes=7
53866.9	DECO	si=300	zone=buildings	ms=1.40	meshes=6
54034.4	DECO	si=301	zone=buildings	ms=1.40	meshes=7
54201.3	DECO	si=302	zone=buildings	ms=1.40	meshes=6
54368.1	DECO	si=303	zone=buildings	ms=1.30	meshes=7
54534.0	DECO	si=304	zone=buildings	ms=1.10	meshes=6
54701.7	DECO	si=305	zone=buildings	ms=1.40	meshes=6
54868.2	DECO	si=306	zone=buildings	ms=1.00	meshes=6
55036.2	DECO	si=307	zone=buildings	ms=2.90	meshes=7
55201.1	DECO	si=308	zone=buildings	ms=1.00	meshes=7
55368.4	DECO	si=309	zone=intersection	ms=1.60	meshes=37
55535.1	DECO	si=310	zone=buildings	ms=1.50	meshes=7
55701.5	DECO	si=311	zone=buildings	ms=1.30	meshes=7
55868.4	DECO	si=312	zone=buildings	ms=1.20	meshes=7
56034.8	DECO	si=313	zone=buildings	ms=0.90	meshes=6
56202.6	DECO	si=314	zone=buildings	ms=1.30	meshes=7
56369.5	DECO	si=315	zone=buildings	ms=1.30	meshes=6
56537.2	DECO	si=316	zone=buildings	ms=1.50	meshes=7
56702.1	DECO	si=317	zone=tunnel	ms=0.70	meshes=27
56869.1	DECO	si=318	zone=tunnel	ms=0.50	meshes=27
57035.4	DECO	si=319	zone=tunnel	ms=0.50	meshes=27
57202.3	DECO	si=320	zone=tunnel	ms=0.40	meshes=27
57369.0	DECO	si=321	zone=tunnel	ms=0.50	meshes=27
57536.0	DECO	si=322	zone=tunnel	ms=0.40	meshes=27
57702.6	DECO	si=323	zone=tunnel	ms=0.50	meshes=27
57869.5	DECO	si=324	zone=tunnel	ms=0.40	meshes=27
58036.6	DECO	si=325	zone=tunnel	ms=0.40	meshes=27
58203.0	DECO	si=326	zone=tunnel	ms=0.40	meshes=27
58370.0	DECO	si=327	zone=tunnel	ms=0.40	meshes=27
58537.1	DECO	si=328	zone=tunnel	ms=0.40	meshes=27
58703.1	DECO	si=329	zone=tunnel	ms=0.50	meshes=27
58870.3	DECO	si=330	zone=tunnel	ms=0.40	meshes=27
59037.3	DECO	si=331	zone=tunnel	ms=0.40	meshes=27
59203.8	DECO	si=332	zone=tunnel	ms=0.30	meshes=27
59370.5	DECO	si=333	zone=tunnel	ms=0.50	meshes=27
59537.7	DECO	si=334	zone=tunnel	ms=0.50	meshes=27
59704.4	DECO	si=335	zone=tunnel	ms=0.50	meshes=27
59871.5	DECO	si=336	zone=tunnel	ms=0.30	meshes=27
60038.2	DECO	si=337	zone=tunnel	ms=0.50	meshes=27
60204.4	DECO	si=338	zone=tunnel	ms=0.50	meshes=27
60371.2	DECO	si=339	zone=tunnel	ms=0.50	meshes=27
60537.5	ZONE_CHANGE	→ ether	si=415	zoneLeft=30
60538.0	DECO	si=340	zone=tunnel	ms=0.40	meshes=27
60705.0	DECO	si=341	zone=tunnel	ms=0.50	meshes=27
60872.3	DECO	si=342	zone=tunnel	ms=0.30	meshes=27
61038.3	DECO	si=343	zone=tunnel	ms=0.30	meshes=27
61205.9	DECO	si=344	zone=tunnel	ms=0.50	meshes=27
61372.2	DECO	si=345	zone=tunnel	ms=0.50	meshes=27
61539.6	DECO	si=346	zone=tunnel	ms=0.60	meshes=27
61706.3	DECO	si=347	zone=tunnel	ms=0.40	meshes=27
61872.2	DECO	si=348	zone=tunnel	ms=0.30	meshes=27
62039.3	DECO	si=349	zone=tunnel	ms=0.40	meshes=27
62206.7	DECO	si=350	zone=tunnel	ms=0.50	meshes=27
62373.6	DECO	si=351	zone=tunnel	ms=0.50	meshes=27
62540.1	DECO	si=352	zone=tunnel	ms=0.50	meshes=27
62706.5	DECO	si=353	zone=tunnel	ms=0.40	meshes=27
62873.6	DECO	si=354	zone=tunnel	ms=0.50	meshes=27
63040.8	DECO	si=355	zone=tunnel	ms=0.40	meshes=27
63206.9	DECO	si=356	zone=tunnel	ms=0.40	meshes=27
63373.5	DECO	si=357	zone=tunnel	ms=0.50	meshes=27
63541.1	DECO	si=358	zone=tunnel	ms=0.50	meshes=27
63707.4	DECO	si=359	zone=tunnel	ms=0.50	meshes=27
63874.4	DECO	si=360	zone=tunnel	ms=0.50	meshes=27
64041.6	DECO	si=361	zone=tunnel	ms=0.50	meshes=27
64208.3	DECO	si=362	zone=tunnel	ms=0.30	meshes=27
64375.2	DECO	si=363	zone=tunnel	ms=0.40	meshes=27
64541.8	DECO	si=364	zone=tunnel	ms=0.40	meshes=27
64708.0	DECO	si=365	zone=tunnel	ms=0.40	meshes=27
64877.0	DECO	si=366	zone=mountains	ms=2.30	meshes=10
65041.7	DECO	si=367	zone=mountains	ms=0.20	meshes=10
65208.6	DECO	si=368	zone=mountains	ms=0.40	meshes=14
65375.5	DECO	si=369	zone=mountains	ms=0.40	meshes=10
65542.0	DECO	si=370	zone=mountains	ms=0.30	meshes=10
65709.2	ZONE_CHANGE	→ buildings	si=446	zoneLeft=20
65709.6	DECO	si=371	zone=mountains	ms=0.30	meshes=10
65876.5	DECO	si=372	zone=mountains	ms=0.40	meshes=14
66042.8	DECO	si=373	zone=mountains	ms=0.50	meshes=14
66210.0	DECO	si=374	zone=mountains	ms=0.40	meshes=14
66376.2	DECO	si=375	zone=mountains	ms=0.40	meshes=10
66543.4	DECO	si=376	zone=mountains	ms=0.30	meshes=10
66710.0	DECO	si=377	zone=mountains	ms=0.30	meshes=10
66877.2	DECO	si=378	zone=mountains	ms=0.40	meshes=14
67044.2	DECO	si=379	zone=mountains	ms=0.50	meshes=18
67210.6	DECO	si=380	zone=mountains	ms=0.30	meshes=10
67376.8	DECO	si=381	zone=mountains	ms=0.30	meshes=10
67544.5	DECO	si=382	zone=mountains	ms=0.60	meshes=18
67711.3	DECO	si=383	zone=mountains	ms=0.50	meshes=14
67877.2	DECO	si=384	zone=mountains	ms=0.30	meshes=14
68043.9	DECO	si=385	zone=mountains	ms=0.40	meshes=10
68214.9	DECO	si=386	zone=mountains	ms=4.00	meshes=18
68378.1	DECO	si=387	zone=mountains	ms=0.40	meshes=10
68545.4	DECO	si=388	zone=mountains	ms=0.40	meshes=10
68711.8	DECO	si=389	zone=mountains	ms=0.40	meshes=14
68877.8	DECO	si=390	zone=mountains	ms=0.30	meshes=10
69045.4	DECO	si=391	zone=mountains	ms=0.40	meshes=14
69211.0	ZONE_CHANGE	→ tunnel	si=467	zoneLeft=49
69211.5	DECO	si=392	zone=mountains	ms=0.40	meshes=10
69378.8	DECO	si=393	zone=mountains	ms=0.50	meshes=18
69545.6	DECO	si=394	zone=mountains	ms=0.50	meshes=18
69712.5	DECO	si=395	zone=mountains	ms=0.50	meshes=18
69878.9	DECO	si=396	zone=mountains	ms=0.50	meshes=18
70046.4	DECO	si=397	zone=mountains	ms=0.40	meshes=18
70229.1	DECO	si=398	zone=mountains	ms=0.40	meshes=18
70429.4	DECO	si=399	zone=mountains	ms=0.40	meshes=14
70696.8	DECO	si=400	zone=mountains	ms=0.50	meshes=18
71297.1	DECO	si=401	zone=mountains	ms=0.50	meshes=10
518.5	ZONE_CHANGE	→ ether	si=54	zoneLeft=29
518.5	ZONE_CHANGE	→ trees	si=84	zoneLeft=30
518.6	ZONE_CHANGE	→ buildings	si=115	zoneLeft=29
518.6	ZONE_CHANGE	→ buildings	si=145	zoneLeft=20
518.6	ZONE_CHANGE	→ buildings	si=166	zoneLeft=20
518.8	ZONE_CHANGE	→ ether	si=187	zoneLeft=16
537.5	DECO	si=0	zone=trees	ms=7.50	meshes=11
538.2	DECO	si=1	zone=trees	ms=0.70	meshes=14
538.7	DECO	si=2	zone=trees	ms=0.50	meshes=11
539.2	DECO	si=3	zone=trees	ms=0.50	meshes=12
539.7	DECO	si=4	zone=trees	ms=0.50	meshes=11
540.2	DECO	si=5	zone=trees	ms=0.50	meshes=12
540.7	DECO	si=6	zone=trees	ms=0.50	meshes=11
541.2	DECO	si=7	zone=trees	ms=0.50	meshes=13
541.6	DECO	si=8	zone=trees	ms=0.40	meshes=10
542.0	DECO	si=9	zone=trees	ms=0.40	meshes=13
542.7	DECO	si=10	zone=trees	ms=0.70	meshes=13
543.1	DECO	si=11	zone=trees	ms=0.40	meshes=8
543.7	DECO	si=12	zone=trees	ms=0.60	meshes=11
544.1	DECO	si=13	zone=trees	ms=0.40	meshes=10
544.6	DECO	si=14	zone=trees	ms=0.50	meshes=12
545.0	DECO	si=15	zone=trees	ms=0.40	meshes=14
545.6	DECO	si=16	zone=trees	ms=0.60	meshes=11
546.0	DECO	si=17	zone=trees	ms=0.40	meshes=12
546.4	DECO	si=18	zone=trees	ms=0.40	meshes=11
546.7	DECO	si=19	zone=trees	ms=0.30	meshes=13
547.2	DECO	si=20	zone=trees	ms=0.50	meshes=11
547.7	DECO	si=21	zone=trees	ms=0.50	meshes=12
548.2	DECO	si=22	zone=trees	ms=0.50	meshes=12
548.8	DECO	si=23	zone=trees	ms=0.60	meshes=13
549.2	DECO	si=24	zone=trees	ms=0.40	meshes=12
549.8	DECO	si=25	zone=trees	ms=0.60	meshes=13
550.2	DECO	si=26	zone=trees	ms=0.40	meshes=12
550.6	DECO	si=27	zone=trees	ms=0.40	meshes=12
551.3	DECO	si=28	zone=trees	ms=0.70	meshes=14
552.1	DECO	si=29	zone=trees	ms=0.80	meshes=13
552.6	DECO	si=30	zone=trees	ms=0.50	meshes=10
553.1	DECO	si=31	zone=trees	ms=0.40	meshes=12
553.7	DECO	si=32	zone=trees	ms=0.60	meshes=13
554.2	DECO	si=33	zone=trees	ms=0.50	meshes=14
554.6	DECO	si=34	zone=trees	ms=0.40	meshes=11
555.0	DECO	si=35	zone=trees	ms=0.40	meshes=12
555.4	DECO	si=36	zone=trees	ms=0.40	meshes=11
555.8	DECO	si=37	zone=trees	ms=0.40	meshes=13
556.4	DECO	si=38	zone=trees	ms=0.60	meshes=14
556.9	DECO	si=39	zone=trees	ms=0.50	meshes=13
557.4	DECO	si=40	zone=trees	ms=0.50	meshes=13
557.7	DECO	si=41	zone=trees	ms=0.30	meshes=12
558.2	DECO	si=42	zone=trees	ms=0.50	meshes=12
558.6	DECO	si=43	zone=trees	ms=0.40	meshes=10
559.2	DECO	si=44	zone=trees	ms=0.60	meshes=14
559.5	DECO	si=45	zone=trees	ms=0.30	meshes=13
560.0	DECO	si=46	zone=trees	ms=0.50	meshes=13
560.4	DECO	si=47	zone=trees	ms=0.40	meshes=12
560.9	DECO	si=48	zone=trees	ms=0.50	meshes=11
561.3	DECO	si=49	zone=trees	ms=0.40	meshes=12
561.8	DECO	si=50	zone=trees	ms=0.50	meshes=13
562.3	DECO	si=51	zone=trees	ms=0.50	meshes=13
564.6	DECO	si=52	zone=trees	ms=2.30	meshes=15
565.0	DECO	si=53	zone=trees	ms=0.40	meshes=12
169.6	ZONE_CHANGE	→ buildings	si=54	zoneLeft=40
169.6	ZONE_CHANGE	→ bridge	si=95	zoneLeft=26
169.6	ZONE_CHANGE	→ bridge	si=122	zoneLeft=28
169.6	ZONE_CHANGE	→ trees	si=151	zoneLeft=37
183.2	DECO	si=0	zone=trees	ms=2.00	meshes=11
184.2	DECO	si=1	zone=trees	ms=1.00	meshes=10
185.1	DECO	si=2	zone=trees	ms=0.90	meshes=11
186.3	DECO	si=3	zone=trees	ms=1.10	meshes=12
187.6	DECO	si=4	zone=trees	ms=1.30	meshes=12
188.5	DECO	si=5	zone=trees	ms=0.90	meshes=10
189.3	DECO	si=6	zone=trees	ms=0.80	meshes=11
190.2	DECO	si=7	zone=trees	ms=0.90	meshes=11
191.2	DECO	si=8	zone=trees	ms=1.00	meshes=10
192.2	DECO	si=9	zone=trees	ms=1.00	meshes=12
193.1	DECO	si=10	zone=trees	ms=0.90	meshes=10
194.2	DECO	si=11	zone=trees	ms=1.10	meshes=12
195.0	DECO	si=12	zone=trees	ms=0.80	meshes=10
196.5	DECO	si=13	zone=trees	ms=1.50	meshes=14
197.4	DECO	si=14	zone=trees	ms=0.90	meshes=12
198.4	DECO	si=15	zone=trees	ms=1.00	meshes=12
199.1	DECO	si=16	zone=trees	ms=0.70	meshes=11
200.1	DECO	si=17	zone=trees	ms=1.00	meshes=10
206.2	DECO	si=18	zone=trees	ms=6.00	meshes=13
206.8	DECO	si=19	zone=trees	ms=0.60	meshes=12
207.3	DECO	si=20	zone=trees	ms=0.50	meshes=12
207.9	DECO	si=21	zone=trees	ms=0.60	meshes=13
208.2	DECO	si=22	zone=trees	ms=0.30	meshes=10
208.6	DECO	si=23	zone=trees	ms=0.40	meshes=11
209.0	DECO	si=24	zone=trees	ms=0.40	meshes=10
209.4	DECO	si=25	zone=trees	ms=0.40	meshes=12
210.0	DECO	si=26	zone=trees	ms=0.60	meshes=12
210.4	DECO	si=27	zone=trees	ms=0.40	meshes=14
211.1	DECO	si=28	zone=trees	ms=0.70	meshes=15
211.6	DECO	si=29	zone=trees	ms=0.50	meshes=13
212.1	DECO	si=30	zone=trees	ms=0.50	meshes=12
213.3	DECO	si=31	zone=trees	ms=1.20	meshes=12
213.8	DECO	si=32	zone=trees	ms=0.50	meshes=12
214.2	DECO	si=33	zone=trees	ms=0.40	meshes=12
214.7	DECO	si=34	zone=trees	ms=0.50	meshes=12
215.1	DECO	si=35	zone=trees	ms=0.40	meshes=15
215.6	DECO	si=36	zone=trees	ms=0.50	meshes=13
216.1	DECO	si=37	zone=trees	ms=0.50	meshes=10
216.6	DECO	si=38	zone=trees	ms=0.50	meshes=16
218.2	DECO	si=39	zone=trees	ms=1.60	meshes=15
218.8	DECO	si=40	zone=trees	ms=0.60	meshes=13
219.3	DECO	si=41	zone=trees	ms=0.50	meshes=14
219.8	DECO	si=42	zone=trees	ms=0.50	meshes=15
220.3	DECO	si=43	zone=trees	ms=0.50	meshes=13
220.9	DECO	si=44	zone=trees	ms=0.60	meshes=15
221.5	DECO	si=45	zone=trees	ms=0.60	meshes=14
222.0	DECO	si=46	zone=trees	ms=0.50	meshes=16
222.5	DECO	si=47	zone=trees	ms=0.50	meshes=13
223.8	DECO	si=48	zone=trees	ms=1.30	meshes=13
224.1	DECO	si=49	zone=trees	ms=0.30	meshes=11
224.6	DECO	si=50	zone=trees	ms=0.50	meshes=11
225.1	DECO	si=51	zone=trees	ms=0.50	meshes=12
225.6	DECO	si=52	zone=trees	ms=0.50	meshes=13
225.9	DECO	si=53	zone=trees	ms=0.30	meshes=11
229.3	DECO	si=54	zone=buildings	ms=3.40	meshes=7
230.5	DECO	si=55	zone=buildings	ms=1.20	meshes=6
231.9	DECO	si=56	zone=buildings	ms=1.40	meshes=7
232.9	DECO	si=57	zone=buildings	ms=1.00	meshes=7
234.1	DECO	si=58	zone=buildings	ms=1.20	meshes=6
235.1	DECO	si=59	zone=buildings	ms=1.00	meshes=7
236.6	DECO	si=60	zone=buildings	ms=1.50	meshes=7
238.3	DECO	si=61	zone=buildings	ms=1.70	meshes=7
239.7	DECO	si=62	zone=buildings	ms=1.40	meshes=7
240.8	DECO	si=63	zone=buildings	ms=1.10	meshes=7
242.8	DECO	si=64	zone=buildings	ms=2.00	meshes=7
243.9	DECO	si=65	zone=buildings	ms=1.10	meshes=7
245.4	DECO	si=66	zone=buildings	ms=1.50	meshes=7
246.6	DECO	si=67	zone=buildings	ms=1.20	meshes=7
247.9	DECO	si=68	zone=buildings	ms=1.30	meshes=7
248.9	DECO	si=69	zone=buildings	ms=1.00	meshes=7
250.8	DECO	si=70	zone=buildings	ms=1.90	meshes=6
2177.8	SHADER_PROG	count=32	was=0	seg=2	zone=trees
16558.4	DECO	si=71	zone=buildings	ms=2.00	meshes=6
16559.1	SHADER_PROG	count=33	was=32	seg=6	zone=trees
16679.0	DECO	si=72	zone=buildings	ms=1.50	meshes=7
17221.2	DECO	si=73	zone=buildings	ms=1.90	meshes=7
17386.3	DECO	si=74	zone=buildings	ms=2.00	meshes=6
17553.0	DECO	si=75	zone=buildings	ms=1.40	meshes=7
17720.2	DECO	si=76	zone=intersection	ms=1.90	meshes=37
17887.6	DECO	si=77	zone=buildings	ms=2.20	meshes=7
18220.4	DECO	si=78	zone=buildings	ms=1.40	meshes=7
18387.2	DECO	si=79	zone=buildings	ms=1.70	meshes=7
19387.6	DECO	si=80	zone=buildings	ms=1.40	meshes=7
19555.7	DECO	si=81	zone=buildings	ms=2.00	meshes=7
19731.6	DECO	si=82	zone=buildings	ms=1.70	meshes=7
19915.6	DECO	si=83	zone=buildings	ms=2.20	meshes=7
20081.6	DECO	si=84	zone=buildings	ms=1.50	meshes=7
20215.3	DECO	si=85	zone=buildings	ms=1.70	meshes=7
20299.1	DECO	si=86	zone=buildings	ms=2.00	meshes=7
20399.0	DECO	si=87	zone=buildings	ms=1.50	meshes=7
20482.4	DECO	si=88	zone=buildings	ms=1.30	meshes=7
20582.4	DECO	si=89	zone=buildings	ms=1.60	meshes=7
20682.4	DECO	si=90	zone=buildings	ms=1.40	meshes=7
20765.7	DECO	si=91	zone=buildings	ms=1.70	meshes=6
20865.9	DECO	si=92	zone=buildings	ms=1.50	meshes=7
20949.7	DECO	si=93	zone=buildings	ms=2.10	meshes=7
21048.9	DECO	si=94	zone=buildings	ms=1.40	meshes=7
21131.1	DECO	si=95	zone=bridge	ms=0.40	meshes=5
21233.8	DECO	si=96	zone=bridge	ms=2.10	meshes=52
21315.0	DECO	si=97	zone=bridge	ms=0.20	meshes=4
21414.6	DECO	si=98	zone=bridge	ms=0.10	meshes=4
21515.1	DECO	si=99	zone=bridge	ms=0.00	meshes=4
21598.6	DECO	si=100	zone=bridge	ms=0.10	meshes=4
21698.0	DECO	si=101	zone=bridge	ms=0.00	meshes=4
21781.7	DECO	si=102	zone=bridge	ms=0.00	meshes=4
21881.9	DECO	si=103	zone=bridge	ms=0.20	meshes=4
21968.8	DECO	si=104	zone=bridge	ms=0.10	meshes=4
22065.3	DECO	si=105	zone=bridge	ms=0.10	meshes=4
22149.0	DECO	si=106	zone=bridge	ms=0.10	meshes=4
22248.8	DECO	si=107	zone=bridge	ms=0.10	meshes=4
22351.6	DECO	si=108	zone=bridge	ms=1.90	meshes=52
22434.5	DECO	si=109	zone=bridge	ms=0.10	meshes=4
22535.3	DECO	si=110	zone=bridge	ms=0.10	meshes=4
22617.7	DECO	si=111	zone=bridge	ms=0.10	meshes=4
22716.8	DECO	si=112	zone=bridge	ms=0.10	meshes=4
22799.3	DECO	si=113	zone=bridge	ms=0.00	meshes=4
22899.1	ZONE_CHANGE	→ mountains	si=189	zoneLeft=43
22899.2	DECO	si=114	zone=bridge	ms=0.00	meshes=4
22982.4	DECO	si=115	zone=bridge	ms=0.10	meshes=4
23082.6	DECO	si=116	zone=bridge	ms=0.10	meshes=4
23183.1	DECO	si=117	zone=bridge	ms=0.00	meshes=4
23349.6	DECO	si=118	zone=bridge	ms=0.00	meshes=4
23516.6	DECO	si=119	zone=bridge	ms=0.00	meshes=4
23684.5	DECO	si=120	zone=bridge	ms=1.70	meshes=52
23850.2	DECO	si=121	zone=bridge	ms=0.10	meshes=4
24016.9	DECO	si=122	zone=bridge	ms=0.20	meshes=4
24183.1	DECO	si=123	zone=bridge	ms=0.10	meshes=4
24350.7	DECO	si=124	zone=bridge	ms=0.00	meshes=4
24517.3	DECO	si=125	zone=bridge	ms=0.10	meshes=4
24684.2	DECO	si=126	zone=bridge	ms=0.10	meshes=4
24851.2	DECO	si=127	zone=bridge	ms=0.10	meshes=4
25018.0	DECO	si=128	zone=bridge	ms=0.00	meshes=4
25184.3	DECO	si=129	zone=bridge	ms=0.00	meshes=4
25350.8	DECO	si=130	zone=bridge	ms=0.10	meshes=4
25468.4	DECO	si=131	zone=bridge	ms=0.10	meshes=4
25570.1	DECO	si=132	zone=bridge	ms=1.80	meshes=52
25652.1	DECO	si=133	zone=bridge	ms=0.20	meshes=4
25751.2	DECO	si=134	zone=bridge	ms=0.00	meshes=4
25852.2	DECO	si=135	zone=bridge	ms=0.20	meshes=4
25935.1	DECO	si=136	zone=bridge	ms=0.00	meshes=4
26035.7	DECO	si=137	zone=bridge	ms=0.10	meshes=4
26118.9	DECO	si=138	zone=bridge	ms=0.10	meshes=4
26218.6	DECO	si=139	zone=bridge	ms=0.10	meshes=4
26301.8	DECO	si=140	zone=bridge	ms=0.00	meshes=4
26401.9	DECO	si=141	zone=bridge	ms=0.00	meshes=4
26486.0	DECO	si=142	zone=bridge	ms=0.10	meshes=4
26586.2	DECO	si=143	zone=bridge	ms=0.10	meshes=4
26687.6	DECO	si=144	zone=bridge	ms=1.70	meshes=52
26769.4	DECO	si=145	zone=bridge	ms=0.00	meshes=4
26868.7	DECO	si=146	zone=bridge	ms=0.00	meshes=4
26952.9	DECO	si=147	zone=bridge	ms=0.10	meshes=4
27052.2	DECO	si=148	zone=bridge	ms=0.10	meshes=4
27136.2	DECO	si=149	zone=bridge	ms=0.00	meshes=4
27236.6	DECO	si=150	zone=bridge	ms=0.10	meshes=5
27320.3	DECO	si=151	zone=trees	ms=0.80	meshes=14
27420.5	DECO	si=152	zone=trees	ms=0.70	meshes=15
27520.2	DECO	si=153	zone=trees	ms=0.70	meshes=17
27603.6	DECO	si=154	zone=trees	ms=0.80	meshes=20
27703.6	DECO	si=155	zone=trees	ms=1.00	meshes=20
27787.2	DECO	si=156	zone=trees	ms=0.90	meshes=22
27887.3	DECO	si=157	zone=trees	ms=0.90	meshes=19
27969.6	ZONE_CHANGE	→ toxic	si=233	zoneLeft=24
27970.3	DECO	si=158	zone=trees	ms=0.70	meshes=17
28070.9	DECO	si=159	zone=trees	ms=0.60	meshes=17
28154.4	DECO	si=160	zone=trees	ms=0.80	meshes=17
28254.7	DECO	si=161	zone=trees	ms=0.80	meshes=18
28353.7	DECO	si=162	zone=trees	ms=0.60	meshes=16
28454.6	DECO	si=163	zone=trees	ms=0.80	meshes=17
28621.5	DECO	si=164	zone=trees	ms=0.80	meshes=20
28788.4	DECO	si=165	zone=trees	ms=0.70	meshes=18
28954.4	DECO	si=166	zone=trees	ms=0.70	meshes=18
29121.8	DECO	si=167	zone=trees	ms=0.90	meshes=19
29288.1	DECO	si=168	zone=trees	ms=0.90	meshes=22
29455.7	DECO	si=169	zone=trees	ms=1.00	meshes=23
29622.5	DECO	si=170	zone=trees	ms=0.80	meshes=19
29789.6	DECO	si=171	zone=trees	ms=1.20	meshes=22
29955.8	DECO	si=172	zone=trees	ms=0.60	meshes=18
30122.7	DECO	si=173	zone=trees	ms=0.70	meshes=17
30288.9	DECO	si=174	zone=trees	ms=0.90	meshes=20
30456.3	DECO	si=175	zone=trees	ms=1.00	meshes=21
30589.1	DECO	si=176	zone=trees	ms=1.00	meshes=21
30673.2	DECO	si=177	zone=trees	ms=0.90	meshes=20
30772.6	DECO	si=178	zone=trees	ms=0.90	meshes=20
30855.8	DECO	si=179	zone=trees	ms=0.80	meshes=19
30956.4	DECO	si=180	zone=trees	ms=0.80	meshes=20
31056.4	DECO	si=181	zone=trees	ms=0.70	meshes=19
31139.7	DECO	si=182	zone=trees	ms=0.80	meshes=22
31239.1	ZONE_CHANGE	→ buildings	si=258	zoneLeft=19
31240.2	DECO	si=183	zone=trees	ms=1.00	meshes=22
31323.9	DECO	si=184	zone=trees	ms=1.00	meshes=21
31423.7	DECO	si=185	zone=trees	ms=0.80	meshes=19
31506.8	DECO	si=186	zone=trees	ms=1.00	meshes=22
31507.5	SHADER_PROG	count=32	was=33	seg=121	zone=bridge
34305.1	SHADER_PROG	count=43	was=32	seg=121	zone=bridge
34359.1	DECO	si=187	zone=trees	ms=0.80	meshes=20
34442.5	DECO	si=188	zone=trees	ms=0.90	meshes=21
34547.8	DECO	si=189	zone=mountains	ms=5.80	meshes=18
34642.6	DECO	si=190	zone=mountains	ms=0.70	meshes=18
34725.8	DECO	si=191	zone=mountains	ms=0.50	meshes=10
34826.0	DECO	si=192	zone=mountains	ms=0.70	meshes=18
34909.3	DECO	si=193	zone=mountains	ms=0.40	meshes=10
35009.3	DECO	si=194	zone=mountains	ms=0.40	meshes=14
35098.7	DECO	si=195	zone=mountains	ms=0.40	meshes=10
35199.4	DECO	si=196	zone=mountains	ms=0.50	meshes=14
35255.7	SHADER_PROG	count=44	was=43	seg=131	zone=bridge
35448.6	DECO	si=197	zone=mountains	ms=0.60	meshes=14
35550.7	DECO	si=198	zone=mountains	ms=0.40	meshes=10
35650.6	DECO	si=199	zone=mountains	ms=0.30	meshes=10
35735.2	DECO	si=200	zone=mountains	ms=0.50	meshes=18
35835.9	DECO	si=201	zone=mountains	ms=0.40	meshes=14
35919.4	DECO	si=202	zone=mountains	ms=0.60	meshes=18
36019.7	ZONE_CHANGE	→ toxic	si=278	zoneLeft=38
36020.1	DECO	si=203	zone=mountains	ms=0.40	meshes=14
36091.3	SHADER_PROG	count=45	was=44	seg=138	zone=bridge
36253.2	DECO	si=204	zone=mountains	ms=0.60	meshes=18
36355.1	DECO	si=205	zone=mountains	ms=0.40	meshes=14
36438.9	DECO	si=206	zone=mountains	ms=0.40	meshes=14
36573.3	DECO	si=207	zone=mountains	ms=0.50	meshes=18
36740.3	DECO	si=208	zone=mountains	ms=0.50	meshes=18
36913.2	DECO	si=209	zone=mountains	ms=2.50	meshes=14
37081.4	DECO	si=210	zone=mountains	ms=0.30	meshes=10
37238.2	SHADER_PROG	count=46	was=45	seg=145	zone=bridge
37267.4	DECO	si=211	zone=mountains	ms=0.60	meshes=18
37437.2	DECO	si=212	zone=mountains	ms=0.40	meshes=14
37599.6	DECO	si=213	zone=mountains	ms=0.30	meshes=10
37766.6	DECO	si=214	zone=mountains	ms=0.40	meshes=18
37932.8	DECO	si=215	zone=mountains	ms=0.50	meshes=18
38098.8	DECO	si=216	zone=mountains	ms=0.40	meshes=14
38265.3	DECO	si=217	zone=mountains	ms=0.60	meshes=18
38428.9	DECO	si=218	zone=mountains	ms=0.30	meshes=10
38587.9	SHADER_PROG	count=47	was=46	seg=153	zone=trees
38611.2	DECO	si=219	zone=mountains	ms=0.30	meshes=10
38776.1	DECO	si=220	zone=mountains	ms=0.30	meshes=10
38942.1	DECO	si=221	zone=mountains	ms=0.90	meshes=10
39107.0	DECO	si=222	zone=mountains	ms=0.50	meshes=14
39274.6	DECO	si=223	zone=mountains	ms=0.50	meshes=18
39406.6	DECO	si=224	zone=mountains	ms=0.60	meshes=18
39505.3	DECO	si=225	zone=mountains	ms=0.40	meshes=14
39605.5	DECO	si=226	zone=mountains	ms=0.40	meshes=10
39688.5	DECO	si=227	zone=mountains	ms=0.40	meshes=14
39788.1	DECO	si=228	zone=mountains	ms=0.20	meshes=10
39872.7	DECO	si=229	zone=mountains	ms=2.10	meshes=10
39970.2	DECO	si=230	zone=mountains	ms=0.20	meshes=10
40053.4	DECO	si=231	zone=mountains	ms=0.40	meshes=14
40153.4	DECO	si=232	zone=mountains	ms=0.50	meshes=18
43468.0	SHADER_PROG	count=58	was=47	seg=168	zone=trees
48754.3	SHADER_PROG	count=69	was=58	seg=168	zone=trees
48818.6	DECO	si=234	zone=toxic	ms=0.60	meshes=2
48937.2	DECO	si=235	zone=toxic	ms=0.20	meshes=2
49053.4	DECO	si=236	zone=toxic	ms=0.10	meshes=2
49170.1	DECO	si=237	zone=toxic	ms=0.30	meshes=2
49303.3	DECO	si=238	zone=toxic	ms=0.10	meshes=2
49387.3	DECO	si=239	zone=toxic	ms=0.20	meshes=2
49487.2	DECO	si=240	zone=toxic	ms=0.40	meshes=2
49587.1	DECO	si=241	zone=toxic	ms=0.20	meshes=2
49670.2	ZONE_CHANGE	→ dirt	si=317	zoneLeft=46
49670.4	DECO	si=242	zone=toxic	ms=0.10	meshes=2
49771.1	DECO	si=243	zone=toxic	ms=0.50	meshes=2
49854.8	DECO	si=244	zone=toxic	ms=0.20	meshes=2
49954.0	DECO	si=245	zone=toxic	ms=0.10	meshes=2
50038.2	DECO	si=246	zone=toxic	ms=0.30	meshes=2
50138.1	DECO	si=247	zone=toxic	ms=0.10	meshes=2
50238.1	DECO	si=248	zone=toxic	ms=0.00	meshes=2
50354.4	DECO	si=249	zone=toxic	ms=0.20	meshes=2
50471.7	DECO	si=250	zone=toxic	ms=0.00	meshes=2
50555.0	DECO	si=251	zone=toxic	ms=0.00	meshes=2
50654.8	DECO	si=252	zone=toxic	ms=0.20	meshes=2
50737.7	DECO	si=253	zone=toxic	ms=0.00	meshes=2
50872.2	DECO	si=254	zone=toxic	ms=0.20	meshes=2
54682.6	SHADER_PROG	count=80	was=69	seg=190	zone=mountains
54897.2	DECO	si=256	zone=toxic	ms=0.10	meshes=2
58803.2	SHADER_PROG	count=91	was=80	seg=191	zone=mountains
58968.7	SHADER_PROG	count=92	was=91	seg=191	zone=mountains
59011.3	DECO	si=257	zone=toxic	ms=0.10	meshes=2
59280.8	DECO	si=258	zone=buildings	ms=2.30	meshes=7
59664.1	DECO	si=259	zone=buildings	ms=1.70	meshes=7
60189.2	SHADER_PROG	count=93	was=92	seg=194	zone=mountains
60210.5	SHADER_PROG	count=95	was=93	seg=194	zone=mountains
67006.5	DECO	si=260	zone=buildings	ms=5.00	meshes=7
67051.0	SHADER_PROG	count=96	was=95	seg=195	zone=mountains
67220.7	DECO	si=261	zone=buildings	ms=3.00	meshes=7
67387.9	DECO	si=262	zone=buildings	ms=3.00	meshes=7
67552.9	DECO	si=263	zone=buildings	ms=1.40	meshes=7
67719.7	DECO	si=264	zone=buildings	ms=1.40	meshes=6
67886.8	DECO	si=265	zone=buildings	ms=1.70	meshes=7
68054.6	DECO	si=266	zone=buildings	ms=2.60	meshes=7
68219.7	DECO	si=267	zone=buildings	ms=1.30	meshes=7
68387.4	DECO	si=268	zone=buildings	ms=2.10	meshes=6
68554.0	DECO	si=269	zone=buildings	ms=2.00	meshes=6
68720.4	DECO	si=270	zone=buildings	ms=1.40	meshes=7
68887.7	DECO	si=271	zone=buildings	ms=1.40	meshes=6
69042.7	SHADER_PROG	count=97	was=96	seg=206	zone=mountains
69054.9	DECO	si=272	zone=buildings	ms=2.10	meshes=7
69220.5	DECO	si=273	zone=buildings	ms=1.40	meshes=7
69387.8	DECO	si=274	zone=buildings	ms=1.80	meshes=7
69554.1	DECO	si=275	zone=buildings	ms=1.20	meshes=6
69721.5	DECO	si=276	zone=buildings	ms=1.70	meshes=7
69900.9	DECO	si=277	zone=buildings	ms=1.50	meshes=7
69901.4	SHADER_PROG	count=98	was=97	seg=212	zone=mountains
75485.1	SHADER_PROG	count=110	was=98	seg=213	zone=mountains
75612.4	SHADER_PROG	count=111	was=110	seg=213	zone=mountains
75897.6	SHADER_PROG	count=112	was=111	seg=213	zone=mountains
75958.6	DECO	si=279	zone=toxic	ms=0.20	meshes=2
76125.2	DECO	si=280	zone=toxic	ms=0.10	meshes=2
76344.8	SHADER_PROG	count=114	was=112	seg=215	zone=mountains
77015.4	DECO	si=281	zone=toxic	ms=0.20	meshes=2
77147.4	SHADER_PROG	count=115	was=114	seg=216	zone=mountains
77225.8	DECO	si=282	zone=toxic	ms=0.20	meshes=2
77258.4	SHADER_PROG	count=116	was=115	seg=217	zone=mountains
78098.6	SHADER_PROG	count=117	was=116	seg=217	zone=mountains
84672.5	SHADER_PROG	count=135	was=117	seg=217	zone=mountains
84749.0	DECO	si=283	zone=toxic	ms=0.10	meshes=2
84915.4	DECO	si=284	zone=toxic	ms=0.00	meshes=2
85006.5	SHADER_PROG	count=136	was=135	seg=219	zone=mountains
85082.3	DECO	si=285	zone=toxic	ms=0.20	meshes=2
85249.1	DECO	si=286	zone=toxic	ms=0.10	meshes=2
85415.8	DECO	si=287	zone=toxic	ms=0.10	meshes=2
85582.6	DECO	si=288	zone=toxic	ms=0.20	meshes=2
85749.0	ZONE_CHANGE	→ trees	si=364	zoneLeft=47
85749.1	DECO	si=289	zone=toxic	ms=0.00	meshes=2
85916.4	DECO	si=290	zone=toxic	ms=0.10	meshes=2
86083.4	DECO	si=291	zone=toxic	ms=0.10	meshes=2
86250.2	DECO	si=292	zone=toxic	ms=0.10	meshes=2
86416.7	DECO	si=293	zone=toxic	ms=0.10	meshes=2
86583.6	DECO	si=294	zone=toxic	ms=0.20	meshes=2
86750.2	DECO	si=295	zone=toxic	ms=0.10	meshes=2
86917.4	DECO	si=296	zone=toxic	ms=0.10	meshes=2
87101.1	DECO	si=297	zone=toxic	ms=0.20	meshes=2
90286.5	SHADER_PROG	count=137	was=136	seg=232	zone=mountains
100361.4	DECO	si=298	zone=toxic	ms=0.20	meshes=2
100577.9	DECO	si=299	zone=toxic	ms=0.10	meshes=2
109330.6	SHADER_PROG	count=153	was=137	seg=235	zone=toxic
109487.7	SHADER_PROG	count=154	was=153	seg=235	zone=toxic
109568.2	DECO	si=301	zone=toxic	ms=0.10	meshes=2
109785.4	DECO	si=302	zone=toxic	ms=0.20	meshes=2
110035.7	DECO	si=303	zone=toxic	ms=0.20	meshes=2
110402.7	DECO	si=304	zone=toxic	ms=0.10	meshes=2
111920.1	DECO	si=305	zone=toxic	ms=0.10	meshes=2
112137.3	DECO	si=306	zone=toxic	ms=0.20	meshes=2
112353.7	DECO	si=307	zone=toxic	ms=0.10	meshes=2
112604.2	DECO	si=308	zone=toxic	ms=0.10	meshes=2
113088.8	DECO	si=309	zone=toxic	ms=0.40	meshes=2
114288.7	DECO	si=310	zone=toxic	ms=0.10	meshes=2
114506.3	DECO	si=311	zone=toxic	ms=0.20	meshes=2
114639.1	SHADER_PROG	count=155	was=154	seg=246	zone=toxic
114755.9	DECO	si=312	zone=toxic	ms=0.20	meshes=2
115106.2	DECO	si=313	zone=toxic	ms=0.00	meshes=2
115456.2	DECO	si=314	zone=toxic	ms=0.10	meshes=2
129367.7	DECO	si=315	zone=toxic	ms=0.20	meshes=2
129635.2	DECO	si=316	zone=toxic	ms=0.10	meshes=2
129801.6	DECO	si=317	zone=dirt	ms=0.10	meshes=2
129968.5	DECO	si=318	zone=dirt	ms=0.20	meshes=11
130134.6	DECO	si=319	zone=dirt	ms=0.10	meshes=11
130302.2	DECO	si=320	zone=dirt	ms=0.20	meshes=11
130468.9	DECO	si=321	zone=dirt	ms=0.10	meshes=2
130635.8	DECO	si=322	zone=dirt	ms=0.10	meshes=2
130802.1	DECO	si=323	zone=dirt	ms=0.20	meshes=15
130968.7	DECO	si=324	zone=dirt	ms=0.00	meshes=6
131136.3	DECO	si=325	zone=dirt	ms=0.10	meshes=11
131302.6	DECO	si=326	zone=dirt	ms=0.20	meshes=14
131469.3	DECO	si=327	zone=dirt	ms=0.10	meshes=11
131636.7	DECO	si=328	zone=dirt	ms=0.10	meshes=10
131803.2	DECO	si=329	zone=dirt	ms=0.10	meshes=2
131970.4	DECO	si=330	zone=dirt	ms=0.10	meshes=6
132137.1	DECO	si=331	zone=dirt	ms=0.10	meshes=2
132303.2	DECO	si=332	zone=dirt	ms=0.30	meshes=10
132470.7	DECO	si=333	zone=dirt	ms=0.10	meshes=10
132637.4	DECO	si=334	zone=dirt	ms=0.10	meshes=4
132803.9	DECO	si=335	zone=dirt	ms=0.20	meshes=4
132970.8	DECO	si=336	zone=dirt	ms=0.20	meshes=11
133136.8	ZONE_CHANGE	→ buildings	si=412	zoneLeft=38
133137.1	DECO	si=337	zone=dirt	ms=0.20	meshes=9
133304.7	DECO	si=338	zone=dirt	ms=0.10	meshes=9
133470.8	DECO	si=339	zone=dirt	ms=0.10	meshes=10
133638.2	DECO	si=340	zone=dirt	ms=0.10	meshes=5
133805.0	DECO	si=341	zone=dirt	ms=0.20	meshes=5
133971.2	DECO	si=342	zone=dirt	ms=0.20	meshes=16
133972.1	SHADER_PROG	count=154	was=155	seg=277	zone=buildings
134265.8	SHADER_PROG	count=155	was=154	seg=277	zone=buildings
134322.1	DECO	si=343	zone=dirt	ms=0.10	meshes=7
134488.8	DECO	si=344	zone=dirt	ms=0.20	meshes=12
134654.9	DECO	si=345	zone=dirt	ms=0.10	meshes=10
134655.6	SHADER_PROG	count=154	was=155	seg=280	zone=toxic
134822.0	DECO	si=346	zone=dirt	ms=0.20	meshes=16
134988.6	DECO	si=347	zone=dirt	ms=0.10	meshes=10
135155.5	DECO	si=348	zone=dirt	ms=0.20	meshes=13
135322.2	DECO	si=349	zone=dirt	ms=0.20	meshes=8
135488.9	DECO	si=350	zone=dirt	ms=0.10	meshes=12
135655.8	DECO	si=351	zone=dirt	ms=0.20	meshes=6
135823.4	DECO	si=352	zone=dirt	ms=0.20	meshes=11
135990.2	DECO	si=353	zone=dirt	ms=0.10	meshes=13
136157.0	DECO	si=354	zone=dirt	ms=0.10	meshes=9
136323.0	DECO	si=355	zone=dirt	ms=0.20	meshes=10
136489.7	DECO	si=356	zone=dirt	ms=0.10	meshes=8
136656.4	DECO	si=357	zone=dirt	ms=0.10	meshes=9
136823.3	DECO	si=358	zone=dirt	ms=0.10	meshes=2
136991.0	DECO	si=359	zone=dirt	ms=0.20	meshes=4
137157.7	DECO	si=360	zone=dirt	ms=0.20	meshes=14
137323.7	DECO	si=361	zone=dirt	ms=0.10	meshes=9
137491.4	DECO	si=362	zone=dirt	ms=0.10	meshes=8
137657.5	DECO	si=363	zone=dirt	ms=0.10	meshes=6
137825.5	DECO	si=364	zone=trees	ms=1.50	meshes=32
137992.7	DECO	si=365	zone=trees	ms=1.10	meshes=26
138159.0	DECO	si=366	zone=trees	ms=1.30	meshes=26
138325.6	DECO	si=367	zone=trees	ms=1.20	meshes=26
138326.6	SHADER_PROG	count=153	was=154	seg=302	zone=toxic
138492.8	DECO	si=368	zone=trees	ms=1.40	meshes=33
138659.3	DECO	si=369	zone=trees	ms=1.30	meshes=30
138826.8	DECO	si=370	zone=trees	ms=1.20	meshes=30
138827.5	SHADER_PROG	count=152	was=153	seg=305	zone=toxic
138992.6	DECO	si=371	zone=trees	ms=1.00	meshes=25
139160.0	DECO	si=372	zone=trees	ms=1.60	meshes=33
139327.4	DECO	si=373	zone=trees	ms=1.40	meshes=32
139493.1	DECO	si=374	zone=trees	ms=1.20	meshes=27
139660.5	DECO	si=375	zone=trees	ms=1.50	meshes=33
139825.8	ZONE_CHANGE	→ tunnel	si=451	zoneLeft=53
139827.5	DECO	si=376	zone=trees	ms=1.70	meshes=35
139993.3	DECO	si=377	zone=trees	ms=0.90	meshes=25
140160.6	DECO	si=378	zone=trees	ms=1.30	meshes=33
140161.0	SHADER_PROG	count=151	was=152	seg=313	zone=toxic
140327.4	DECO	si=379	zone=trees	ms=1.30	meshes=31
140494.2	DECO	si=380	zone=trees	ms=1.40	meshes=32
140661.5	DECO	si=381	zone=trees	ms=1.50	meshes=35
140828.4	DECO	si=382	zone=trees	ms=1.30	meshes=31
141028.1	DECO	si=383	zone=trees	ms=1.20	meshes=29
141211.7	DECO	si=384	zone=trees	ms=1.40	meshes=32
141411.2	DECO	si=385	zone=trees	ms=1.00	meshes=27
141595.0	DECO	si=386	zone=trees	ms=1.00	meshes=28
141778.8	DECO	si=387	zone=trees	ms=1.30	meshes=30
141978.9	DECO	si=388	zone=trees	ms=1.20	meshes=27
142162.2	DECO	si=389	zone=trees	ms=1.00	meshes=28
142346.4	DECO	si=390	zone=trees	ms=1.50	meshes=33
142546.7	DECO	si=391	zone=trees	ms=1.60	meshes=32
142730.0	DECO	si=392	zone=trees	ms=1.20	meshes=31
142913.1	DECO	si=393	zone=trees	ms=1.20	meshes=28
143113.3	DECO	si=394	zone=trees	ms=1.20	meshes=31
143296.8	DECO	si=395	zone=trees	ms=1.00	meshes=27
143497.0	DECO	si=396	zone=trees	ms=1.70	meshes=35
143681.3	DECO	si=397	zone=trees	ms=1.70	meshes=37
143864.2	DECO	si=398	zone=trees	ms=1.60	meshes=33
143980.9	DECO	si=399	zone=trees	ms=1.20	meshes=33
144081.1	DECO	si=400	zone=trees	ms=1.10	meshes=28
144180.6	DECO	si=401	zone=trees	ms=1.30	meshes=34
148891.5	SHADER_PROG	count=162	was=151	seg=336	zone=dirt
149089.7	DECO	si=402	zone=trees	ms=1.60	meshes=28
150684.2	SHADER_PROG	count=164	was=162	seg=337	zone=dirt
150711.9	SHADER_PROG	count=165	was=164	seg=337	zone=dirt
543.7	ZONE_CHANGE	→ buildings	si=54	zoneLeft=15
543.7	ZONE_CHANGE	→ buildings	si=70	zoneLeft=21
543.7	ZONE_CHANGE	→ buildings	si=92	zoneLeft=36
543.7	ZONE_CHANGE	→ trees	si=129	zoneLeft=33
543.7	ZONE_CHANGE	→ buildings	si=163	zoneLeft=52
553.2	DECO	si=0	zone=trees	ms=2.20	meshes=10
553.8	DECO	si=1	zone=trees	ms=0.60	meshes=10
554.4	DECO	si=2	zone=trees	ms=0.60	meshes=13
554.9	DECO	si=3	zone=trees	ms=0.50	meshes=11
555.4	DECO	si=4	zone=trees	ms=0.50	meshes=9
556.1	DECO	si=5	zone=trees	ms=0.70	meshes=10
556.5	DECO	si=6	zone=trees	ms=0.40	meshes=11
557.0	DECO	si=7	zone=trees	ms=0.50	meshes=10
557.5	DECO	si=8	zone=trees	ms=0.50	meshes=14
558.0	DECO	si=9	zone=trees	ms=0.50	meshes=11
558.4	DECO	si=10	zone=trees	ms=0.40	meshes=11
558.8	DECO	si=11	zone=trees	ms=0.40	meshes=12
559.4	DECO	si=12	zone=trees	ms=0.60	meshes=12
559.7	DECO	si=13	zone=trees	ms=0.30	meshes=10
560.2	DECO	si=14	zone=trees	ms=0.50	meshes=12
560.7	DECO	si=15	zone=trees	ms=0.50	meshes=12
561.2	DECO	si=16	zone=trees	ms=0.50	meshes=12
561.7	DECO	si=17	zone=trees	ms=0.50	meshes=12
562.3	DECO	si=18	zone=trees	ms=0.60	meshes=11
562.9	DECO	si=19	zone=trees	ms=0.60	meshes=10
563.7	DECO	si=20	zone=trees	ms=0.80	meshes=13
564.3	DECO	si=21	zone=trees	ms=0.60	meshes=12
565.1	DECO	si=22	zone=trees	ms=0.80	meshes=12
565.8	DECO	si=23	zone=trees	ms=0.70	meshes=13
566.5	DECO	si=24	zone=trees	ms=0.70	meshes=14
567.3	DECO	si=25	zone=trees	ms=0.80	meshes=14
569.4	DECO	si=26	zone=trees	ms=2.10	meshes=13
569.9	DECO	si=27	zone=trees	ms=0.50	meshes=13
570.4	DECO	si=28	zone=trees	ms=0.50	meshes=13
570.9	DECO	si=29	zone=trees	ms=0.50	meshes=11
571.3	DECO	si=30	zone=trees	ms=0.40	meshes=13
571.8	DECO	si=31	zone=trees	ms=0.50	meshes=13
572.3	DECO	si=32	zone=trees	ms=0.50	meshes=12
572.8	DECO	si=33	zone=trees	ms=0.50	meshes=12
573.4	DECO	si=34	zone=trees	ms=0.60	meshes=10
574.0	DECO	si=35	zone=trees	ms=0.60	meshes=13
574.6	DECO	si=36	zone=trees	ms=0.60	meshes=13
575.3	DECO	si=37	zone=trees	ms=0.70	meshes=13
576.0	DECO	si=38	zone=trees	ms=0.70	meshes=14
576.5	DECO	si=39	zone=trees	ms=0.50	meshes=10
577.1	DECO	si=40	zone=trees	ms=0.60	meshes=13
577.9	DECO	si=41	zone=trees	ms=0.80	meshes=13
578.7	DECO	si=42	zone=trees	ms=0.80	meshes=16
579.5	DECO	si=43	zone=trees	ms=0.80	meshes=16
580.1	DECO	si=44	zone=trees	ms=0.60	meshes=13
580.8	DECO	si=45	zone=trees	ms=0.70	meshes=14
581.5	DECO	si=46	zone=trees	ms=0.70	meshes=14
582.2	DECO	si=47	zone=trees	ms=0.70	meshes=13
584.2	DECO	si=48	zone=trees	ms=2.00	meshes=13
584.8	DECO	si=49	zone=trees	ms=0.60	meshes=15
585.1	DECO	si=50	zone=trees	ms=0.30	meshes=11
585.7	DECO	si=51	zone=trees	ms=0.60	meshes=14
586.2	DECO	si=52	zone=trees	ms=0.50	meshes=13
586.6	DECO	si=53	zone=trees	ms=0.40	meshes=12
590.6	DECO	si=54	zone=buildings	ms=4.00	meshes=7
593.0	DECO	si=55	zone=buildings	ms=2.40	meshes=7
594.7	DECO	si=56	zone=buildings	ms=1.70	meshes=7
596.0	DECO	si=57	zone=buildings	ms=1.30	meshes=7
597.5	DECO	si=58	zone=buildings	ms=1.50	meshes=7
599.9	DECO	si=59	zone=buildings	ms=2.40	meshes=7
601.2	DECO	si=60	zone=buildings	ms=1.30	meshes=7
602.4	DECO	si=61	zone=buildings	ms=1.20	meshes=7
603.8	DECO	si=62	zone=buildings	ms=1.40	meshes=7
605.0	DECO	si=63	zone=buildings	ms=1.20	meshes=7
606.4	DECO	si=64	zone=buildings	ms=1.40	meshes=7
607.5	DECO	si=65	zone=buildings	ms=1.10	meshes=7
608.9	DECO	si=66	zone=buildings	ms=1.40	meshes=7
610.3	DECO	si=67	zone=buildings	ms=1.40	meshes=7
611.8	DECO	si=68	zone=buildings	ms=1.50	meshes=6
613.7	DECO	si=69	zone=buildings	ms=1.90	meshes=5
615.7	DECO	si=70	zone=buildings	ms=2.00	meshes=6
724.6	ZONE_CHANGE	→ tunnel	si=54	zoneLeft=16
724.6	ZONE_CHANGE	→ trees	si=71	zoneLeft=21
724.6	ZONE_CHANGE	→ mountains	si=93	zoneLeft=30
724.6	ZONE_CHANGE	→ mountains	si=124	zoneLeft=43
724.6	ZONE_CHANGE	→ trees	si=168	zoneLeft=45
737.3	DECO	si=0	zone=trees	ms=2.20	meshes=12
738.9	DECO	si=1	zone=trees	ms=1.60	meshes=13
740.3	DECO	si=2	zone=trees	ms=1.40	meshes=12
741.6	DECO	si=3	zone=trees	ms=1.30	meshes=11
742.3	DECO	si=4	zone=trees	ms=0.70	meshes=8
743.6	DECO	si=5	zone=trees	ms=1.30	meshes=12
744.6	DECO	si=6	zone=trees	ms=1.00	meshes=14
745.5	DECO	si=7	zone=trees	ms=0.90	meshes=10
746.3	DECO	si=8	zone=trees	ms=0.80	meshes=10
747.4	DECO	si=9	zone=trees	ms=1.10	meshes=12
748.6	DECO	si=10	zone=trees	ms=1.20	meshes=14
749.7	DECO	si=11	zone=trees	ms=1.10	meshes=14
750.7	DECO	si=12	zone=trees	ms=1.00	meshes=11
751.9	DECO	si=13	zone=trees	ms=1.20	meshes=13
753.2	DECO	si=14	zone=trees	ms=1.30	meshes=14
754.0	DECO	si=15	zone=trees	ms=0.80	meshes=9
754.8	DECO	si=16	zone=trees	ms=0.80	meshes=10
759.0	DECO	si=17	zone=trees	ms=4.10	meshes=11
759.6	DECO	si=18	zone=trees	ms=0.60	meshes=10
760.0	DECO	si=19	zone=trees	ms=0.40	meshes=11
760.5	DECO	si=20	zone=trees	ms=0.50	meshes=13
761.1	DECO	si=21	zone=trees	ms=0.60	meshes=13
761.4	DECO	si=22	zone=trees	ms=0.30	meshes=12
761.9	DECO	si=23	zone=trees	ms=0.50	meshes=11
762.3	DECO	si=24	zone=trees	ms=0.40	meshes=12
762.6	DECO	si=25	zone=trees	ms=0.30	meshes=10
763.1	DECO	si=26	zone=trees	ms=0.50	meshes=12
763.6	DECO	si=27	zone=trees	ms=0.50	meshes=13
764.1	DECO	si=28	zone=trees	ms=0.50	meshes=12
764.5	DECO	si=29	zone=trees	ms=0.40	meshes=10
764.8	DECO	si=30	zone=trees	ms=0.30	meshes=11
765.4	DECO	si=31	zone=trees	ms=0.60	meshes=13
766.5	DECO	si=32	zone=trees	ms=1.10	meshes=14
767.0	DECO	si=33	zone=trees	ms=0.50	meshes=13
767.6	DECO	si=34	zone=trees	ms=0.60	meshes=15
768.0	DECO	si=35	zone=trees	ms=0.40	meshes=12
768.5	DECO	si=36	zone=trees	ms=0.50	meshes=11
769.0	DECO	si=37	zone=trees	ms=0.50	meshes=15
769.6	DECO	si=38	zone=trees	ms=0.60	meshes=13
770.0	DECO	si=39	zone=trees	ms=0.40	meshes=12
770.5	DECO	si=40	zone=trees	ms=0.50	meshes=13
771.8	DECO	si=41	zone=trees	ms=1.30	meshes=13
772.3	DECO	si=42	zone=trees	ms=0.50	meshes=12
772.8	DECO	si=43	zone=trees	ms=0.50	meshes=14
773.2	DECO	si=44	zone=trees	ms=0.40	meshes=11
773.7	DECO	si=45	zone=trees	ms=0.50	meshes=12
774.2	DECO	si=46	zone=trees	ms=0.50	meshes=12
774.8	DECO	si=47	zone=trees	ms=0.60	meshes=15
775.2	DECO	si=48	zone=trees	ms=0.40	meshes=13
775.7	DECO	si=49	zone=trees	ms=0.50	meshes=12
776.2	DECO	si=50	zone=trees	ms=0.50	meshes=13
776.8	DECO	si=51	zone=trees	ms=0.60	meshes=15
778.0	DECO	si=52	zone=trees	ms=1.20	meshes=14
778.4	DECO	si=53	zone=trees	ms=0.40	meshes=11
779.2	DECO	si=54	zone=tunnel	ms=0.80	meshes=27
779.8	DECO	si=55	zone=tunnel	ms=0.50	meshes=27
780.2	DECO	si=56	zone=tunnel	ms=0.40	meshes=27
780.7	DECO	si=57	zone=tunnel	ms=0.50	meshes=27
781.0	DECO	si=58	zone=tunnel	ms=0.30	meshes=27
781.5	DECO	si=59	zone=tunnel	ms=0.50	meshes=27
781.9	DECO	si=60	zone=tunnel	ms=0.40	meshes=27
782.3	DECO	si=61	zone=tunnel	ms=0.40	meshes=27
782.7	DECO	si=62	zone=tunnel	ms=0.40	meshes=27
783.0	DECO	si=63	zone=tunnel	ms=0.30	meshes=27
783.5	DECO	si=64	zone=tunnel	ms=0.50	meshes=27
783.9	DECO	si=65	zone=tunnel	ms=0.40	meshes=27
784.3	DECO	si=66	zone=tunnel	ms=0.40	meshes=27
784.7	DECO	si=67	zone=tunnel	ms=0.40	meshes=27
785.0	DECO	si=68	zone=tunnel	ms=0.30	meshes=27
785.4	DECO	si=69	zone=tunnel	ms=0.40	meshes=27
785.8	DECO	si=70	zone=tunnel	ms=0.40	meshes=27
362.2	ZONE_CHANGE	→ ether	si=54	zoneLeft=16
362.2	ZONE_CHANGE	→ toxic	si=71	zoneLeft=30
362.3	ZONE_CHANGE	→ buildings	si=102	zoneLeft=47
362.3	ZONE_CHANGE	→ buildings	si=150	zoneLeft=47
374.5	DECO	si=0	zone=trees	ms=2.20	meshes=11
375.7	DECO	si=1	zone=trees	ms=1.20	meshes=12
376.4	DECO	si=2	zone=trees	ms=0.70	meshes=11
378.6	DECO	si=3	zone=trees	ms=2.20	meshes=12
379.1	DECO	si=4	zone=trees	ms=0.50	meshes=12
379.9	DECO	si=5	zone=trees	ms=0.70	meshes=13
380.5	DECO	si=6	zone=trees	ms=0.60	meshes=11
381.0	DECO	si=7	zone=trees	ms=0.50	meshes=9
381.6	DECO	si=8	zone=trees	ms=0.60	meshes=10
382.4	DECO	si=9	zone=trees	ms=0.80	meshes=13
383.0	DECO	si=10	zone=trees	ms=0.60	meshes=11
383.5	DECO	si=11	zone=trees	ms=0.50	meshes=11
384.0	DECO	si=12	zone=trees	ms=0.50	meshes=13
384.7	DECO	si=13	zone=trees	ms=0.70	meshes=12
385.6	DECO	si=14	zone=trees	ms=0.90	meshes=14
386.3	DECO	si=15	zone=trees	ms=0.70	meshes=13
386.9	DECO	si=16	zone=trees	ms=0.60	meshes=13
387.5	DECO	si=17	zone=trees	ms=0.60	meshes=10
388.2	DECO	si=18	zone=trees	ms=0.70	meshes=13
388.8	DECO	si=19	zone=trees	ms=0.60	meshes=15
389.4	DECO	si=20	zone=trees	ms=0.60	meshes=11
389.8	DECO	si=21	zone=trees	ms=0.40	meshes=12
390.4	DECO	si=22	zone=trees	ms=0.60	meshes=13
390.9	DECO	si=23	zone=trees	ms=0.50	meshes=11
391.4	DECO	si=24	zone=trees	ms=0.50	meshes=12
391.8	DECO	si=25	zone=trees	ms=0.40	meshes=12
392.2	DECO	si=26	zone=trees	ms=0.40	meshes=11
392.8	DECO	si=27	zone=trees	ms=0.60	meshes=13
393.2	DECO	si=28	zone=trees	ms=0.40	meshes=13
395.3	DECO	si=29	zone=trees	ms=2.10	meshes=15
395.9	DECO	si=30	zone=trees	ms=0.60	meshes=14
396.5	DECO	si=31	zone=trees	ms=0.60	meshes=14
397.1	DECO	si=32	zone=trees	ms=0.60	meshes=12
397.8	DECO	si=33	zone=trees	ms=0.70	meshes=14
398.3	DECO	si=34	zone=trees	ms=0.50	meshes=11
398.8	DECO	si=35	zone=trees	ms=0.50	meshes=11
399.3	DECO	si=36	zone=trees	ms=0.50	meshes=15
399.8	DECO	si=37	zone=trees	ms=0.50	meshes=14
400.5	DECO	si=38	zone=trees	ms=0.70	meshes=13
401.0	DECO	si=39	zone=trees	ms=0.50	meshes=15
401.7	DECO	si=40	zone=trees	ms=0.70	meshes=14
402.4	DECO	si=41	zone=trees	ms=0.70	meshes=15
402.9	DECO	si=42	zone=trees	ms=0.50	meshes=12
403.5	DECO	si=43	zone=trees	ms=0.60	meshes=15
404.1	DECO	si=44	zone=trees	ms=0.60	meshes=14
404.5	DECO	si=45	zone=trees	ms=0.40	meshes=13
405.1	DECO	si=46	zone=trees	ms=0.60	meshes=13
405.7	DECO	si=47	zone=trees	ms=0.60	meshes=14
406.5	DECO	si=48	zone=trees	ms=0.80	meshes=14
407.0	DECO	si=49	zone=trees	ms=0.50	meshes=12
407.6	DECO	si=50	zone=trees	ms=0.60	meshes=12
408.3	DECO	si=51	zone=trees	ms=0.70	meshes=15
410.5	DECO	si=52	zone=trees	ms=2.20	meshes=14
411.4	DECO	si=53	zone=trees	ms=0.90	meshes=15
1468.3	ZONE_CHANGE	→ ether	si=54	zoneLeft=17
1468.3	ZONE_CHANGE	→ toxic	si=72	zoneLeft=42
1468.3	ZONE_CHANGE	→ tunnel	si=115	zoneLeft=53
1468.3	ZONE_CHANGE	→ ether	si=169	zoneLeft=47
1476.9	DECO	si=0	zone=trees	ms=1.70	meshes=13
1477.7	DECO	si=1	zone=trees	ms=0.80	meshes=11
1478.4	DECO	si=2	zone=trees	ms=0.70	meshes=13
1479.1	DECO	si=3	zone=trees	ms=0.70	meshes=9
1479.6	DECO	si=4	zone=trees	ms=0.50	meshes=12
1480.5	DECO	si=5	zone=trees	ms=0.90	meshes=12
1481.1	DECO	si=6	zone=trees	ms=0.60	meshes=11
1481.7	DECO	si=7	zone=trees	ms=0.60	meshes=12
1482.3	DECO	si=8	zone=trees	ms=0.60	meshes=10
1483.6	DECO	si=9	zone=trees	ms=1.30	meshes=12
1484.0	DECO	si=10	zone=trees	ms=0.40	meshes=12
1484.6	DECO	si=11	zone=trees	ms=0.60	meshes=14
1485.1	DECO	si=12	zone=trees	ms=0.50	meshes=12
1485.6	DECO	si=13	zone=trees	ms=0.50	meshes=11
1486.1	DECO	si=14	zone=trees	ms=0.50	meshes=10
1486.7	DECO	si=15	zone=trees	ms=0.60	meshes=12
1487.6	DECO	si=16	zone=trees	ms=0.90	meshes=12
1488.2	DECO	si=17	zone=trees	ms=0.60	meshes=13
1488.6	DECO	si=18	zone=trees	ms=0.40	meshes=9
1489.4	DECO	si=19	zone=trees	ms=0.80	meshes=14
1490.5	DECO	si=20	zone=trees	ms=1.10	meshes=11
1491.1	DECO	si=21	zone=trees	ms=0.60	meshes=12
1491.6	DECO	si=22	zone=trees	ms=0.50	meshes=11
1491.9	DECO	si=23	zone=trees	ms=0.30	meshes=10
1492.4	DECO	si=24	zone=trees	ms=0.50	meshes=13
1492.8	DECO	si=25	zone=trees	ms=0.40	meshes=12
1493.3	DECO	si=26	zone=trees	ms=0.50	meshes=11
1493.7	DECO	si=27	zone=trees	ms=0.40	meshes=12
1494.3	DECO	si=28	zone=trees	ms=0.60	meshes=15
1494.7	DECO	si=29	zone=trees	ms=0.40	meshes=13
1495.2	DECO	si=30	zone=trees	ms=0.50	meshes=11
1495.7	DECO	si=31	zone=trees	ms=0.50	meshes=13
1496.7	DECO	si=32	zone=trees	ms=1.00	meshes=10
1497.2	DECO	si=33	zone=trees	ms=0.50	meshes=14
1497.6	DECO	si=34	zone=trees	ms=0.40	meshes=11
1498.2	DECO	si=35	zone=trees	ms=0.60	meshes=13
1498.5	DECO	si=36	zone=trees	ms=0.30	meshes=10
1498.9	DECO	si=37	zone=trees	ms=0.40	meshes=12
1499.5	DECO	si=38	zone=trees	ms=0.60	meshes=14
1499.8	DECO	si=39	zone=trees	ms=0.30	meshes=11
1500.3	DECO	si=40	zone=trees	ms=0.50	meshes=12
1500.8	DECO	si=41	zone=trees	ms=0.50	meshes=13
1501.2	DECO	si=42	zone=trees	ms=0.40	meshes=12
1501.6	DECO	si=43	zone=trees	ms=0.40	meshes=12
1502.2	DECO	si=44	zone=trees	ms=0.60	meshes=11
1502.8	DECO	si=45	zone=trees	ms=0.60	meshes=12
1503.7	DECO	si=46	zone=trees	ms=0.90	meshes=13
1504.5	DECO	si=47	zone=trees	ms=0.80	meshes=13
1505.0	DECO	si=48	zone=trees	ms=0.50	meshes=11
1505.6	DECO	si=49	zone=trees	ms=0.60	meshes=12
1506.2	DECO	si=50	zone=trees	ms=0.60	meshes=12
1506.9	DECO	si=51	zone=trees	ms=0.70	meshes=13
1507.6	DECO	si=52	zone=trees	ms=0.70	meshes=14
1508.2	DECO	si=53	zone=trees	ms=0.60	meshes=13
790.6	ZONE_CHANGE	→ buildings	si=54	zoneLeft=25
790.6	ZONE_CHANGE	→ toxic	si=80	zoneLeft=17
790.6	ZONE_CHANGE	→ buildings	si=98	zoneLeft=29
790.6	ZONE_CHANGE	→ buildings	si=128	zoneLeft=36
790.7	ZONE_CHANGE	→ buildings	si=165	zoneLeft=45
806.8	DECO	si=0	zone=trees	ms=2.20	meshes=12
808.3	DECO	si=1	zone=trees	ms=1.50	meshes=12
809.5	DECO	si=2	zone=trees	ms=1.20	meshes=12
810.9	DECO	si=3	zone=trees	ms=1.40	meshes=13
812.2	DECO	si=4	zone=trees	ms=1.30	meshes=13
816.8	DECO	si=5	zone=trees	ms=4.60	meshes=10
817.6	DECO	si=6	zone=trees	ms=0.80	meshes=14
818.1	DECO	si=7	zone=trees	ms=0.50	meshes=12
818.5	DECO	si=8	zone=trees	ms=0.40	meshes=10
818.8	DECO	si=9	zone=trees	ms=0.30	meshes=9
819.3	DECO	si=10	zone=trees	ms=0.50	meshes=12
819.8	DECO	si=11	zone=trees	ms=0.50	meshes=10
820.3	DECO	si=12	zone=trees	ms=0.50	meshes=10
820.6	DECO	si=13	zone=trees	ms=0.30	meshes=11
821.1	DECO	si=14	zone=trees	ms=0.50	meshes=13
821.5	DECO	si=15	zone=trees	ms=0.40	meshes=11
821.8	DECO	si=16	zone=trees	ms=0.30	meshes=10
822.4	DECO	si=17	zone=trees	ms=0.60	meshes=13
822.9	DECO	si=18	zone=trees	ms=0.50	meshes=13
823.4	DECO	si=19	zone=trees	ms=0.50	meshes=13
823.6	DECO	si=20	zone=trees	ms=0.20	meshes=9
824.2	DECO	si=21	zone=trees	ms=0.60	meshes=13
824.6	DECO	si=22	zone=trees	ms=0.40	meshes=13
825.1	DECO	si=23	zone=trees	ms=0.50	meshes=12
825.5	DECO	si=24	zone=trees	ms=0.40	meshes=12
825.9	DECO	si=25	zone=trees	ms=0.40	meshes=13
826.3	DECO	si=26	zone=trees	ms=0.40	meshes=14
826.7	DECO	si=27	zone=trees	ms=0.40	meshes=11
827.2	DECO	si=28	zone=trees	ms=0.50	meshes=12
827.6	DECO	si=29	zone=trees	ms=0.40	meshes=11
828.1	DECO	si=30	zone=trees	ms=0.50	meshes=12
828.6	DECO	si=31	zone=trees	ms=0.50	meshes=13
829.0	DECO	si=32	zone=trees	ms=0.40	meshes=12
829.3	DECO	si=33	zone=trees	ms=0.30	meshes=12
829.9	DECO	si=34	zone=trees	ms=0.50	meshes=14
830.4	DECO	si=35	zone=trees	ms=0.50	meshes=15
830.9	DECO	si=36	zone=trees	ms=0.50	meshes=12
831.3	DECO	si=37	zone=trees	ms=0.40	meshes=12
831.6	DECO	si=38	zone=trees	ms=0.30	meshes=12
832.1	DECO	si=39	zone=trees	ms=0.50	meshes=10
833.3	DECO	si=40	zone=trees	ms=1.20	meshes=12
833.7	DECO	si=41	zone=trees	ms=0.40	meshes=11
834.2	DECO	si=42	zone=trees	ms=0.50	meshes=13
834.7	DECO	si=43	zone=trees	ms=0.50	meshes=14
835.1	DECO	si=44	zone=trees	ms=0.40	meshes=15
835.7	DECO	si=45	zone=trees	ms=0.60	meshes=16
836.2	DECO	si=46	zone=trees	ms=0.50	meshes=15
836.8	DECO	si=47	zone=trees	ms=0.60	meshes=15
837.2	DECO	si=48	zone=trees	ms=0.40	meshes=14
837.6	DECO	si=49	zone=trees	ms=0.40	meshes=13
838.2	DECO	si=50	zone=trees	ms=0.50	meshes=14
838.6	DECO	si=51	zone=trees	ms=0.40	meshes=14
839.2	DECO	si=52	zone=trees	ms=0.60	meshes=14
839.7	DECO	si=53	zone=trees	ms=0.50	meshes=13
842.8	DECO	si=54	zone=buildings	ms=3.10	meshes=7
844.1	DECO	si=55	zone=buildings	ms=1.30	meshes=7
846.8	DECO	si=56	zone=buildings	ms=2.70	meshes=7
848.1	DECO	si=57	zone=buildings	ms=1.30	meshes=7
849.5	DECO	si=58	zone=buildings	ms=1.40	meshes=7
851.4	DECO	si=59	zone=buildings	ms=1.90	meshes=7
853.1	DECO	si=60	zone=buildings	ms=1.70	meshes=7
854.4	DECO	si=61	zone=buildings	ms=1.30	meshes=7
855.8	DECO	si=62	zone=buildings	ms=1.40	meshes=7
857.1	DECO	si=63	zone=buildings	ms=1.30	meshes=7
858.5	DECO	si=64	zone=buildings	ms=1.40	meshes=7
859.4	DECO	si=65	zone=buildings	ms=0.90	meshes=7
860.7	DECO	si=66	zone=buildings	ms=1.30	meshes=7
861.7	DECO	si=67	zone=buildings	ms=1.00	meshes=6
862.8	DECO	si=68	zone=buildings	ms=1.10	meshes=7
865.1	DECO	si=69	zone=buildings	ms=2.30	meshes=7
866.4	DECO	si=70	zone=buildings	ms=1.30	meshes=7
1839.0	ZONE_CHANGE	→ buildings	si=54	zoneLeft=18
1839.1	ZONE_CHANGE	→ mountains	si=73	zoneLeft=42
1839.2	ZONE_CHANGE	→ toxic	si=116	zoneLeft=19
1839.2	ZONE_CHANGE	→ mountains	si=136	zoneLeft=18
1839.2	ZONE_CHANGE	→ buildings	si=155	zoneLeft=26
1839.2	ZONE_CHANGE	→ toxic	si=182	zoneLeft=15
1851.9	DECO	si=0	zone=trees	ms=1.70	meshes=10
1853.3	DECO	si=1	zone=trees	ms=1.40	meshes=10
1854.5	DECO	si=2	zone=trees	ms=1.20	meshes=11
1855.8	DECO	si=3	zone=trees	ms=1.30	meshes=11
1857.5	DECO	si=4	zone=trees	ms=1.70	meshes=11
1859.0	DECO	si=5	zone=trees	ms=1.50	meshes=13
1860.1	DECO	si=6	zone=trees	ms=1.10	meshes=11
1860.9	DECO	si=7	zone=trees	ms=0.80	meshes=10
1862.1	DECO	si=8	zone=trees	ms=1.20	meshes=12
1862.9	DECO	si=9	zone=trees	ms=0.80	meshes=9
1863.8	DECO	si=10	zone=trees	ms=0.90	meshes=12
1864.7	DECO	si=11	zone=trees	ms=0.90	meshes=11
1866.1	DECO	si=12	zone=trees	ms=1.40	meshes=14
1867.3	DECO	si=13	zone=trees	ms=1.20	meshes=12
1868.5	DECO	si=14	zone=trees	ms=1.20	meshes=12
1869.5	DECO	si=15	zone=trees	ms=1.00	meshes=13
1875.2	DECO	si=16	zone=trees	ms=5.70	meshes=11
1875.9	DECO	si=17	zone=trees	ms=0.60	meshes=12
1876.5	DECO	si=18	zone=trees	ms=0.60	meshes=14
1877.0	DECO	si=19	zone=trees	ms=0.50	meshes=12
1877.5	DECO	si=20	zone=trees	ms=0.50	meshes=12
1878.0	DECO	si=21	zone=trees	ms=0.50	meshes=12
1878.2	DECO	si=22	zone=trees	ms=0.20	meshes=11
1878.6	DECO	si=23	zone=trees	ms=0.40	meshes=12
1879.2	DECO	si=24	zone=trees	ms=0.60	meshes=15
1879.7	DECO	si=25	zone=trees	ms=0.50	meshes=11
1880.2	DECO	si=26	zone=trees	ms=0.50	meshes=14
1880.7	DECO	si=27	zone=trees	ms=0.50	meshes=13
1881.2	DECO	si=28	zone=trees	ms=0.50	meshes=11
1881.7	DECO	si=29	zone=trees	ms=0.50	meshes=13
1882.9	DECO	si=30	zone=trees	ms=1.20	meshes=14
1883.5	DECO	si=31	zone=trees	ms=0.60	meshes=15
1884.1	DECO	si=32	zone=trees	ms=0.60	meshes=15
1884.5	DECO	si=33	zone=trees	ms=0.40	meshes=13
1885.0	DECO	si=34	zone=trees	ms=0.50	meshes=12
1885.5	DECO	si=35	zone=trees	ms=0.50	meshes=12
1885.9	DECO	si=36	zone=trees	ms=0.40	meshes=13
1886.5	DECO	si=37	zone=trees	ms=0.60	meshes=15
1886.9	DECO	si=38	zone=trees	ms=0.40	meshes=13
1888.2	DECO	si=39	zone=trees	ms=1.30	meshes=12
1888.6	DECO	si=40	zone=trees	ms=0.40	meshes=12
1889.2	DECO	si=41	zone=trees	ms=0.60	meshes=13
1889.6	DECO	si=42	zone=trees	ms=0.40	meshes=10
1890.1	DECO	si=43	zone=trees	ms=0.50	meshes=11
1890.4	DECO	si=44	zone=trees	ms=0.30	meshes=12
1891.2	DECO	si=45	zone=trees	ms=0.80	meshes=15
1891.7	DECO	si=46	zone=trees	ms=0.50	meshes=14
1892.2	DECO	si=47	zone=trees	ms=0.50	meshes=13
1892.9	DECO	si=48	zone=trees	ms=0.70	meshes=16
1894.1	DECO	si=49	zone=trees	ms=1.20	meshes=13
1894.6	DECO	si=50	zone=trees	ms=0.50	meshes=12
1895.1	DECO	si=51	zone=trees	ms=0.50	meshes=13
1895.7	DECO	si=52	zone=trees	ms=0.50	meshes=14
1896.2	DECO	si=53	zone=trees	ms=0.50	meshes=14
1899.6	DECO	si=54	zone=buildings	ms=3.40	meshes=7
1900.9	DECO	si=55	zone=buildings	ms=1.30	meshes=7
1902.9	DECO	si=56	zone=buildings	ms=2.00	meshes=7
1904.3	DECO	si=57	zone=buildings	ms=1.40	meshes=6
1905.8	DECO	si=58	zone=buildings	ms=1.50	meshes=7
1907.3	DECO	si=59	zone=buildings	ms=1.50	meshes=7
1908.3	DECO	si=60	zone=buildings	ms=1.00	meshes=7
1911.3	DECO	si=61	zone=buildings	ms=3.00	meshes=7
1912.4	DECO	si=62	zone=buildings	ms=1.10	meshes=7
1913.7	DECO	si=63	zone=buildings	ms=1.30	meshes=7
1914.8	DECO	si=64	zone=buildings	ms=1.10	meshes=7
1916.6	DECO	si=65	zone=buildings	ms=1.80	meshes=7
1918.2	DECO	si=66	zone=buildings	ms=1.60	meshes=7
1920.0	DECO	si=67	zone=buildings	ms=1.80	meshes=7
1921.2	DECO	si=68	zone=buildings	ms=1.20	meshes=7
1923.3	DECO	si=69	zone=buildings	ms=2.10	meshes=7
1925.0	DECO	si=70	zone=buildings	ms=1.70	meshes=6
2938.7	SHADER_PROG	count=30	was=0	seg=2	zone=trees
14523.9	SHADER_PROG	count=31	was=30	seg=5	zone=trees
14552.0	DECO	si=71	zone=buildings	ms=2.10	meshes=7
14717.5	DECO	si=72	zone=buildings	ms=1.70	meshes=6
14888.6	DECO	si=73	zone=mountains	ms=5.10	meshes=14
15049.9	DECO	si=74	zone=mountains	ms=0.60	meshes=10
15217.8	DECO	si=75	zone=mountains	ms=0.60	meshes=10
15717.6	DECO	si=76	zone=mountains	ms=0.70	meshes=18
15925.2	DECO	si=77	zone=mountains	ms=0.80	meshes=18
16084.7	DECO	si=78	zone=mountains	ms=1.20	meshes=18
16472.3	DECO	si=79	zone=mountains	ms=0.60	meshes=14
16634.6	DECO	si=80	zone=mountains	ms=0.60	meshes=18
16802.3	DECO	si=81	zone=mountains	ms=0.70	meshes=18
16968.6	DECO	si=82	zone=mountains	ms=0.60	meshes=18
17134.9	DECO	si=83	zone=mountains	ms=0.40	meshes=10
17301.8	DECO	si=84	zone=mountains	ms=0.40	meshes=10
17702.8	DECO	si=85	zone=mountains	ms=0.40	meshes=10
17869.5	DECO	si=86	zone=mountains	ms=0.50	meshes=10
18036.6	DECO	si=87	zone=mountains	ms=0.60	meshes=18
18114.9	SHADER_PROG	count=32	was=31	seg=22	zone=trees
18293.3	DECO	si=88	zone=mountains	ms=0.50	meshes=14
18453.4	DECO	si=89	zone=mountains	ms=0.50	meshes=18
18620.2	DECO	si=90	zone=mountains	ms=0.40	meshes=14
18786.9	DECO	si=91	zone=mountains	ms=0.50	meshes=10
18953.0	DECO	si=92	zone=mountains	ms=0.30	meshes=10
19122.2	DECO	si=93	zone=mountains	ms=2.80	meshes=10
19286.8	DECO	si=94	zone=mountains	ms=0.70	meshes=18
19453.7	DECO	si=95	zone=mountains	ms=0.50	meshes=14
19620.2	DECO	si=96	zone=mountains	ms=0.40	meshes=10
19786.7	DECO	si=97	zone=mountains	ms=0.20	meshes=10
19953.8	DECO	si=98	zone=mountains	ms=0.40	meshes=14
20120.7	DECO	si=99	zone=mountains	ms=0.50	meshes=18
20288.1	DECO	si=100	zone=mountains	ms=0.50	meshes=14
20454.5	DECO	si=101	zone=mountains	ms=0.40	meshes=14
20621.4	DECO	si=102	zone=mountains	ms=0.50	meshes=18
20787.9	DECO	si=103	zone=mountains	ms=0.50	meshes=10
20955.4	DECO	si=104	zone=mountains	ms=0.60	meshes=18
21121.5	DECO	si=105	zone=mountains	ms=0.40	meshes=10
21288.5	DECO	si=106	zone=mountains	ms=0.50	meshes=14
21455.1	DECO	si=107	zone=mountains	ms=0.30	meshes=10
21622.3	DECO	si=108	zone=mountains	ms=0.30	meshes=10
21788.7	DECO	si=109	zone=mountains	ms=0.40	meshes=10
21955.5	DECO	si=110	zone=mountains	ms=0.60	meshes=14
22122.5	DECO	si=111	zone=mountains	ms=0.70	meshes=18
22289.4	DECO	si=112	zone=mountains	ms=0.40	meshes=10
22458.9	DECO	si=113	zone=mountains	ms=2.60	meshes=10
22622.7	DECO	si=114	zone=mountains	ms=0.60	meshes=14
22790.1	DECO	si=115	zone=mountains	ms=0.60	meshes=18
28328.9	SHADER_PROG	count=48	was=32	seg=51	zone=trees
28488.8	DECO	si=117	zone=toxic	ms=0.50	meshes=2
28643.9	DECO	si=118	zone=toxic	ms=0.00	meshes=2
28810.7	DECO	si=119	zone=toxic	ms=0.10	meshes=2
28978.2	DECO	si=120	zone=toxic	ms=0.20	meshes=2
29144.3	DECO	si=121	zone=toxic	ms=0.20	meshes=2
29311.2	DECO	si=122	zone=toxic	ms=0.10	meshes=2
29477.9	ZONE_CHANGE	→ dirt	si=198	zoneLeft=40
29478.2	DECO	si=123	zone=toxic	ms=0.30	meshes=2
29645.3	DECO	si=124	zone=toxic	ms=0.10	meshes=2
29811.5	DECO	si=125	zone=toxic	ms=0.20	meshes=2
29978.7	DECO	si=126	zone=toxic	ms=0.30	meshes=2
30145.6	DECO	si=127	zone=toxic	ms=0.10	meshes=2
30312.0	DECO	si=128	zone=toxic	ms=0.10	meshes=2
30482.1	DECO	si=129	zone=toxic	ms=0.10	meshes=2
30646.3	DECO	si=130	zone=toxic	ms=0.10	meshes=2
30812.5	DECO	si=131	zone=toxic	ms=0.10	meshes=2
30979.6	DECO	si=132	zone=toxic	ms=0.40	meshes=2
31145.9	DECO	si=133	zone=toxic	ms=0.10	meshes=2
31313.4	DECO	si=134	zone=toxic	ms=0.10	meshes=2
31480.3	DECO	si=135	zone=toxic	ms=0.40	meshes=2
31480.9	SHADER_PROG	count=49	was=48	seg=70	zone=buildings
31648.9	DECO	si=136	zone=mountains	ms=2.80	meshes=14
31814.3	DECO	si=137	zone=mountains	ms=1.10	meshes=10
31980.3	DECO	si=138	zone=mountains	ms=0.60	meshes=18
32147.5	DECO	si=139	zone=mountains	ms=0.80	meshes=10
32314.7	DECO	si=140	zone=mountains	ms=0.90	meshes=10
32381.8	SHADER_PROG	count=50	was=49	seg=75	zone=mountains
32482.0	DECO	si=141	zone=mountains	ms=0.90	meshes=10
32649.6	DECO	si=142	zone=mountains	ms=1.50	meshes=18
32815.4	DECO	si=143	zone=mountains	ms=1.00	meshes=14
32982.6	DECO	si=144	zone=mountains	ms=1.50	meshes=18
33149.7	DECO	si=145	zone=mountains	ms=1.70	meshes=18
33316.6	DECO	si=146	zone=mountains	ms=1.60	meshes=18
33482.4	DECO	si=147	zone=mountains	ms=1.00	meshes=14
33649.0	DECO	si=148	zone=mountains	ms=1.00	meshes=18
33816.2	DECO	si=149	zone=mountains	ms=1.00	meshes=10
33983.6	DECO	si=150	zone=mountains	ms=1.50	meshes=18
34149.6	DECO	si=151	zone=mountains	ms=1.00	meshes=10
34316.4	DECO	si=152	zone=mountains	ms=0.80	meshes=10
34484.3	DECO	si=153	zone=mountains	ms=1.40	meshes=14
34650.7	DECO	si=154	zone=mountains	ms=1.50	meshes=18
34820.6	DECO	si=155	zone=buildings	ms=4.40	meshes=7
34986.7	DECO	si=156	zone=buildings	ms=4.10	meshes=6
35155.4	DECO	si=157	zone=buildings	ms=6.10	meshes=7
35321.6	DECO	si=158	zone=buildings	ms=5.40	meshes=7
35438.6	SHADER_PROG	count=51	was=50	seg=93	zone=mountains
35486.6	DECO	si=159	zone=buildings	ms=3.80	meshes=7
35654.1	DECO	si=160	zone=buildings	ms=3.40	meshes=7
35820.5	DECO	si=161	zone=buildings	ms=3.60	meshes=6
35987.3	DECO	si=162	zone=buildings	ms=3.70	meshes=7
36154.5	DECO	si=163	zone=buildings	ms=4.00	meshes=6
36316.7	ZONE_CHANGE	→ buildings	si=239	zoneLeft=35
36320.8	DECO	si=164	zone=buildings	ms=3.80	meshes=7
36322.7	SHADER_PROG	count=50	was=51	seg=99	zone=mountains
36487.8	DECO	si=165	zone=buildings	ms=3.80	meshes=7
36653.0	DECO	si=166	zone=buildings	ms=2.30	meshes=6
36821.8	DECO	si=167	zone=buildings	ms=4.00	meshes=7
36987.2	DECO	si=168	zone=buildings	ms=3.00	meshes=7
37155.4	DECO	si=169	zone=buildings	ms=4.70	meshes=6
37322.0	DECO	si=170	zone=buildings	ms=3.60	meshes=7
37489.8	DECO	si=171	zone=buildings	ms=4.80	meshes=7
37655.1	DECO	si=172	zone=buildings	ms=4.00	meshes=7
37820.0	DECO	si=173	zone=buildings	ms=2.00	meshes=7
37989.3	DECO	si=174	zone=buildings	ms=4.00	meshes=7
38157.6	DECO	si=175	zone=buildings	ms=5.30	meshes=7
38324.1	DECO	si=176	zone=buildings	ms=5.10	meshes=7
38488.4	DECO	si=177	zone=intersection	ms=2.80	meshes=37
38657.4	DECO	si=178	zone=buildings	ms=4.80	meshes=7
38822.4	DECO	si=179	zone=buildings	ms=3.50	meshes=7
38989.8	DECO	si=180	zone=buildings	ms=3.70	meshes=7
39157.4	DECO	si=181	zone=buildings	ms=4.50	meshes=7
44796.8	SHADER_PROG	count=64	was=50	seg=117	zone=toxic
44851.6	SHADER_PROG	count=65	was=64	seg=117	zone=toxic
44961.7	DECO	si=183	zone=toxic	ms=0.30	meshes=2
45575.5	SHADER_PROG	count=66	was=65	seg=118	zone=toxic
45691.4	DECO	si=184	zone=toxic	ms=0.10	meshes=2
45857.9	DECO	si=185	zone=toxic	ms=0.20	meshes=2
46025.0	DECO	si=186	zone=toxic	ms=0.60	meshes=2
46191.4	DECO	si=187	zone=toxic	ms=0.10	meshes=2
46358.1	DECO	si=188	zone=toxic	ms=0.10	meshes=2
46525.3	DECO	si=189	zone=toxic	ms=0.30	meshes=2
46526.0	SHADER_PROG	count=67	was=66	seg=124	zone=toxic
46691.6	DECO	si=190	zone=toxic	ms=0.10	meshes=2
46858.6	DECO	si=191	zone=toxic	ms=0.20	meshes=2
47025.7	DECO	si=192	zone=toxic	ms=0.20	meshes=2
47192.2	DECO	si=193	zone=toxic	ms=0.20	meshes=2
47359.7	DECO	si=194	zone=toxic	ms=0.30	meshes=2
47526.1	DECO	si=195	zone=toxic	ms=0.20	meshes=2
47692.5	DECO	si=196	zone=toxic	ms=0.10	meshes=2
47859.6	DECO	si=197	zone=toxic	ms=0.20	meshes=2
48026.2	DECO	si=198	zone=dirt	ms=0.30	meshes=6
48193.2	DECO	si=199	zone=dirt	ms=0.40	meshes=15
48359.5	ZONE_CHANGE	→ buildings	si=275	zoneLeft=35
48359.6	DECO	si=200	zone=dirt	ms=0.10	meshes=6
48526.5	DECO	si=201	zone=dirt	ms=0.20	meshes=11
48527.0	SHADER_PROG	count=68	was=67	seg=136	zone=mountains
48693.3	DECO	si=202	zone=dirt	ms=0.10	meshes=2
48860.3	DECO	si=203	zone=dirt	ms=0.30	meshes=12
49027.3	DECO	si=204	zone=dirt	ms=0.30	meshes=14
49210.4	DECO	si=205	zone=dirt	ms=0.10	meshes=7
51012.6	SHADER_PROG	count=67	was=68	seg=140	zone=mountains
54181.1	SHADER_PROG	count=68	was=67	seg=140	zone=mountains
1265.5	ZONE_CHANGE	→ toxic	si=50	zoneLeft=46
1265.6	ZONE_CHANGE	→ buildings	si=97	zoneLeft=42
1265.6	ZONE_CHANGE	→ buildings	si=140	zoneLeft=31
1265.6	ZONE_CHANGE	→ trees	si=172	zoneLeft=29
1280.4	DECO	si=0	zone=trees	ms=2.50	meshes=13
1281.9	DECO	si=1	zone=trees	ms=1.50	meshes=11
1282.9	DECO	si=2	zone=trees	ms=1.00	meshes=9
1284.1	DECO	si=3	zone=trees	ms=1.20	meshes=10
1285.4	DECO	si=4	zone=trees	ms=1.30	meshes=13
1287.0	DECO	si=5	zone=trees	ms=1.60	meshes=14
1288.1	DECO	si=6	zone=trees	ms=1.10	meshes=11
1288.8	DECO	si=7	zone=trees	ms=0.70	meshes=9
1290.0	DECO	si=8	zone=trees	ms=1.20	meshes=12
1290.8	DECO	si=9	zone=trees	ms=0.80	meshes=11
1291.8	DECO	si=10	zone=trees	ms=1.00	meshes=11
1292.8	DECO	si=11	zone=trees	ms=1.00	meshes=11
1293.8	DECO	si=12	zone=trees	ms=1.00	meshes=13
1295.0	DECO	si=13	zone=trees	ms=1.20	meshes=14
1315.6	DECO	si=14	zone=trees	ms=20.60	meshes=11
1316.3	DECO	si=15	zone=trees	ms=0.70	meshes=11
1316.9	DECO	si=16	zone=trees	ms=0.60	meshes=11
1317.4	DECO	si=17	zone=trees	ms=0.50	meshes=10
1317.8	DECO	si=18	zone=trees	ms=0.40	meshes=12
1318.4	DECO	si=19	zone=trees	ms=0.60	meshes=13
1319.0	DECO	si=20	zone=trees	ms=0.60	meshes=15
1319.4	DECO	si=21	zone=trees	ms=0.40	meshes=11
1319.9	DECO	si=22	zone=trees	ms=0.50	meshes=12
1320.2	DECO	si=23	zone=trees	ms=0.30	meshes=11
1320.7	DECO	si=24	zone=trees	ms=0.50	meshes=12
1321.3	DECO	si=25	zone=trees	ms=0.60	meshes=14
1321.8	DECO	si=26	zone=trees	ms=0.50	meshes=12
1322.4	DECO	si=27	zone=trees	ms=0.60	meshes=13
1322.8	DECO	si=28	zone=trees	ms=0.40	meshes=10
1323.4	DECO	si=29	zone=trees	ms=0.60	meshes=13
1324.0	DECO	si=30	zone=trees	ms=0.60	meshes=12
1324.5	DECO	si=31	zone=trees	ms=0.50	meshes=11
1325.1	DECO	si=32	zone=trees	ms=0.60	meshes=12
1325.6	DECO	si=33	zone=trees	ms=0.50	meshes=14
1326.0	DECO	si=34	zone=trees	ms=0.40	meshes=10
1326.6	DECO	si=35	zone=trees	ms=0.60	meshes=13
1327.0	DECO	si=36	zone=trees	ms=0.40	meshes=10
1327.5	DECO	si=37	zone=trees	ms=0.50	meshes=12
1328.0	DECO	si=38	zone=trees	ms=0.50	meshes=14
1328.6	DECO	si=39	zone=trees	ms=0.60	meshes=13
1329.1	DECO	si=40	zone=trees	ms=0.50	meshes=12
1329.5	DECO	si=41	zone=trees	ms=0.40	meshes=11
1330.0	DECO	si=42	zone=trees	ms=0.50	meshes=12
1330.7	DECO	si=43	zone=trees	ms=0.70	meshes=12
1331.3	DECO	si=44	zone=trees	ms=0.60	meshes=12
1331.9	DECO	si=45	zone=trees	ms=0.60	meshes=12
1332.3	DECO	si=46	zone=trees	ms=0.40	meshes=12
1332.8	DECO	si=47	zone=trees	ms=0.50	meshes=12
1333.3	DECO	si=48	zone=trees	ms=0.50	meshes=12
1333.7	DECO	si=49	zone=trees	ms=0.40	meshes=12
436.3	ZONE_CHANGE	→ trees	si=50	zoneLeft=32
436.4	ZONE_CHANGE	→ buildings	si=83	zoneLeft=48
436.5	ZONE_CHANGE	→ buildings	si=132	zoneLeft=42
436.5	ZONE_CHANGE	→ tunnel	si=175	zoneLeft=39
451.3	DECO	si=0	zone=trees	ms=2.10	meshes=12
452.5	DECO	si=1	zone=trees	ms=1.20	meshes=11
453.4	DECO	si=2	zone=trees	ms=0.90	meshes=9
454.4	DECO	si=3	zone=trees	ms=1.00	meshes=10
455.7	DECO	si=4	zone=trees	ms=1.30	meshes=11
456.6	DECO	si=5	zone=trees	ms=0.90	meshes=11
457.7	DECO	si=6	zone=trees	ms=1.10	meshes=11
458.8	DECO	si=7	zone=trees	ms=1.10	meshes=13
459.8	DECO	si=8	zone=trees	ms=1.00	meshes=13
460.9	DECO	si=9	zone=trees	ms=1.10	meshes=11
461.8	DECO	si=10	zone=trees	ms=0.90	meshes=12
462.5	DECO	si=11	zone=trees	ms=0.70	meshes=8
463.7	DECO	si=12	zone=trees	ms=1.20	meshes=11
465.2	DECO	si=13	zone=trees	ms=1.50	meshes=14
465.8	DECO	si=14	zone=trees	ms=0.60	meshes=8
466.6	DECO	si=15	zone=trees	ms=0.80	meshes=11
474.6	DECO	si=16	zone=trees	ms=8.00	meshes=9
475.1	DECO	si=17	zone=trees	ms=0.50	meshes=11
475.6	DECO	si=18	zone=trees	ms=0.50	meshes=11
476.1	DECO	si=19	zone=trees	ms=0.50	meshes=12
476.5	DECO	si=20	zone=trees	ms=0.40	meshes=12
477.0	DECO	si=21	zone=trees	ms=0.50	meshes=14
477.5	DECO	si=22	zone=trees	ms=0.50	meshes=12
477.8	DECO	si=23	zone=trees	ms=0.30	meshes=11
478.3	DECO	si=24	zone=trees	ms=0.50	meshes=12
478.8	DECO	si=25	zone=trees	ms=0.50	meshes=13
479.2	DECO	si=26	zone=trees	ms=0.40	meshes=12
479.5	DECO	si=27	zone=trees	ms=0.30	meshes=10
480.0	DECO	si=28	zone=trees	ms=0.50	meshes=15
480.5	DECO	si=29	zone=trees	ms=0.50	meshes=14
481.1	DECO	si=30	zone=trees	ms=0.60	meshes=15
481.6	DECO	si=31	zone=trees	ms=0.50	meshes=14
482.1	DECO	si=32	zone=trees	ms=0.50	meshes=13
482.5	DECO	si=33	zone=trees	ms=0.40	meshes=12
483.0	DECO	si=34	zone=trees	ms=0.40	meshes=12
483.6	DECO	si=35	zone=trees	ms=0.60	meshes=16
484.1	DECO	si=36	zone=trees	ms=0.50	meshes=14
484.7	DECO	si=37	zone=trees	ms=0.60	meshes=13
485.2	DECO	si=38	zone=trees	ms=0.50	meshes=14
485.6	DECO	si=39	zone=trees	ms=0.40	meshes=12
486.0	DECO	si=40	zone=trees	ms=0.40	meshes=11
486.5	DECO	si=41	zone=trees	ms=0.50	meshes=14
487.0	DECO	si=42	zone=trees	ms=0.50	meshes=14
487.4	DECO	si=43	zone=trees	ms=0.40	meshes=12
488.1	DECO	si=44	zone=trees	ms=0.70	meshes=16
488.6	DECO	si=45	zone=trees	ms=0.50	meshes=15
489.0	DECO	si=46	zone=trees	ms=0.40	meshes=10
489.6	DECO	si=47	zone=trees	ms=0.60	meshes=16
490.1	DECO	si=48	zone=trees	ms=0.50	meshes=14
490.6	DECO	si=49	zone=trees	ms=0.50	meshes=13
491.1	DECO	si=50	zone=trees	ms=0.50	meshes=12
491.7	DECO	si=51	zone=trees	ms=0.60	meshes=14
492.1	DECO	si=52	zone=trees	ms=0.40	meshes=14
492.5	DECO	si=53	zone=trees	ms=0.40	meshes=11
492.9	DECO	si=54	zone=trees	ms=0.40	meshes=12
493.4	DECO	si=55	zone=trees	ms=0.50	meshes=13
493.9	DECO	si=56	zone=trees	ms=0.50	meshes=13
494.8	DECO	si=57	zone=trees	ms=0.90	meshes=16
495.4	DECO	si=58	zone=trees	ms=0.60	meshes=15
496.0	DECO	si=59	zone=trees	ms=0.60	meshes=12
496.8	DECO	si=60	zone=trees	ms=0.80	meshes=12
497.3	DECO	si=61	zone=trees	ms=0.50	meshes=11
498.0	DECO	si=62	zone=trees	ms=0.70	meshes=14
498.7	DECO	si=63	zone=trees	ms=0.70	meshes=13
499.5	DECO	si=64	zone=trees	ms=0.80	meshes=13
500.1	DECO	si=65	zone=trees	ms=0.60	meshes=14
501.0	DECO	si=66	zone=trees	ms=0.90	meshes=15
501.5	DECO	si=67	zone=trees	ms=0.50	meshes=12
502.1	DECO	si=68	zone=trees	ms=0.60	meshes=14
502.8	DECO	si=69	zone=trees	ms=0.70	meshes=12
503.5	DECO	si=70	zone=trees	ms=0.70	meshes=15
1418.6	SHADER_PROG	count=24	was=0	seg=2	zone=trees
12012.7	DECO	si=71	zone=trees	ms=1.20	meshes=17
12130.3	DECO	si=72	zone=trees	ms=0.70	meshes=16
12262.7	DECO	si=73	zone=trees	ms=0.70	meshes=16
12395.8	DECO	si=74	zone=trees	ms=0.80	meshes=15
12530.2	SHADER_PROG	count=25	was=24	seg=9	zone=trees
12575.5	DECO	si=75	zone=trees	ms=0.60	meshes=16
12741.8	DECO	si=76	zone=trees	ms=0.60	meshes=12
12925.4	DECO	si=77	zone=trees	ms=0.70	meshes=16
13092.7	DECO	si=78	zone=trees	ms=0.50	meshes=13
13259.0	DECO	si=79	zone=trees	ms=0.70	meshes=18
13426.0	DECO	si=80	zone=trees	ms=0.80	meshes=18
13593.2	DECO	si=81	zone=trees	ms=1.10	meshes=16
13760.3	DECO	si=82	zone=trees	ms=0.80	meshes=14
13928.6	DECO	si=83	zone=buildings	ms=3.20	meshes=7
14102.5	DECO	si=84	zone=buildings	ms=3.20	meshes=7
14261.7	DECO	si=85	zone=buildings	ms=2.60	meshes=7
14428.9	DECO	si=86	zone=buildings	ms=2.40	meshes=7
14595.0	DECO	si=87	zone=buildings	ms=1.50	meshes=7
14761.5	DECO	si=88	zone=buildings	ms=1.60	meshes=7
14928.8	DECO	si=89	zone=buildings	ms=2.10	meshes=7
15094.9	DECO	si=90	zone=buildings	ms=1.90	meshes=6
15262.1	DECO	si=91	zone=buildings	ms=2.20	meshes=6
15430.2	DECO	si=92	zone=buildings	ms=2.20	meshes=7
15596.0	DECO	si=93	zone=buildings	ms=1.90	meshes=7
15762.8	DECO	si=94	zone=buildings	ms=1.90	meshes=7
15929.3	DECO	si=95	zone=buildings	ms=1.70	meshes=7
16095.6	DECO	si=96	zone=buildings	ms=1.70	meshes=7
16262.5	DECO	si=97	zone=buildings	ms=2.00	meshes=7
16429.8	DECO	si=98	zone=buildings	ms=2.30	meshes=7
16596.4	DECO	si=99	zone=buildings	ms=2.10	meshes=7
16764.0	DECO	si=100	zone=buildings	ms=2.50	meshes=7
16938.6	DECO	si=101	zone=buildings	ms=1.80	meshes=6
16939.0	SHADER_PROG	count=26	was=25	seg=36	zone=trees
17346.3	DECO	si=102	zone=buildings	ms=1.50	meshes=7
17514.1	DECO	si=103	zone=buildings	ms=1.90	meshes=7
17576.9	SHADER_PROG	count=27	was=26	seg=38	zone=trees
17798.5	DECO	si=104	zone=buildings	ms=2.00	meshes=7
17964.1	DECO	si=105	zone=intersection	ms=2.00	meshes=37
18068.6	SHADER_PROG	count=29	was=27	seg=40	zone=trees
18438.8	DECO	si=106	zone=buildings	ms=1.80	meshes=7
18571.7	SHADER_PROG	count=30	was=29	seg=41	zone=trees
18852.1	DECO	si=107	zone=buildings	ms=1.50	meshes=7
18852.6	SHADER_PROG	count=31	was=30	seg=42	zone=trees
19014.6	DECO	si=108	zone=buildings	ms=1.60	meshes=7
19182.0	DECO	si=109	zone=buildings	ms=2.10	meshes=7
19348.8	DECO	si=110	zone=buildings	ms=2.10	meshes=7
19515.9	DECO	si=111	zone=buildings	ms=1.80	meshes=7
19681.9	DECO	si=112	zone=buildings	ms=1.60	meshes=7
19848.5	DECO	si=113	zone=buildings	ms=1.50	meshes=7
20015.4	DECO	si=114	zone=buildings	ms=1.50	meshes=6
20182.6	DECO	si=115	zone=buildings	ms=1.60	meshes=7
20350.1	DECO	si=116	zone=buildings	ms=1.80	meshes=7
20515.8	DECO	si=117	zone=buildings	ms=1.60	meshes=7
20683.4	DECO	si=118	zone=buildings	ms=1.70	meshes=6
20850.6	DECO	si=119	zone=buildings	ms=2.50	meshes=7
21016.0	DECO	si=120	zone=buildings	ms=1.50	meshes=7
21183.0	DECO	si=121	zone=buildings	ms=1.70	meshes=6
21350.3	DECO	si=122	zone=buildings	ms=1.50	meshes=7
21516.1	DECO	si=123	zone=buildings	ms=1.20	meshes=7
21683.3	DECO	si=124	zone=buildings	ms=1.30	meshes=7
21850.4	DECO	si=125	zone=buildings	ms=1.30	meshes=7
22016.6	DECO	si=126	zone=buildings	ms=1.20	meshes=7
22185.5	DECO	si=127	zone=buildings	ms=2.80	meshes=7
22350.1	DECO	si=128	zone=intersection	ms=1.20	meshes=37
22518.2	DECO	si=129	zone=buildings	ms=1.70	meshes=7
22684.6	DECO	si=130	zone=buildings	ms=1.20	meshes=7
22852.0	DECO	si=131	zone=buildings	ms=1.60	meshes=7
23018.0	DECO	si=132	zone=buildings	ms=1.40	meshes=7
23185.0	DECO	si=133	zone=buildings	ms=1.90	meshes=6
23351.4	DECO	si=134	zone=buildings	ms=1.70	meshes=7
23518.7	DECO	si=135	zone=buildings	ms=1.70	meshes=7
23685.4	DECO	si=136	zone=buildings	ms=1.40	meshes=7
23851.5	DECO	si=137	zone=buildings	ms=1.20	meshes=7
24018.3	DECO	si=138	zone=buildings	ms=1.20	meshes=7
24186.0	DECO	si=139	zone=buildings	ms=1.40	meshes=7
24351.3	ZONE_CHANGE	→ buildings	si=215	zoneLeft=37
24352.6	DECO	si=140	zone=buildings	ms=1.20	meshes=7
24519.0	DECO	si=141	zone=buildings	ms=1.50	meshes=7
24685.3	DECO	si=142	zone=buildings	ms=1.00	meshes=7
24853.0	DECO	si=143	zone=buildings	ms=1.40	meshes=7
25020.2	DECO	si=144	zone=buildings	ms=1.30	meshes=7
25186.1	DECO	si=145	zone=buildings	ms=1.40	meshes=7
25352.7	DECO	si=146	zone=buildings	ms=1.20	meshes=7
25520.0	DECO	si=147	zone=buildings	ms=1.20	meshes=7
25686.8	DECO	si=148	zone=buildings	ms=1.40	meshes=7
25854.8	DECO	si=149	zone=buildings	ms=1.30	meshes=7
26029.3	DECO	si=150	zone=buildings	ms=1.40	meshes=7
26225.5	DECO	si=151	zone=intersection	ms=1.40	meshes=37
26398.9	DECO	si=152	zone=buildings	ms=2.40	meshes=6
26563.3	DECO	si=153	zone=buildings	ms=1.50	meshes=7
26728.7	DECO	si=154	zone=buildings	ms=1.70	meshes=7
26895.6	DECO	si=155	zone=buildings	ms=1.40	meshes=6
27059.1	DECO	si=156	zone=buildings	ms=1.60	meshes=7
27221.1	DECO	si=157	zone=buildings	ms=1.70	meshes=7
27388.3	DECO	si=158	zone=buildings	ms=1.90	meshes=7
27554.4	DECO	si=159	zone=buildings	ms=1.20	meshes=7
27722.6	DECO	si=160	zone=buildings	ms=1.50	meshes=6
27888.1	DECO	si=161	zone=buildings	ms=1.50	meshes=7
28055.9	DECO	si=162	zone=buildings	ms=1.80	meshes=7
28221.9	DECO	si=163	zone=buildings	ms=1.50	meshes=7
28389.2	DECO	si=164	zone=buildings	ms=1.30	meshes=7
28556.0	DECO	si=165	zone=buildings	ms=1.40	meshes=7
28727.8	DECO	si=166	zone=buildings	ms=1.40	meshes=7
28894.8	DECO	si=167	zone=buildings	ms=1.50	meshes=7
29061.7	DECO	si=168	zone=buildings	ms=1.50	meshes=6
29222.2	DECO	si=169	zone=buildings	ms=1.10	meshes=7
29390.0	DECO	si=170	zone=buildings	ms=1.40	meshes=7
29556.6	DECO	si=171	zone=buildings	ms=1.30	meshes=7
29723.4	DECO	si=172	zone=buildings	ms=1.60	meshes=6
29890.0	DECO	si=173	zone=buildings	ms=1.50	meshes=6
30056.5	DECO	si=174	zone=intersection	ms=1.20	meshes=37
30222.8	DECO	si=175	zone=tunnel	ms=0.70	meshes=27
30389.5	DECO	si=176	zone=tunnel	ms=0.50	meshes=27
30557.1	DECO	si=177	zone=tunnel	ms=0.60	meshes=27
30722.3	ZONE_CHANGE	→ trees	si=253	zoneLeft=39
30722.9	DECO	si=178	zone=tunnel	ms=0.50	meshes=27
30889.6	DECO	si=179	zone=tunnel	ms=0.40	meshes=27
31056.3	DECO	si=180	zone=tunnel	ms=0.50	meshes=27
31223.2	DECO	si=181	zone=tunnel	ms=0.40	meshes=27
31398.1	DECO	si=182	zone=tunnel	ms=0.50	meshes=27
31559.2	DECO	si=183	zone=tunnel	ms=0.50	meshes=27
31723.9	DECO	si=184	zone=tunnel	ms=0.60	meshes=27
31890.7	DECO	si=185	zone=tunnel	ms=0.60	meshes=27
32057.1	DECO	si=186	zone=tunnel	ms=0.50	meshes=27
32228.8	DECO	si=187	zone=tunnel	ms=0.50	meshes=27
32391.3	DECO	si=188	zone=tunnel	ms=0.60	meshes=27
32557.5	DECO	si=189	zone=tunnel	ms=0.40	meshes=27
32724.1	DECO	si=190	zone=tunnel	ms=0.40	meshes=27
32891.0	DECO	si=191	zone=tunnel	ms=0.40	meshes=27
33057.9	DECO	si=192	zone=tunnel	ms=0.40	meshes=27
33225.5	DECO	si=193	zone=tunnel	ms=0.50	meshes=27
33392.1	DECO	si=194	zone=tunnel	ms=0.40	meshes=27
33558.3	DECO	si=195	zone=tunnel	ms=0.40	meshes=27
33725.7	DECO	si=196	zone=tunnel	ms=0.50	meshes=27
33891.9	DECO	si=197	zone=tunnel	ms=0.40	meshes=27
34063.8	DECO	si=198	zone=tunnel	ms=0.40	meshes=27
34226.1	DECO	si=199	zone=tunnel	ms=0.50	meshes=27
34392.6	DECO	si=200	zone=tunnel	ms=0.40	meshes=27
34559.4	DECO	si=201	zone=tunnel	ms=0.40	meshes=27
34726.2	DECO	si=202	zone=tunnel	ms=0.40	meshes=27
34892.6	DECO	si=203	zone=tunnel	ms=0.50	meshes=27
35060.0	DECO	si=204	zone=tunnel	ms=0.50	meshes=27
35226.2	DECO	si=205	zone=tunnel	ms=0.50	meshes=27
35395.5	DECO	si=206	zone=tunnel	ms=0.50	meshes=27
35560.1	DECO	si=207	zone=tunnel	ms=0.50	meshes=27
35726.8	DECO	si=208	zone=tunnel	ms=0.50	meshes=27
35893.8	DECO	si=209	zone=tunnel	ms=0.60	meshes=27
36060.3	DECO	si=210	zone=tunnel	ms=0.40	meshes=27
36227.2	DECO	si=211	zone=tunnel	ms=0.60	meshes=27
36394.1	DECO	si=212	zone=tunnel	ms=0.40	meshes=27
36561.2	DECO	si=213	zone=tunnel	ms=0.50	meshes=27
36727.5	DECO	si=214	zone=tunnel	ms=0.50	meshes=27
36895.7	DECO	si=215	zone=buildings	ms=1.80	meshes=6
37062.1	DECO	si=216	zone=buildings	ms=1.50	meshes=7
37229.2	DECO	si=217	zone=buildings	ms=1.70	meshes=7
37394.2	ZONE_CHANGE	→ buildings	si=293	zoneLeft=43
37395.3	DECO	si=218	zone=buildings	ms=1.00	meshes=7
37563.1	DECO	si=219	zone=buildings	ms=1.80	meshes=7
37729.5	DECO	si=220	zone=buildings	ms=0.90	meshes=7
37896.3	DECO	si=221	zone=buildings	ms=1.70	meshes=7
38063.0	DECO	si=222	zone=buildings	ms=1.30	meshes=7
38231.1	DECO	si=223	zone=buildings	ms=2.10	meshes=7
38396.5	DECO	si=224	zone=buildings	ms=1.50	meshes=7
38563.7	DECO	si=225	zone=buildings	ms=1.60	meshes=7
38730.0	DECO	si=226	zone=buildings	ms=1.20	meshes=6
38897.2	DECO	si=227	zone=buildings	ms=1.40	meshes=7
39064.0	DECO	si=228	zone=buildings	ms=1.20	meshes=7
39230.6	DECO	si=229	zone=buildings	ms=1.70	meshes=7
39397.6	DECO	si=230	zone=buildings	ms=1.60	meshes=7
39564.8	DECO	si=231	zone=buildings	ms=1.60	meshes=7
39732.9	DECO	si=232	zone=buildings	ms=3.20	meshes=7
39898.2	DECO	si=233	zone=buildings	ms=1.60	meshes=6
40064.5	DECO	si=234	zone=buildings	ms=1.30	meshes=7
40231.8	DECO	si=235	zone=buildings	ms=1.70	meshes=6
40397.9	DECO	si=236	zone=buildings	ms=1.30	meshes=6
40565.3	DECO	si=237	zone=intersection	ms=1.40	meshes=37
40734.1	DECO	si=238	zone=buildings	ms=3.50	meshes=7
40899.9	DECO	si=239	zone=buildings	ms=2.70	meshes=7
41066.5	DECO	si=240	zone=buildings	ms=1.90	meshes=7
41232.6	DECO	si=241	zone=buildings	ms=1.60	meshes=7
41399.0	DECO	si=242	zone=buildings	ms=1.50	meshes=7
41565.3	DECO	si=243	zone=buildings	ms=1.10	meshes=7
41732.7	DECO	si=244	zone=buildings	ms=1.60	meshes=6
41899.5	DECO	si=245	zone=buildings	ms=1.10	meshes=6
42066.5	DECO	si=246	zone=buildings	ms=1.70	meshes=7
42232.7	DECO	si=247	zone=buildings	ms=1.20	meshes=7
42400.5	DECO	si=248	zone=buildings	ms=2.00	meshes=7
42566.2	DECO	si=249	zone=buildings	ms=1.10	meshes=6
42733.5	DECO	si=250	zone=buildings	ms=1.60	meshes=7
42899.9	DECO	si=251	zone=buildings	ms=1.20	meshes=7
43066.9	DECO	si=252	zone=buildings	ms=1.50	meshes=7
43233.1	DECO	si=253	zone=trees	ms=0.90	meshes=21
43400.4	DECO	si=254	zone=trees	ms=1.00	meshes=22
43567.1	DECO	si=255	zone=trees	ms=1.10	meshes=23
43734.3	DECO	si=256	zone=trees	ms=0.80	meshes=22
43900.6	DECO	si=257	zone=trees	ms=1.20	meshes=26
44067.7	DECO	si=258	zone=trees	ms=0.70	meshes=20
44234.9	DECO	si=259	zone=trees	ms=1.10	meshes=28
44401.1	DECO	si=260	zone=trees	ms=1.00	meshes=28
44567.8	DECO	si=261	zone=trees	ms=1.10	meshes=28
44733.3	ZONE_CHANGE	→ ether	si=337	zoneLeft=37
44734.3	DECO	si=262	zone=trees	ms=0.90	meshes=22
44901.2	DECO	si=263	zone=trees	ms=1.00	meshes=24
45068.1	DECO	si=264	zone=trees	ms=1.00	meshes=24
45234.7	DECO	si=265	zone=trees	ms=0.90	meshes=25
45402.5	DECO	si=266	zone=trees	ms=0.90	meshes=26
45568.5	DECO	si=267	zone=trees	ms=1.00	meshes=23
45736.0	DECO	si=268	zone=trees	ms=1.10	meshes=26
45902.2	DECO	si=269	zone=trees	ms=0.80	meshes=26
46068.9	DECO	si=270	zone=trees	ms=1.10	meshes=27
46236.2	DECO	si=271	zone=trees	ms=0.90	meshes=24
46402.9	DECO	si=272	zone=trees	ms=1.10	meshes=27
46569.6	DECO	si=273	zone=trees	ms=1.10	meshes=26
46736.8	DECO	si=274	zone=trees	ms=1.00	meshes=24
46908.2	DECO	si=275	zone=trees	ms=0.90	meshes=25
47074.8	DECO	si=276	zone=trees	ms=0.80	meshes=23
47246.0	DECO	si=277	zone=trees	ms=0.90	meshes=21
47421.3	DECO	si=278	zone=trees	ms=1.50	meshes=25
47597.3	DECO	si=279	zone=trees	ms=0.90	meshes=24
47774.9	DECO	si=280	zone=trees	ms=1.00	meshes=28
47955.8	DECO	si=281	zone=trees	ms=1.20	meshes=27
48146.7	DECO	si=282	zone=trees	ms=0.80	meshes=23
48337.8	DECO	si=283	zone=trees	ms=0.90	meshes=25
48522.6	DECO	si=284	zone=trees	ms=0.80	meshes=24
48716.9	DECO	si=285	zone=trees	ms=0.90	meshes=24
48906.5	DECO	si=286	zone=trees	ms=0.80	meshes=26
49104.6	DECO	si=287	zone=trees	ms=1.00	meshes=24
49302.3	DECO	si=288	zone=trees	ms=1.00	meshes=27
49501.7	DECO	si=289	zone=trees	ms=1.00	meshes=27
49705.0	DECO	si=290	zone=trees	ms=1.10	meshes=28
49908.8	DECO	si=291	zone=trees	ms=1.60	meshes=28
50115.9	DECO	si=292	zone=trees	ms=0.90	meshes=25
50328.0	DECO	si=293	zone=buildings	ms=1.70	meshes=7
50551.4	DECO	si=294	zone=buildings	ms=1.80	meshes=7
50781.8	DECO	si=295	zone=buildings	ms=2.10	meshes=7
51010.9	DECO	si=296	zone=buildings	ms=1.20	meshes=7
51250.5	DECO	si=297	zone=buildings	ms=1.50	meshes=7
51487.4	DECO	si=298	zone=buildings	ms=1.50	meshes=7
51723.0	DECO	si=299	zone=buildings	ms=1.40	meshes=7
51945.7	ZONE_CHANGE	→ buildings	si=375	zoneLeft=35
51947.0	DECO	si=300	zone=buildings	ms=1.20	meshes=7
52168.2	DECO	si=301	zone=buildings	ms=1.70	meshes=7
52386.1	DECO	si=302	zone=buildings	ms=1.40	meshes=7
52604.3	DECO	si=303	zone=buildings	ms=1.20	meshes=7
52832.7	DECO	si=304	zone=buildings	ms=1.00	meshes=7
53062.6	DECO	si=305	zone=buildings	ms=1.10	meshes=7
53290.7	DECO	si=306	zone=buildings	ms=1.30	meshes=7
53526.9	DECO	si=307	zone=buildings	ms=1.20	meshes=7
53752.5	DECO	si=308	zone=buildings	ms=1.40	meshes=7
53987.7	DECO	si=309	zone=buildings	ms=1.50	meshes=7
54211.5	DECO	si=310	zone=buildings	ms=1.00	meshes=7
54437.9	DECO	si=311	zone=buildings	ms=1.20	meshes=6
54663.3	DECO	si=312	zone=buildings	ms=1.20	meshes=7
54893.6	DECO	si=313	zone=buildings	ms=1.60	meshes=7
55118.7	DECO	si=314	zone=buildings	ms=1.50	meshes=7
55341.4	DECO	si=315	zone=intersection	ms=0.90	meshes=37
55566.0	DECO	si=316	zone=buildings	ms=1.60	meshes=7
55784.9	DECO	si=317	zone=buildings	ms=1.30	meshes=7
56004.8	DECO	si=318	zone=buildings	ms=1.70	meshes=7
56225.4	DECO	si=319	zone=buildings	ms=1.30	meshes=7
56446.9	DECO	si=320	zone=buildings	ms=1.50	meshes=7
56667.4	DECO	si=321	zone=buildings	ms=1.20	meshes=7
56885.9	DECO	si=322	zone=buildings	ms=1.40	meshes=7
57107.4	DECO	si=323	zone=buildings	ms=1.10	meshes=7
57329.6	DECO	si=324	zone=buildings	ms=1.40	meshes=7
57547.7	DECO	si=325	zone=buildings	ms=1.20	meshes=7
57766.2	DECO	si=326	zone=buildings	ms=1.20	meshes=6
57985.2	DECO	si=327	zone=buildings	ms=1.30	meshes=7
58203.8	DECO	si=328	zone=buildings	ms=1.30	meshes=7
58422.4	DECO	si=329	zone=buildings	ms=1.20	meshes=7
58640.3	DECO	si=330	zone=buildings	ms=1.30	meshes=7
58857.3	DECO	si=331	zone=buildings	ms=1.30	meshes=7
59077.1	DECO	si=332	zone=buildings	ms=1.10	meshes=7
59303.9	DECO	si=333	zone=buildings	ms=1.10	meshes=6
59525.3	DECO	si=334	zone=buildings	ms=1.90	meshes=7
59734.9	DECO	si=335	zone=buildings	ms=1.40	meshes=7
59939.0	ZONE_CHANGE	→ mountains	si=411	zoneLeft=42
59940.6	DECO	si=336	zone=buildings	ms=1.40	meshes=7
60149.0	DECO	si=337	zone=ether	ms=6.60	meshes=3
64805.3	SHADER_PROG	count=58	was=31	seg=272	zone=trees
64991.8	DECO	si=338	zone=ether	ms=0.10	meshes=2
65078.7	SHADER_PROG	count=59	was=58	seg=273	zone=trees
65205.9	DECO	si=339	zone=ether	ms=0.10	meshes=2
65409.8	DECO	si=340	zone=ether	ms=0.20	meshes=2
65604.3	DECO	si=341	zone=ether	ms=0.20	meshes=2
65794.3	DECO	si=342	zone=ether	ms=0.10	meshes=2
65984.5	DECO	si=343	zone=ether	ms=0.10	meshes=2
66175.3	DECO	si=344	zone=ether	ms=0.10	meshes=2
66362.9	DECO	si=345	zone=ether	ms=0.20	meshes=2
66542.8	DECO	si=346	zone=ether	ms=0.10	meshes=2
66726.0	DECO	si=347	zone=ether	ms=0.10	meshes=2
66908.8	DECO	si=348	zone=ether	ms=0.20	meshes=2
67087.6	DECO	si=349	zone=ether	ms=0.10	meshes=2
67266.6	DECO	si=350	zone=ether	ms=0.20	meshes=2
67442.2	DECO	si=351	zone=ether	ms=0.10	meshes=2
67614.9	DECO	si=352	zone=ether	ms=0.10	meshes=2
67793.0	DECO	si=353	zone=ether	ms=0.10	meshes=2
67968.9	DECO	si=354	zone=ether	ms=0.10	meshes=2
68142.1	DECO	si=355	zone=ether	ms=0.20	meshes=2
68317.1	DECO	si=356	zone=ether	ms=0.10	meshes=2
68488.8	DECO	si=357	zone=ether	ms=0.10	meshes=2
68657.6	DECO	si=358	zone=ether	ms=0.10	meshes=2
68833.6	DECO	si=359	zone=ether	ms=5.50	meshes=2
69061.7	SHADER_PROG	count=60	was=59	seg=294	zone=buildings
69099.9	SHADER_PROG	count=61	was=60	seg=294	zone=buildings
69203.8	DECO	si=360	zone=ether	ms=0.20	meshes=2
69373.4	DECO	si=361	zone=ether	ms=0.00	meshes=2
69540.2	DECO	si=362	zone=ether	ms=0.10	meshes=2
69710.6	DECO	si=363	zone=ether	ms=0.10	meshes=2
69871.0	DECO	si=364	zone=ether	ms=0.10	meshes=2
70037.9	DECO	si=365	zone=ether	ms=0.20	meshes=2
70204.0	DECO	si=366	zone=ether	ms=0.10	meshes=2
70371.3	DECO	si=367	zone=ether	ms=0.10	meshes=2
70537.5	DECO	si=368	zone=ether	ms=0.10	meshes=2
70704.5	DECO	si=369	zone=ether	ms=0.10	meshes=2
70871.6	DECO	si=370	zone=ether	ms=0.10	meshes=2
71038.5	DECO	si=371	zone=ether	ms=0.10	meshes=2
71204.8	DECO	si=372	zone=ether	ms=0.10	meshes=2
71372.1	DECO	si=373	zone=ether	ms=0.20	meshes=2
71538.3	DECO	si=374	zone=ether	ms=0.10	meshes=3
71706.9	DECO	si=375	zone=buildings	ms=1.80	meshes=7
71873.4	DECO	si=376	zone=buildings	ms=1.60	meshes=7
72040.4	DECO	si=377	zone=buildings	ms=1.90	meshes=7
72206.3	DECO	si=378	zone=buildings	ms=1.00	meshes=7
72372.6	ZONE_CHANGE	→ trees	si=454	zoneLeft=41
72373.9	DECO	si=379	zone=buildings	ms=1.30	meshes=7
72540.4	DECO	si=380	zone=buildings	ms=1.20	meshes=7
72707.1	DECO	si=381	zone=buildings	ms=1.40	meshes=7
72873.5	DECO	si=382	zone=buildings	ms=1.00	meshes=7
73041.4	DECO	si=383	zone=buildings	ms=1.60	meshes=7
73207.8	DECO	si=384	zone=buildings	ms=1.50	meshes=7
73375.9	DECO	si=385	zone=buildings	ms=2.50	meshes=7
73541.0	DECO	si=386	zone=buildings	ms=1.20	meshes=7
73708.1	DECO	si=387	zone=buildings	ms=1.40	meshes=7
73875.6	DECO	si=388	zone=buildings	ms=1.90	meshes=7
74042.5	DECO	si=389	zone=buildings	ms=2.00	meshes=7
74210.0	DECO	si=390	zone=buildings	ms=2.60	meshes=7
74375.4	DECO	si=391	zone=buildings	ms=1.30	meshes=7
74542.1	DECO	si=392	zone=buildings	ms=1.40	meshes=7
74709.5	DECO	si=393	zone=buildings	ms=1.40	meshes=7
74876.7	DECO	si=394	zone=buildings	ms=1.80	meshes=7
75043.6	DECO	si=395	zone=buildings	ms=2.00	meshes=7
75209.7	DECO	si=396	zone=buildings	ms=1.70	meshes=7
75376.3	DECO	si=397	zone=intersection	ms=1.40	meshes=37
75543.8	DECO	si=398	zone=buildings	ms=1.60	meshes=7
75710.0	DECO	si=399	zone=buildings	ms=1.80	meshes=7
75876.9	DECO	si=400	zone=buildings	ms=1.60	meshes=7
76044.5	DECO	si=401	zone=buildings	ms=2.20	meshes=7
76210.7	DECO	si=402	zone=buildings	ms=1.70	meshes=6
76335.2	SHADER_PROG	count=64	was=61	seg=337	zone=ether
76428.0	DECO	si=403	zone=buildings	ms=1.60	meshes=6
76610.5	DECO	si=404	zone=buildings	ms=1.40	meshes=7
76612.2	SHADER_PROG	count=63	was=64	seg=339	zone=ether
76777.6	DECO	si=405	zone=buildings	ms=1.50	meshes=7
76944.4	DECO	si=406	zone=buildings	ms=1.50	meshes=7
77110.8	DECO	si=407	zone=buildings	ms=1.20	meshes=7
77277.6	DECO	si=408	zone=buildings	ms=1.20	meshes=7
77444.8	DECO	si=409	zone=buildings	ms=1.40	meshes=7
77611.1	DECO	si=410	zone=buildings	ms=1.30	meshes=7
77782.9	DECO	si=411	zone=mountains	ms=6.30	meshes=18
77945.0	DECO	si=412	zone=mountains	ms=1.20	meshes=18
78111.1	DECO	si=413	zone=mountains	ms=0.70	meshes=18
78277.5	DECO	si=414	zone=mountains	ms=0.60	meshes=18
78444.3	DECO	si=415	zone=mountains	ms=0.50	meshes=14
78611.5	DECO	si=416	zone=mountains	ms=0.50	meshes=18
78778.4	DECO	si=417	zone=mountains	ms=0.40	meshes=14
78945.0	DECO	si=418	zone=mountains	ms=0.30	meshes=10
79111.4	DECO	si=419	zone=mountains	ms=0.40	meshes=10
79278.5	DECO	si=420	zone=mountains	ms=0.60	meshes=10
79444.8	ZONE_CHANGE	→ bridge	si=496	zoneLeft=45
79445.2	DECO	si=421	zone=mountains	ms=0.30	meshes=10
79611.9	DECO	si=422	zone=mountains	ms=0.60	meshes=18
79778.6	DECO	si=423	zone=mountains	ms=0.50	meshes=14
79945.9	DECO	si=424	zone=mountains	ms=0.50	meshes=14
80113.1	DECO	si=425	zone=mountains	ms=0.60	meshes=18
80329.2	DECO	si=426	zone=mountains	ms=0.50	meshes=18
80512.4	DECO	si=427	zone=mountains	ms=0.40	meshes=14
80680.0	DECO	si=428	zone=mountains	ms=0.40	meshes=14
80846.7	DECO	si=429	zone=mountains	ms=0.50	meshes=18
81012.9	DECO	si=430	zone=mountains	ms=0.60	meshes=18
81182.3	DECO	si=431	zone=mountains	ms=2.70	meshes=14
81349.4	DECO	si=432	zone=mountains	ms=0.30	meshes=10
81513.6	DECO	si=433	zone=mountains	ms=0.50	meshes=18
81681.3	DECO	si=434	zone=mountains	ms=0.50	meshes=10
81847.1	DECO	si=435	zone=mountains	ms=0.50	meshes=18
82013.9	DECO	si=436	zone=mountains	ms=0.50	meshes=14
82180.6	DECO	si=437	zone=mountains	ms=0.50	meshes=18
82347.4	DECO	si=438	zone=mountains	ms=0.50	meshes=14
82514.3	DECO	si=439	zone=mountains	ms=0.40	meshes=14
82681.4	DECO	si=440	zone=mountains	ms=0.30	meshes=10
82847.9	DECO	si=441	zone=mountains	ms=0.50	meshes=18
83015.3	DECO	si=442	zone=mountains	ms=0.40	meshes=14
83181.1	DECO	si=443	zone=mountains	ms=0.30	meshes=10
83348.0	DECO	si=444	zone=mountains	ms=0.40	meshes=14
83514.9	DECO	si=445	zone=mountains	ms=0.50	meshes=18
83681.9	DECO	si=446	zone=mountains	ms=0.50	meshes=18
83848.5	DECO	si=447	zone=mountains	ms=0.30	meshes=10
84015.4	DECO	si=448	zone=mountains	ms=0.50	meshes=18
84182.6	DECO	si=449	zone=mountains	ms=0.80	meshes=18
84348.9	DECO	si=450	zone=mountains	ms=0.40	meshes=14
84518.3	DECO	si=451	zone=mountains	ms=2.40	meshes=14
84682.6	DECO	si=452	zone=mountains	ms=0.50	meshes=14
84683.7	SHADER_PROG	count=62	was=63	seg=387	zone=buildings
84849.3	DECO	si=453	zone=mountains	ms=0.40	meshes=14
85017.0	DECO	si=454	zone=trees	ms=1.30	meshes=34
85183.5	DECO	si=455	zone=trees	ms=1.10	meshes=30
85350.1	DECO	si=456	zone=trees	ms=0.90	meshes=29
85518.3	DECO	si=457	zone=trees	ms=2.20	meshes=38
85684.3	DECO	si=458	zone=trees	ms=1.40	meshes=35
85850.6	DECO	si=459	zone=trees	ms=1.10	meshes=28
86018.6	DECO	si=460	zone=trees	ms=1.70	meshes=31
86185.1	DECO	si=461	zone=trees	ms=1.40	meshes=36
86351.4	DECO	si=462	zone=trees	ms=1.40	meshes=36
86519.2	DECO	si=463	zone=trees	ms=1.80	meshes=34
86684.9	DECO	si=464	zone=trees	ms=1.10	meshes=28
86851.8	DECO	si=465	zone=trees	ms=1.30	meshes=33
87019.2	DECO	si=466	zone=trees	ms=1.40	meshes=34
87184.1	ZONE_CHANGE	→ buildings	si=542	zoneLeft=36
87185.4	DECO	si=467	zone=trees	ms=1.20	meshes=31
87186.3	SHADER_PROG	count=61	was=62	seg=402	zone=buildings
87328.1	SHADER_PROG	count=63	was=61	seg=402	zone=buildings
87469.9	DECO	si=468	zone=trees	ms=1.90	meshes=34
87635.5	DECO	si=469	zone=trees	ms=1.10	meshes=27
87802.9	DECO	si=470	zone=trees	ms=1.20	meshes=31
87971.2	DECO	si=471	zone=trees	ms=2.80	meshes=37
88136.2	DECO	si=472	zone=trees	ms=1.40	meshes=35
88304.4	DECO	si=473	zone=trees	ms=2.00	meshes=31
88469.7	DECO	si=474	zone=trees	ms=1.20	meshes=32
88636.5	DECO	si=475	zone=trees	ms=1.10	meshes=31
88803.6	DECO	si=476	zone=trees	ms=1.50	meshes=38
88970.6	DECO	si=477	zone=trees	ms=1.50	meshes=37
89136.9	DECO	si=478	zone=trees	ms=1.30	meshes=33
89303.8	DECO	si=479	zone=trees	ms=1.20	meshes=28
89470.7	DECO	si=480	zone=trees	ms=1.30	meshes=38
89641.7	DECO	si=481	zone=trees	ms=1.60	meshes=32
89804.0	DECO	si=482	zone=trees	ms=1.00	meshes=27
89971.1	DECO	si=483	zone=trees	ms=1.30	meshes=36
90138.4	DECO	si=484	zone=trees	ms=1.30	meshes=33
90304.8	DECO	si=485	zone=trees	ms=1.30	meshes=36
90471.2	DECO	si=486	zone=trees	ms=1.20	meshes=32
90638.3	DECO	si=487	zone=trees	ms=1.40	meshes=32
90805.2	DECO	si=488	zone=trees	ms=1.50	meshes=41
90982.7	DECO	si=489	zone=trees	ms=1.70	meshes=36
91170.7	DECO	si=490	zone=trees	ms=1.60	meshes=37
91359.7	DECO	si=491	zone=trees	ms=1.10	meshes=33
91555.1	DECO	si=492	zone=trees	ms=1.20	meshes=32
91754.2	DECO	si=493	zone=trees	ms=1.10	meshes=30
91959.7	DECO	si=494	zone=trees	ms=1.10	meshes=29
92162.3	DECO	si=495	zone=trees	ms=1.10	meshes=32
92346.7	DECO	si=496	zone=bridge	ms=0.30	meshes=5
92368.4	SHADER_PROG	count=64	was=63	seg=431	zone=mountains
92527.4	DECO	si=497	zone=bridge	ms=0.10	meshes=4
92722.0	DECO	si=498	zone=bridge	ms=0.10	meshes=4
92934.2	DECO	si=499	zone=bridge	ms=0.00	meshes=4
93152.8	DECO	si=500	zone=bridge	ms=0.10	meshes=4
93370.3	DECO	si=501	zone=bridge	ms=0.10	meshes=4
93371.5	SHADER_PROG	count=62	was=64	seg=436	zone=mountains
93587.2	DECO	si=502	zone=bridge	ms=0.10	meshes=4
93835.0	DECO	si=503	zone=bridge	ms=0.20	meshes=4
94152.7	ZONE_CHANGE	→ trees	si=579	zoneLeft=31
94154.5	DECO	si=504	zone=bridge	ms=1.70	meshes=52
94614.3	DECO	si=505	zone=bridge	ms=0.00	meshes=4
1000.4	ZONE_CHANGE	→ ether	si=50	zoneLeft=49
1000.4	ZONE_CHANGE	→ trees	si=100	zoneLeft=36
1000.4	ZONE_CHANGE	→ buildings	si=137	zoneLeft=39
1000.5	ZONE_CHANGE	→ bridge	si=177	zoneLeft=38
1009.4	DECO	si=0	zone=trees	ms=1.80	meshes=13
1010.2	DECO	si=1	zone=trees	ms=0.80	meshes=9
1010.8	DECO	si=2	zone=trees	ms=0.60	meshes=10
1011.7	DECO	si=3	zone=trees	ms=0.90	meshes=12
1012.4	DECO	si=4	zone=trees	ms=0.70	meshes=12
1012.8	DECO	si=5	zone=trees	ms=0.40	meshes=10
1013.2	DECO	si=6	zone=trees	ms=0.40	meshes=12
1013.9	DECO	si=7	zone=trees	ms=0.70	meshes=13
1014.3	DECO	si=8	zone=trees	ms=0.40	meshes=10
1014.9	DECO	si=9	zone=trees	ms=0.60	meshes=12
1015.4	DECO	si=10	zone=trees	ms=0.50	meshes=12
1016.2	DECO	si=11	zone=trees	ms=0.80	meshes=13
1016.6	DECO	si=12	zone=trees	ms=0.40	meshes=11
1017.1	DECO	si=13	zone=trees	ms=0.50	meshes=12
1017.5	DECO	si=14	zone=trees	ms=0.40	meshes=13
1017.9	DECO	si=15	zone=trees	ms=0.40	meshes=11
1018.3	DECO	si=16	zone=trees	ms=0.40	meshes=13
1018.7	DECO	si=17	zone=trees	ms=0.40	meshes=10
1019.4	DECO	si=18	zone=trees	ms=0.70	meshes=14
1019.8	DECO	si=19	zone=trees	ms=0.40	meshes=12
1020.4	DECO	si=20	zone=trees	ms=0.60	meshes=14
1020.9	DECO	si=21	zone=trees	ms=0.50	meshes=13
1021.4	DECO	si=22	zone=trees	ms=0.50	meshes=12
1021.9	DECO	si=23	zone=trees	ms=0.50	meshes=14
1022.3	DECO	si=24	zone=trees	ms=0.40	meshes=10
1022.6	DECO	si=25	zone=trees	ms=0.30	meshes=11
1023.1	DECO	si=26	zone=trees	ms=0.50	meshes=13
1023.6	DECO	si=27	zone=trees	ms=0.50	meshes=11
1024.3	DECO	si=28	zone=trees	ms=0.70	meshes=11
1024.8	DECO	si=29	zone=trees	ms=0.50	meshes=14
1025.3	DECO	si=30	zone=trees	ms=0.50	meshes=14
1025.7	DECO	si=31	zone=trees	ms=0.40	meshes=12
1026.2	DECO	si=32	zone=trees	ms=0.50	meshes=13
1026.6	DECO	si=33	zone=trees	ms=0.40	meshes=13
1028.5	DECO	si=34	zone=trees	ms=1.90	meshes=12
1029.1	DECO	si=35	zone=trees	ms=0.60	meshes=13
1029.6	DECO	si=36	zone=trees	ms=0.50	meshes=12
1030.1	DECO	si=37	zone=trees	ms=0.50	meshes=13
1030.6	DECO	si=38	zone=trees	ms=0.50	meshes=15
1031.1	DECO	si=39	zone=trees	ms=0.50	meshes=12
1031.5	DECO	si=40	zone=trees	ms=0.40	meshes=13
1032.0	DECO	si=41	zone=trees	ms=0.50	meshes=13
1032.5	DECO	si=42	zone=trees	ms=0.50	meshes=13
1033.0	DECO	si=43	zone=trees	ms=0.50	meshes=15
1033.6	DECO	si=44	zone=trees	ms=0.60	meshes=14
1034.0	DECO	si=45	zone=trees	ms=0.40	meshes=10
1034.6	DECO	si=46	zone=trees	ms=0.60	meshes=14
1035.1	DECO	si=47	zone=trees	ms=0.50	meshes=13
1035.6	DECO	si=48	zone=trees	ms=0.50	meshes=14
1036.0	DECO	si=49	zone=trees	ms=0.40	meshes=10
1443.7	ZONE_CHANGE	→ trees	si=50	zoneLeft=35
1443.7	ZONE_CHANGE	→ tunnel	si=86	zoneLeft=40
1443.8	ZONE_CHANGE	→ buildings	si=127	zoneLeft=33
1443.8	ZONE_CHANGE	→ buildings	si=161	zoneLeft=49
1459.0	DECO	si=0	zone=trees	ms=2.20	meshes=10
1460.2	DECO	si=1	zone=trees	ms=1.20	meshes=13
1461.3	DECO	si=2	zone=trees	ms=1.10	meshes=9
1462.6	DECO	si=3	zone=trees	ms=1.30	meshes=12
1463.4	DECO	si=4	zone=trees	ms=0.80	meshes=8
1464.3	DECO	si=5	zone=trees	ms=0.90	meshes=11
1465.5	DECO	si=6	zone=trees	ms=1.20	meshes=10
1466.8	DECO	si=7	zone=trees	ms=1.30	meshes=11
1468.2	DECO	si=8	zone=trees	ms=1.40	meshes=13
1469.4	DECO	si=9	zone=trees	ms=1.20	meshes=11
1470.6	DECO	si=10	zone=trees	ms=1.20	meshes=11
1471.5	DECO	si=11	zone=trees	ms=0.80	meshes=11
1472.9	DECO	si=12	zone=trees	ms=1.40	meshes=13
1477.3	DECO	si=13	zone=trees	ms=4.40	meshes=13
1477.9	DECO	si=14	zone=trees	ms=0.60	meshes=12
1478.4	DECO	si=15	zone=trees	ms=0.50	meshes=10
1478.9	DECO	si=16	zone=trees	ms=0.50	meshes=10
1479.6	DECO	si=17	zone=trees	ms=0.70	meshes=14
1480.0	DECO	si=18	zone=trees	ms=0.40	meshes=10
1480.4	DECO	si=19	zone=trees	ms=0.40	meshes=12
1480.7	DECO	si=20	zone=trees	ms=0.30	meshes=11
1481.4	DECO	si=21	zone=trees	ms=0.70	meshes=15
1481.9	DECO	si=22	zone=trees	ms=0.50	meshes=11
1482.4	DECO	si=23	zone=trees	ms=0.50	meshes=12
1482.7	DECO	si=24	zone=trees	ms=0.30	meshes=11
1483.4	DECO	si=25	zone=trees	ms=0.70	meshes=12
1484.4	DECO	si=26	zone=trees	ms=1.00	meshes=12
1484.9	DECO	si=27	zone=trees	ms=0.50	meshes=14
1485.5	DECO	si=28	zone=trees	ms=0.60	meshes=12
1486.3	DECO	si=29	zone=trees	ms=0.80	meshes=15
1486.7	DECO	si=30	zone=trees	ms=0.40	meshes=11
1487.2	DECO	si=31	zone=trees	ms=0.50	meshes=12
1487.7	DECO	si=32	zone=trees	ms=0.50	meshes=11
1488.3	DECO	si=33	zone=trees	ms=0.60	meshes=14
1490.0	DECO	si=34	zone=trees	ms=1.70	meshes=14
1490.6	DECO	si=35	zone=trees	ms=0.60	meshes=13
1491.2	DECO	si=36	zone=trees	ms=0.60	meshes=14
1491.7	DECO	si=37	zone=trees	ms=0.50	meshes=16
1492.3	DECO	si=38	zone=trees	ms=0.60	meshes=12
1493.0	DECO	si=39	zone=trees	ms=0.70	meshes=15
1493.9	DECO	si=40	zone=trees	ms=0.90	meshes=16
1494.5	DECO	si=41	zone=trees	ms=0.60	meshes=14
1500.5	DECO	si=42	zone=buildings	ms=6.00	meshes=7
1501.1	DECO	si=43	zone=trees	ms=0.60	meshes=14
1501.8	DECO	si=44	zone=trees	ms=0.70	meshes=16
1502.6	DECO	si=45	zone=trees	ms=0.80	meshes=15
1503.2	DECO	si=46	zone=trees	ms=0.60	meshes=14
1503.8	DECO	si=47	zone=trees	ms=0.60	meshes=15
1504.4	DECO	si=48	zone=trees	ms=0.60	meshes=16
1504.8	DECO	si=49	zone=trees	ms=0.40	meshes=13
1505.3	DECO	si=50	zone=trees	ms=0.50	meshes=12
1506.0	DECO	si=51	zone=trees	ms=0.60	meshes=14
1506.5	DECO	si=52	zone=trees	ms=0.50	meshes=13
1507.0	DECO	si=53	zone=trees	ms=0.50	meshes=13
1507.4	DECO	si=54	zone=trees	ms=0.40	meshes=11
1507.8	DECO	si=55	zone=trees	ms=0.40	meshes=11
1508.6	DECO	si=56	zone=trees	ms=0.80	meshes=15
1509.3	DECO	si=57	zone=trees	ms=0.70	meshes=14
1509.7	DECO	si=58	zone=trees	ms=0.40	meshes=13
1510.2	DECO	si=59	zone=trees	ms=0.50	meshes=15
1511.8	DECO	si=60	zone=trees	ms=1.60	meshes=14
1512.5	DECO	si=61	zone=trees	ms=0.70	meshes=14
1513.2	DECO	si=62	zone=trees	ms=0.70	meshes=17
1513.8	DECO	si=63	zone=trees	ms=0.60	meshes=14
1514.4	DECO	si=64	zone=trees	ms=0.60	meshes=14
1515.1	DECO	si=65	zone=trees	ms=0.70	meshes=15
1515.7	DECO	si=66	zone=trees	ms=0.50	meshes=16
1516.2	DECO	si=67	zone=trees	ms=0.50	meshes=14
1516.8	DECO	si=68	zone=trees	ms=0.60	meshes=16
1517.6	DECO	si=69	zone=trees	ms=0.80	meshes=17
1518.6	DECO	si=70	zone=trees	ms=1.00	meshes=12
8843.3	SHADER_PROG	count=30	was=0	seg=2	zone=trees
21279.8	DECO	si=71	zone=trees	ms=1.40	meshes=18
21412.4	DECO	si=72	zone=trees	ms=0.70	meshes=14
21545.9	DECO	si=73	zone=trees	ms=0.90	meshes=16
21712.5	DECO	si=74	zone=trees	ms=0.70	meshes=15
21879.8	DECO	si=75	zone=trees	ms=0.90	meshes=18
22046.0	DECO	si=76	zone=trees	ms=0.60	meshes=15
22213.3	DECO	si=77	zone=trees	ms=0.60	meshes=13
22384.5	DECO	si=78	zone=trees	ms=0.60	meshes=14
22385.0	SHADER_PROG	count=31	was=30	seg=13	zone=trees
22547.0	DECO	si=79	zone=trees	ms=0.70	meshes=15
22713.7	DECO	si=80	zone=trees	ms=0.60	meshes=15
22925.5	DECO	si=81	zone=trees	ms=0.90	meshes=16
23152.0	DECO	si=82	zone=trees	ms=0.80	meshes=16
23460.0	DECO	si=83	zone=trees	ms=1.00	meshes=17
23924.2	DECO	si=84	zone=trees	ms=0.80	meshes=14
982.1	ZONE_CHANGE	→ trees	si=50	zoneLeft=30
982.1	ZONE_CHANGE	→ buildings	si=81	zoneLeft=34
982.1	ZONE_CHANGE	→ trees	si=116	zoneLeft=40
982.1	ZONE_CHANGE	→ buildings	si=157	zoneLeft=43
992.7	DECO	si=0	zone=trees	ms=1.70	meshes=13
993.4	DECO	si=1	zone=trees	ms=0.70	meshes=11
994.1	DECO	si=2	zone=trees	ms=0.70	meshes=12
996.3	DECO	si=3	zone=trees	ms=2.20	meshes=13
997.1	DECO	si=4	zone=trees	ms=0.80	meshes=13
997.8	DECO	si=5	zone=trees	ms=0.70	meshes=12
998.5	DECO	si=6	zone=trees	ms=0.70	meshes=11
999.1	DECO	si=7	zone=trees	ms=0.60	meshes=12
999.7	DECO	si=8	zone=trees	ms=0.60	meshes=13
1000.2	DECO	si=9	zone=trees	ms=0.50	meshes=9
1000.8	DECO	si=10	zone=trees	ms=0.60	meshes=11
1001.2	DECO	si=11	zone=trees	ms=0.40	meshes=10
1002.0	DECO	si=12	zone=trees	ms=0.80	meshes=14
1002.5	DECO	si=13	zone=trees	ms=0.50	meshes=12
1002.9	DECO	si=14	zone=trees	ms=0.40	meshes=11
1003.4	DECO	si=15	zone=trees	ms=0.50	meshes=12
1003.8	DECO	si=16	zone=trees	ms=0.40	meshes=13
1004.4	DECO	si=17	zone=trees	ms=0.60	meshes=13
1004.7	DECO	si=18	zone=trees	ms=0.30	meshes=10
1005.2	DECO	si=19	zone=trees	ms=0.50	meshes=12
1005.6	DECO	si=20	zone=trees	ms=0.40	meshes=13
1005.9	DECO	si=21	zone=trees	ms=0.30	meshes=10
1006.5	DECO	si=22	zone=trees	ms=0.60	meshes=12
1007.0	DECO	si=23	zone=trees	ms=0.50	meshes=11
1007.5	DECO	si=24	zone=trees	ms=0.50	meshes=13
1007.9	DECO	si=25	zone=trees	ms=0.40	meshes=13
1008.5	DECO	si=26	zone=trees	ms=0.60	meshes=15
1008.8	DECO	si=27	zone=trees	ms=0.30	meshes=10
1009.3	DECO	si=28	zone=trees	ms=0.50	meshes=14
1009.9	DECO	si=29	zone=trees	ms=0.60	meshes=14
1010.4	DECO	si=30	zone=trees	ms=0.50	meshes=12
1011.0	DECO	si=31	zone=trees	ms=0.60	meshes=15
1011.4	DECO	si=32	zone=trees	ms=0.40	meshes=14
1012.1	DECO	si=33	zone=trees	ms=0.70	meshes=15
1012.6	DECO	si=34	zone=trees	ms=0.50	meshes=12
1013.0	DECO	si=35	zone=trees	ms=0.40	meshes=14
1013.8	DECO	si=36	zone=trees	ms=0.80	meshes=14
1014.2	DECO	si=37	zone=trees	ms=0.40	meshes=13
1014.6	DECO	si=38	zone=trees	ms=0.40	meshes=12
1015.1	DECO	si=39	zone=trees	ms=0.50	meshes=13
1015.7	DECO	si=40	zone=trees	ms=0.60	meshes=14
1016.3	DECO	si=41	zone=trees	ms=0.60	meshes=13
1020.8	DECO	si=42	zone=buildings	ms=4.50	meshes=7
1021.4	DECO	si=43	zone=trees	ms=0.60	meshes=13
1021.8	DECO	si=44	zone=trees	ms=0.40	meshes=11
1022.3	DECO	si=45	zone=trees	ms=0.50	meshes=11
1022.8	DECO	si=46	zone=trees	ms=0.50	meshes=14
1023.5	DECO	si=47	zone=trees	ms=0.70	meshes=15
1024.1	DECO	si=48	zone=trees	ms=0.60	meshes=15
1024.8	DECO	si=49	zone=trees	ms=0.70	meshes=15
1025.4	DECO	si=50	zone=trees	ms=0.60	meshes=15
1026.2	DECO	si=51	zone=trees	ms=0.80	meshes=13
1029.1	DECO	si=52	zone=trees	ms=2.90	meshes=16
1029.6	DECO	si=53	zone=trees	ms=0.50	meshes=13
1030.3	DECO	si=54	zone=trees	ms=0.70	meshes=15
1030.9	DECO	si=55	zone=trees	ms=0.60	meshes=17
1031.4	DECO	si=56	zone=trees	ms=0.50	meshes=12
1031.7	DECO	si=57	zone=trees	ms=0.30	meshes=12
1032.3	DECO	si=58	zone=trees	ms=0.60	meshes=14
1033.0	DECO	si=59	zone=trees	ms=0.70	meshes=15
1033.5	DECO	si=60	zone=trees	ms=0.50	meshes=14
1033.9	DECO	si=61	zone=trees	ms=0.40	meshes=11
1034.3	DECO	si=62	zone=trees	ms=0.40	meshes=11
1035.0	DECO	si=63	zone=trees	ms=0.70	meshes=16
1035.5	DECO	si=64	zone=trees	ms=0.50	meshes=12
1036.1	DECO	si=65	zone=trees	ms=0.60	meshes=14
1036.7	DECO	si=66	zone=trees	ms=0.60	meshes=14
1037.2	DECO	si=67	zone=trees	ms=0.50	meshes=13
1037.8	DECO	si=68	zone=trees	ms=0.60	meshes=15
1038.2	DECO	si=69	zone=trees	ms=0.40	meshes=12
1038.7	DECO	si=70	zone=trees	ms=0.50	meshes=14
76189.7	SHADER_PROG	count=30	was=0	seg=2	zone=trees
88040.2	DECO	si=71	zone=trees	ms=1.10	meshes=15
88156.4	DECO	si=72	zone=trees	ms=0.80	meshes=14
88574.4	SHADER_PROG	count=31	was=30	seg=7	zone=trees
88923.4	DECO	si=73	zone=trees	ms=0.60	meshes=13
89123.7	DECO	si=74	zone=trees	ms=0.50	meshes=12
89290.2	DECO	si=75	zone=trees	ms=0.80	meshes=16
89457.3	DECO	si=76	zone=trees	ms=0.80	meshes=13
89624.1	DECO	si=77	zone=trees	ms=1.00	meshes=16
89807.2	DECO	si=78	zone=trees	ms=0.70	meshes=14
89974.0	DECO	si=79	zone=trees	ms=0.80	meshes=14
90140.8	DECO	si=80	zone=trees	ms=0.80	meshes=17
90311.9	DECO	si=81	zone=buildings	ms=4.20	meshes=7
90476.8	DECO	si=82	zone=buildings	ms=2.80	meshes=7
90644.4	DECO	si=83	zone=buildings	ms=4.00	meshes=6
90809.2	DECO	si=84	zone=buildings	ms=1.80	meshes=7
90975.8	DECO	si=85	zone=buildings	ms=1.90	meshes=7
91142.8	DECO	si=86	zone=buildings	ms=2.00	meshes=6
91310.8	DECO	si=87	zone=buildings	ms=3.10	meshes=6
91476.1	DECO	si=88	zone=buildings	ms=1.70	meshes=7
91643.6	DECO	si=89	zone=buildings	ms=1.90	meshes=7
91810.6	DECO	si=90	zone=buildings	ms=2.10	meshes=7
91977.0	DECO	si=91	zone=buildings	ms=1.70	meshes=7
92144.0	DECO	si=92	zone=buildings	ms=1.70	meshes=6
92313.5	DECO	si=93	zone=buildings	ms=2.00	meshes=7
92477.8	DECO	si=94	zone=buildings	ms=1.80	meshes=7
92644.7	DECO	si=95	zone=buildings	ms=2.20	meshes=7
92846.3	SHADER_PROG	count=32	was=31	seg=30	zone=trees
94027.8	DECO	si=96	zone=buildings	ms=1.50	meshes=7
94212.5	DECO	si=97	zone=buildings	ms=1.90	meshes=7
94378.1	DECO	si=98	zone=buildings	ms=1.60	meshes=7
94546.3	DECO	si=99	zone=buildings	ms=2.60	meshes=7
94712.0	DECO	si=100	zone=buildings	ms=1.60	meshes=7
94878.9	DECO	si=101	zone=buildings	ms=1.80	meshes=7
95045.7	DECO	si=102	zone=buildings	ms=1.80	meshes=6
95212.9	DECO	si=103	zone=intersection	ms=1.60	meshes=37
95379.8	DECO	si=104	zone=buildings	ms=2.00	meshes=7
95546.1	DECO	si=105	zone=buildings	ms=1.50	meshes=7
95713.6	DECO	si=106	zone=buildings	ms=1.90	meshes=7
95879.3	DECO	si=107	zone=buildings	ms=1.40	meshes=7
96046.7	DECO	si=108	zone=buildings	ms=1.60	meshes=7
96213.8	DECO	si=109	zone=buildings	ms=1.80	meshes=7
96379.7	DECO	si=110	zone=buildings	ms=1.40	meshes=7
96546.6	DECO	si=111	zone=buildings	ms=1.40	meshes=7
96713.8	DECO	si=112	zone=buildings	ms=1.90	meshes=7
96880.5	DECO	si=113	zone=buildings	ms=1.60	meshes=7
97047.4	DECO	si=114	zone=buildings	ms=1.60	meshes=7
97214.5	DECO	si=115	zone=buildings	ms=1.90	meshes=7
97379.9	DECO	si=116	zone=trees	ms=0.60	meshes=15
97547.0	DECO	si=117	zone=trees	ms=0.80	meshes=18
97713.7	DECO	si=118	zone=trees	ms=1.00	meshes=18
97880.3	DECO	si=119	zone=trees	ms=0.70	meshes=16
98047.3	DECO	si=120	zone=trees	ms=0.70	meshes=17
98214.5	DECO	si=121	zone=trees	ms=0.50	meshes=13
98381.2	DECO	si=122	zone=trees	ms=0.70	meshes=17
98547.8	DECO	si=123	zone=trees	ms=1.00	meshes=19
98717.1	DECO	si=124	zone=trees	ms=1.70	meshes=17
98883.5	DECO	si=125	zone=trees	ms=0.70	meshes=16
99055.6	ZONE_CHANGE	→ ether	si=201	zoneLeft=48
99058.6	DECO	si=126	zone=trees	ms=2.70	meshes=19
99223.9	DECO	si=127	zone=trees	ms=0.60	meshes=14
99395.4	DECO	si=128	zone=trees	ms=0.70	meshes=16
99557.7	DECO	si=129	zone=trees	ms=0.90	meshes=16
99716.8	DECO	si=130	zone=trees	ms=1.00	meshes=20
99885.1	DECO	si=131	zone=trees	ms=0.60	meshes=16
100883.0	DECO	si=132	zone=trees	ms=0.60	meshes=17
101133.4	DECO	si=133	zone=trees	ms=0.70	meshes=17
101300.1	DECO	si=134	zone=trees	ms=1.20	meshes=18
101468.7	DECO	si=135	zone=trees	ms=0.70	meshes=17
101637.7	DECO	si=136	zone=trees	ms=0.90	meshes=20
101806.9	DECO	si=137	zone=trees	ms=0.80	meshes=17
101968.0	DECO	si=138	zone=trees	ms=0.90	meshes=21
102134.6	DECO	si=139	zone=trees	ms=1.10	meshes=21
102301.9	DECO	si=140	zone=trees	ms=0.90	meshes=21
102468.0	DECO	si=141	zone=trees	ms=0.80	meshes=20
102635.1	DECO	si=142	zone=trees	ms=1.20	meshes=22
102801.7	DECO	si=143	zone=trees	ms=0.80	meshes=16
102968.2	DECO	si=144	zone=trees	ms=0.80	meshes=21
103135.2	DECO	si=145	zone=trees	ms=0.80	meshes=19
103302.0	DECO	si=146	zone=trees	ms=0.90	meshes=17
103473.1	DECO	si=147	zone=trees	ms=0.90	meshes=18
103642.7	DECO	si=148	zone=trees	ms=0.80	meshes=19
103813.4	DECO	si=149	zone=trees	ms=0.70	meshes=19
103987.7	DECO	si=150	zone=trees	ms=1.10	meshes=22
104163.1	DECO	si=151	zone=trees	ms=1.00	meshes=20
105664.4	DECO	si=152	zone=trees	ms=0.60	meshes=15
106837.3	DECO	si=153	zone=trees	ms=0.70	meshes=18
107197.4	DECO	si=154	zone=trees	ms=0.90	meshes=22
108386.9	DECO	si=155	zone=trees	ms=0.90	meshes=19
611.6	ZONE_CHANGE	→ ether	si=50	zoneLeft=49
611.6	ZONE_CHANGE	→ buildings	si=100	zoneLeft=38
611.7	ZONE_CHANGE	→ buildings	si=139	zoneLeft=38
611.7	ZONE_CHANGE	→ dirt	si=178	zoneLeft=38
621.2	DECO	si=0	zone=trees	ms=2.00	meshes=10
622.2	DECO	si=1	zone=trees	ms=1.00	meshes=11
622.8	DECO	si=2	zone=trees	ms=0.60	meshes=10
623.4	DECO	si=3	zone=trees	ms=0.60	meshes=12
624.0	DECO	si=4	zone=trees	ms=0.60	meshes=10
624.8	DECO	si=5	zone=trees	ms=0.80	meshes=14
625.2	DECO	si=6	zone=trees	ms=0.40	meshes=12
626.9	DECO	si=7	zone=trees	ms=1.70	meshes=14
627.5	DECO	si=8	zone=trees	ms=0.60	meshes=11
627.9	DECO	si=9	zone=trees	ms=0.40	meshes=10
628.4	DECO	si=10	zone=trees	ms=0.50	meshes=13
628.9	DECO	si=11	zone=trees	ms=0.50	meshes=9
629.3	DECO	si=12	zone=trees	ms=0.40	meshes=14
629.9	DECO	si=13	zone=trees	ms=0.60	meshes=11
630.2	DECO	si=14	zone=trees	ms=0.30	meshes=10
630.6	DECO	si=15	zone=trees	ms=0.30	meshes=11
631.0	DECO	si=16	zone=trees	ms=0.40	meshes=12
631.6	DECO	si=17	zone=trees	ms=0.60	meshes=13
632.2	DECO	si=18	zone=trees	ms=0.60	meshes=12
632.5	DECO	si=19	zone=trees	ms=0.30	meshes=10
633.0	DECO	si=20	zone=trees	ms=0.50	meshes=11
633.5	DECO	si=21	zone=trees	ms=0.50	meshes=13
634.0	DECO	si=22	zone=trees	ms=0.50	meshes=15
634.4	DECO	si=23	zone=trees	ms=0.40	meshes=10
634.9	DECO	si=24	zone=trees	ms=0.40	meshes=14
635.5	DECO	si=25	zone=trees	ms=0.60	meshes=12
635.8	DECO	si=26	zone=trees	ms=0.30	meshes=11
636.3	DECO	si=27	zone=trees	ms=0.50	meshes=13
637.0	DECO	si=28	zone=trees	ms=0.60	meshes=13
637.4	DECO	si=29	zone=trees	ms=0.40	meshes=13
637.9	DECO	si=30	zone=trees	ms=0.50	meshes=14
638.3	DECO	si=31	zone=trees	ms=0.40	meshes=11
638.7	DECO	si=32	zone=trees	ms=0.40	meshes=11
639.0	DECO	si=33	zone=trees	ms=0.30	meshes=10
639.5	DECO	si=34	zone=trees	ms=0.50	meshes=10
640.1	DECO	si=35	zone=trees	ms=0.60	meshes=14
640.7	DECO	si=36	zone=trees	ms=0.60	meshes=15
641.3	DECO	si=37	zone=trees	ms=0.60	meshes=15
642.0	DECO	si=38	zone=trees	ms=0.70	meshes=15
642.7	DECO	si=39	zone=trees	ms=0.70	meshes=14
643.1	DECO	si=40	zone=trees	ms=0.40	meshes=11
643.6	DECO	si=41	zone=trees	ms=0.50	meshes=12
648.2	DECO	si=42	zone=buildings	ms=4.60	meshes=7
648.8	DECO	si=43	zone=trees	ms=0.60	meshes=11
649.4	DECO	si=44	zone=trees	ms=0.60	meshes=15
650.0	DECO	si=45	zone=trees	ms=0.60	meshes=14
650.7	DECO	si=46	zone=trees	ms=0.70	meshes=16
651.2	DECO	si=47	zone=trees	ms=0.50	meshes=14
651.6	DECO	si=48	zone=trees	ms=0.40	meshes=12
652.1	DECO	si=49	zone=trees	ms=0.50	meshes=14
470.3	ZONE_CHANGE	→ tunnel	si=50	zoneLeft=42
470.3	ZONE_CHANGE	→ mountains	si=93	zoneLeft=31
470.3	ZONE_CHANGE	→ buildings	si=125	zoneLeft=43
470.4	ZONE_CHANGE	→ mountains	si=169	zoneLeft=40
483.4	DECO	si=0	zone=trees	ms=2.30	meshes=13
484.5	DECO	si=1	zone=trees	ms=1.10	meshes=10
485.5	DECO	si=2	zone=trees	ms=1.00	meshes=9
486.3	DECO	si=3	zone=trees	ms=0.80	meshes=10
487.4	DECO	si=4	zone=trees	ms=1.10	meshes=10
488.9	DECO	si=5	zone=trees	ms=1.50	meshes=13
489.7	DECO	si=6	zone=trees	ms=0.80	meshes=10
490.9	DECO	si=7	zone=trees	ms=1.20	meshes=13
491.5	DECO	si=8	zone=trees	ms=0.60	meshes=9
492.5	DECO	si=9	zone=trees	ms=1.00	meshes=12
493.6	DECO	si=10	zone=trees	ms=1.10	meshes=12
501.4	DECO	si=11	zone=trees	ms=7.80	meshes=10
502.2	DECO	si=12	zone=trees	ms=0.80	meshes=12
502.8	DECO	si=13	zone=trees	ms=0.60	meshes=13
503.3	DECO	si=14	zone=trees	ms=0.50	meshes=12
503.8	DECO	si=15	zone=trees	ms=0.50	meshes=13
504.3	DECO	si=16	zone=trees	ms=0.50	meshes=11
505.1	DECO	si=17	zone=trees	ms=0.80	meshes=11
505.5	DECO	si=18	zone=trees	ms=0.40	meshes=12
506.0	DECO	si=19	zone=trees	ms=0.40	meshes=10
506.3	DECO	si=20	zone=trees	ms=0.30	meshes=10
506.8	DECO	si=21	zone=trees	ms=0.50	meshes=13
507.2	DECO	si=22	zone=trees	ms=0.40	meshes=12
507.6	DECO	si=23	zone=trees	ms=0.40	meshes=14
508.1	DECO	si=24	zone=trees	ms=0.50	meshes=10
508.6	DECO	si=25	zone=trees	ms=0.50	meshes=13
509.1	DECO	si=26	zone=trees	ms=0.50	meshes=14
509.5	DECO	si=27	zone=trees	ms=0.40	meshes=11
509.9	DECO	si=28	zone=trees	ms=0.40	meshes=12
510.3	DECO	si=29	zone=trees	ms=0.40	meshes=12
510.8	DECO	si=30	zone=trees	ms=0.50	meshes=11
511.3	DECO	si=31	zone=trees	ms=0.50	meshes=14
511.7	DECO	si=32	zone=trees	ms=0.40	meshes=14
512.3	DECO	si=33	zone=trees	ms=0.60	meshes=12
512.9	DECO	si=34	zone=trees	ms=0.60	meshes=16
513.4	DECO	si=35	zone=trees	ms=0.50	meshes=13
513.8	DECO	si=36	zone=trees	ms=0.40	meshes=11
514.2	DECO	si=37	zone=trees	ms=0.40	meshes=13
514.8	DECO	si=38	zone=trees	ms=0.60	meshes=13
515.4	DECO	si=39	zone=trees	ms=0.60	meshes=12
515.8	DECO	si=40	zone=trees	ms=0.40	meshes=12
516.4	DECO	si=41	zone=trees	ms=0.60	meshes=14
520.9	DECO	si=42	zone=buildings	ms=4.50	meshes=6
521.5	DECO	si=43	zone=trees	ms=0.60	meshes=12
522.0	DECO	si=44	zone=trees	ms=0.50	meshes=13
522.6	DECO	si=45	zone=trees	ms=0.60	meshes=14
523.1	DECO	si=46	zone=trees	ms=0.50	meshes=15
523.7	DECO	si=47	zone=trees	ms=0.60	meshes=13
524.3	DECO	si=48	zone=trees	ms=0.60	meshes=14
525.0	DECO	si=49	zone=trees	ms=0.70	meshes=15
525.5	DECO	si=50	zone=tunnel	ms=0.50	meshes=27
526.0	DECO	si=51	zone=tunnel	ms=0.50	meshes=27
526.4	DECO	si=52	zone=tunnel	ms=0.40	meshes=27
526.9	DECO	si=53	zone=tunnel	ms=0.50	meshes=27
527.2	DECO	si=54	zone=tunnel	ms=0.30	meshes=27
527.7	DECO	si=55	zone=tunnel	ms=0.50	meshes=27
528.1	DECO	si=56	zone=tunnel	ms=0.40	meshes=27
528.5	DECO	si=57	zone=tunnel	ms=0.40	meshes=27
529.0	DECO	si=58	zone=tunnel	ms=0.50	meshes=27
529.4	DECO	si=59	zone=tunnel	ms=0.40	meshes=27
529.8	DECO	si=60	zone=tunnel	ms=0.40	meshes=27
530.2	DECO	si=61	zone=tunnel	ms=0.40	meshes=27
530.6	DECO	si=62	zone=tunnel	ms=0.40	meshes=27
531.0	DECO	si=63	zone=tunnel	ms=0.40	meshes=27
531.4	DECO	si=64	zone=tunnel	ms=0.40	meshes=27
531.8	DECO	si=65	zone=tunnel	ms=0.40	meshes=27
532.2	DECO	si=66	zone=tunnel	ms=0.40	meshes=27
532.7	DECO	si=67	zone=tunnel	ms=0.50	meshes=27
533.0	DECO	si=68	zone=tunnel	ms=0.30	meshes=27
533.4	DECO	si=69	zone=tunnel	ms=0.40	meshes=27
533.9	DECO	si=70	zone=tunnel	ms=0.40	meshes=27
1617.2	SHADER_PROG	count=29	was=0	seg=2	zone=trees
13201.0	SHADER_PROG	count=30	was=29	seg=5	zone=trees
13310.6	DECO	si=71	zone=tunnel	ms=0.80	meshes=27
13460.8	DECO	si=72	zone=tunnel	ms=0.50	meshes=27
13610.7	DECO	si=73	zone=tunnel	ms=0.60	meshes=27
13794.2	DECO	si=74	zone=tunnel	ms=0.60	meshes=27
14010.4	DECO	si=75	zone=tunnel	ms=0.70	meshes=27
14228.2	DECO	si=76	zone=tunnel	ms=0.50	meshes=27
14494.7	DECO	si=77	zone=tunnel	ms=0.50	meshes=27
14911.7	DECO	si=78	zone=tunnel	ms=0.60	meshes=27
16880.3	DECO	si=79	zone=tunnel	ms=0.60	meshes=27
17080.2	DECO	si=80	zone=tunnel	ms=0.50	meshes=27
17246.9	DECO	si=81	zone=tunnel	ms=0.50	meshes=27
17414.1	DECO	si=82	zone=tunnel	ms=1.00	meshes=27
17581.2	DECO	si=83	zone=tunnel	ms=0.60	meshes=27
17747.3	DECO	si=84	zone=tunnel	ms=0.50	meshes=27
17914.8	DECO	si=85	zone=tunnel	ms=0.60	meshes=27
18081.1	DECO	si=86	zone=tunnel	ms=0.60	meshes=27
18247.7	DECO	si=87	zone=tunnel	ms=0.50	meshes=27
18414.4	DECO	si=88	zone=tunnel	ms=0.50	meshes=27
18581.6	DECO	si=89	zone=tunnel	ms=0.50	meshes=27
18748.0	DECO	si=90	zone=tunnel	ms=0.40	meshes=27
18915.4	DECO	si=91	zone=tunnel	ms=0.90	meshes=27
19081.7	DECO	si=92	zone=tunnel	ms=0.50	meshes=27
19254.4	DECO	si=93	zone=mountains	ms=5.70	meshes=18
19415.8	DECO	si=94	zone=mountains	ms=0.80	meshes=10
19582.6	DECO	si=95	zone=mountains	ms=0.80	meshes=14
19749.5	DECO	si=96	zone=mountains	ms=1.00	meshes=18
19915.8	DECO	si=97	zone=mountains	ms=0.40	meshes=10
20082.5	DECO	si=98	zone=mountains	ms=0.40	meshes=10
20250.0	DECO	si=99	zone=mountains	ms=0.80	meshes=18
20417.1	DECO	si=100	zone=mountains	ms=0.90	meshes=18
20582.9	DECO	si=101	zone=mountains	ms=0.60	meshes=14
20750.5	DECO	si=102	zone=mountains	ms=0.60	meshes=10
20917.5	DECO	si=103	zone=mountains	ms=0.80	meshes=18
21083.3	DECO	si=104	zone=mountains	ms=0.60	meshes=14
21250.6	DECO	si=105	zone=mountains	ms=1.00	meshes=14
21417.3	DECO	si=106	zone=mountains	ms=0.80	meshes=18
21501.9	SHADER_PROG	count=31	was=30	seg=41	zone=trees
21668.0	DECO	si=107	zone=mountains	ms=0.90	meshes=18
21834.1	DECO	si=108	zone=mountains	ms=0.70	meshes=18
22001.1	DECO	si=109	zone=mountains	ms=0.60	meshes=10
22167.9	DECO	si=110	zone=mountains	ms=0.90	meshes=14
22334.3	DECO	si=111	zone=mountains	ms=0.50	meshes=10
22501.6	DECO	si=112	zone=mountains	ms=0.80	meshes=10
22673.2	DECO	si=113	zone=mountains	ms=5.20	meshes=18
22835.5	DECO	si=114	zone=mountains	ms=1.00	meshes=14
23002.7	DECO	si=115	zone=mountains	ms=0.90	meshes=18
23168.8	DECO	si=116	zone=mountains	ms=0.60	meshes=10
23335.3	DECO	si=117	zone=mountains	ms=0.60	meshes=10
23503.3	DECO	si=118	zone=mountains	ms=1.10	meshes=18
23669.0	DECO	si=119	zone=mountains	ms=0.50	meshes=14
23835.5	DECO	si=120	zone=mountains	ms=0.30	meshes=10
24002.5	DECO	si=121	zone=mountains	ms=0.50	meshes=14
24169.5	DECO	si=122	zone=mountains	ms=0.70	meshes=10
24338.0	DECO	si=123	zone=mountains	ms=1.90	meshes=18
24503.4	DECO	si=124	zone=mountains	ms=0.80	meshes=18
24676.8	DECO	si=125	zone=buildings	ms=7.20	meshes=7
24842.3	DECO	si=126	zone=buildings	ms=5.60	meshes=7
25009.4	DECO	si=127	zone=buildings	ms=6.70	meshes=7
25173.6	DECO	si=128	zone=buildings	ms=4.10	meshes=7
25340.5	DECO	si=129	zone=buildings	ms=4.20	meshes=7
25506.4	DECO	si=130	zone=buildings	ms=3.20	meshes=7
25674.2	DECO	si=131	zone=buildings	ms=3.60	meshes=7
25841.1	DECO	si=132	zone=buildings	ms=4.00	meshes=7
26008.0	DECO	si=133	zone=buildings	ms=4.50	meshes=7
26174.5	DECO	si=134	zone=buildings	ms=3.60	meshes=7
26337.9	ZONE_CHANGE	→ mountains	si=210	zoneLeft=45
26344.4	DECO	si=135	zone=buildings	ms=6.30	meshes=7
26508.6	DECO	si=136	zone=buildings	ms=4.60	meshes=6
26674.9	DECO	si=137	zone=buildings	ms=4.00	meshes=7
26840.3	DECO	si=138	zone=buildings	ms=2.80	meshes=7
27009.7	DECO	si=139	zone=buildings	ms=4.60	meshes=7
27173.3	DECO	si=140	zone=buildings	ms=2.10	meshes=7
27341.6	DECO	si=141	zone=buildings	ms=3.50	meshes=7
27508.8	DECO	si=142	zone=buildings	ms=3.20	meshes=7
27675.5	DECO	si=143	zone=buildings	ms=3.10	meshes=7
27842.3	DECO	si=144	zone=buildings	ms=3.90	meshes=5
28007.5	DECO	si=145	zone=buildings	ms=2.40	meshes=7
28175.0	DECO	si=146	zone=buildings	ms=2.60	meshes=7
28359.3	DECO	si=147	zone=intersection	ms=3.10	meshes=37
28526.2	DECO	si=148	zone=buildings	ms=3.50	meshes=7
28694.1	DECO	si=149	zone=buildings	ms=4.80	meshes=7
28773.4	SHADER_PROG	count=32	was=31	seg=84	zone=tunnel
29091.3	DECO	si=150	zone=buildings	ms=2.20	meshes=7
29173.9	SHADER_PROG	count=33	was=32	seg=85	zone=tunnel
29259.8	DECO	si=151	zone=buildings	ms=3.00	meshes=7
29426.6	DECO	si=152	zone=buildings	ms=3.40	meshes=7
29593.2	DECO	si=153	zone=buildings	ms=3.30	meshes=7
29760.0	DECO	si=154	zone=buildings	ms=3.50	meshes=7
29934.2	DECO	si=155	zone=buildings	ms=10.20	meshes=7
30110.3	DECO	si=156	zone=buildings	ms=3.40	meshes=6
30275.7	DECO	si=157	zone=buildings	ms=2.00	meshes=6
30444.2	DECO	si=158	zone=buildings	ms=3.20	meshes=7
30609.6	DECO	si=159	zone=buildings	ms=2.20	meshes=7
30777.7	DECO	si=160	zone=buildings	ms=3.50	meshes=7
30942.6	DECO	si=161	zone=buildings	ms=1.90	meshes=6
31109.4	DECO	si=162	zone=buildings	ms=1.90	meshes=6
31276.4	DECO	si=163	zone=buildings	ms=2.20	meshes=7
31442.9	DECO	si=164	zone=buildings	ms=1.80	meshes=7
31611.1	DECO	si=165	zone=buildings	ms=3.00	meshes=7
31777.3	DECO	si=166	zone=buildings	ms=2.40	meshes=7
31942.9	DECO	si=167	zone=buildings	ms=1.40	meshes=7
32111.6	DECO	si=168	zone=buildings	ms=3.00	meshes=7
32278.2	DECO	si=169	zone=mountains	ms=2.80	meshes=18
32458.9	DECO	si=170	zone=mountains	ms=0.40	meshes=14
32625.8	DECO	si=171	zone=mountains	ms=0.30	meshes=10
32792.6	DECO	si=172	zone=mountains	ms=0.40	meshes=10
32959.5	DECO	si=173	zone=mountains	ms=0.40	meshes=14
33126.2	DECO	si=174	zone=mountains	ms=0.40	meshes=14
33293.1	DECO	si=175	zone=mountains	ms=0.50	meshes=18
33459.8	DECO	si=176	zone=mountains	ms=0.50	meshes=10
33626.4	DECO	si=177	zone=mountains	ms=0.30	meshes=10
33793.6	DECO	si=178	zone=mountains	ms=0.40	meshes=14
33976.9	DECO	si=179	zone=mountains	ms=0.50	meshes=18
34143.7	DECO	si=180	zone=mountains	ms=0.40	meshes=14
34309.9	ZONE_CHANGE	→ mountains	si=256	zoneLeft=37
34310.4	DECO	si=181	zone=mountains	ms=0.50	meshes=18
34477.8	DECO	si=182	zone=mountains	ms=0.80	meshes=14
34644.4	DECO	si=183	zone=mountains	ms=0.50	meshes=18
34811.2	DECO	si=184	zone=mountains	ms=0.60	meshes=18
34977.7	DECO	si=185	zone=mountains	ms=0.40	meshes=14
35145.0	DECO	si=186	zone=mountains	ms=0.40	meshes=10
35311.4	DECO	si=187	zone=mountains	ms=0.60	meshes=18
35478.1	DECO	si=188	zone=mountains	ms=0.50	meshes=18
35647.4	DECO	si=189	zone=mountains	ms=2.90	meshes=18
35812.1	DECO	si=190	zone=mountains	ms=0.60	meshes=18
35978.8	DECO	si=191	zone=mountains	ms=0.60	meshes=14
36145.5	DECO	si=192	zone=mountains	ms=0.50	meshes=14
36312.1	DECO	si=193	zone=mountains	ms=0.40	meshes=10
36478.8	DECO	si=194	zone=mountains	ms=0.40	meshes=10
36662.6	DECO	si=195	zone=mountains	ms=0.70	meshes=18
36829.2	DECO	si=196	zone=mountains	ms=0.50	meshes=18
36996.1	DECO	si=197	zone=mountains	ms=0.50	meshes=18
37162.7	DECO	si=198	zone=mountains	ms=0.40	meshes=14
37329.7	DECO	si=199	zone=mountains	ms=0.50	meshes=14
37496.8	DECO	si=200	zone=mountains	ms=0.50	meshes=18
37663.2	DECO	si=201	zone=mountains	ms=0.50	meshes=14
37829.9	DECO	si=202	zone=mountains	ms=0.40	meshes=10
37996.9	DECO	si=203	zone=mountains	ms=0.40	meshes=14
38163.8	DECO	si=204	zone=mountains	ms=0.30	meshes=10
38330.5	DECO	si=205	zone=mountains	ms=0.50	meshes=18
38497.5	DECO	si=206	zone=mountains	ms=0.40	meshes=14
38663.8	DECO	si=207	zone=mountains	ms=0.40	meshes=14
38830.7	DECO	si=208	zone=mountains	ms=0.40	meshes=10
39000.1	DECO	si=209	zone=mountains	ms=2.70	meshes=18
39164.3	DECO	si=210	zone=mountains	ms=0.50	meshes=18
39331.0	DECO	si=211	zone=mountains	ms=0.40	meshes=10
39498.6	DECO	si=212	zone=mountains	ms=0.60	meshes=18
39664.7	DECO	si=213	zone=mountains	ms=0.40	meshes=10
39831.8	DECO	si=214	zone=mountains	ms=0.40	meshes=18
39998.8	DECO	si=215	zone=mountains	ms=0.40	meshes=14
40165.4	DECO	si=216	zone=mountains	ms=0.30	meshes=10
40332.1	DECO	si=217	zone=mountains	ms=0.40	meshes=14
40498.7	DECO	si=218	zone=mountains	ms=0.40	meshes=10
40665.9	ZONE_CHANGE	→ mountains	si=294	zoneLeft=49
40666.5	DECO	si=219	zone=mountains	ms=0.50	meshes=14
40832.4	DECO	si=220	zone=mountains	ms=0.50	meshes=18
40999.2	DECO	si=221	zone=mountains	ms=0.60	meshes=18
41166.0	DECO	si=222	zone=mountains	ms=0.50	meshes=14
41333.6	DECO	si=223	zone=mountains	ms=0.60	meshes=18
41499.8	DECO	si=224	zone=mountains	ms=0.80	meshes=18
41666.9	DECO	si=225	zone=mountains	ms=0.70	meshes=14
41834.2	DECO	si=226	zone=mountains	ms=0.70	meshes=18
42000.9	DECO	si=227	zone=mountains	ms=1.00	meshes=18
42167.6	DECO	si=228	zone=mountains	ms=0.90	meshes=18
42338.0	DECO	si=229	zone=mountains	ms=4.60	meshes=14
42500.4	DECO	si=230	zone=mountains	ms=0.50	meshes=10
42668.5	DECO	si=231	zone=mountains	ms=1.30	meshes=18
42834.6	DECO	si=232	zone=mountains	ms=0.80	meshes=14
43001.7	DECO	si=233	zone=mountains	ms=1.10	meshes=14
43168.4	DECO	si=234	zone=mountains	ms=1.00	meshes=14
43336.0	DECO	si=235	zone=mountains	ms=1.00	meshes=10
43502.7	DECO	si=236	zone=mountains	ms=0.80	meshes=10
43668.8	DECO	si=237	zone=mountains	ms=0.90	meshes=10
43835.6	DECO	si=238	zone=mountains	ms=1.10	meshes=14
44003.3	DECO	si=239	zone=mountains	ms=1.30	meshes=18
44169.3	DECO	si=240	zone=mountains	ms=0.80	meshes=10
44336.3	DECO	si=241	zone=mountains	ms=1.10	meshes=10
44503.8	DECO	si=242	zone=mountains	ms=1.30	meshes=18
44668.8	DECO	si=243	zone=mountains	ms=0.40	meshes=14
44837.7	DECO	si=244	zone=mountains	ms=1.40	meshes=14
45004.0	DECO	si=245	zone=mountains	ms=1.40	meshes=18
45170.3	DECO	si=246	zone=mountains	ms=1.30	meshes=18
45371.0	DECO	si=247	zone=mountains	ms=1.60	meshes=14
45536.9	DECO	si=248	zone=mountains	ms=0.80	meshes=10
45707.5	DECO	si=249	zone=mountains	ms=4.90	meshes=10
45871.4	DECO	si=250	zone=mountains	ms=1.30	meshes=10
46038.1	DECO	si=251	zone=mountains	ms=1.70	meshes=18
46215.8	DECO	si=252	zone=mountains	ms=2.50	meshes=18
46372.1	DECO	si=253	zone=mountains	ms=1.50	meshes=14
46538.1	DECO	si=254	zone=mountains	ms=0.80	meshes=10
46705.7	DECO	si=255	zone=mountains	ms=1.50	meshes=18
46871.5	DECO	si=256	zone=mountains	ms=1.00	meshes=10
47038.6	DECO	si=257	zone=mountains	ms=1.20	meshes=10
47206.3	DECO	si=258	zone=mountains	ms=1.90	meshes=18
47372.9	DECO	si=259	zone=mountains	ms=1.60	meshes=18
47375.4	SHADER_PROG	count=32	was=33	seg=194	zone=mountains
47540.0	DECO	si=260	zone=mountains	ms=1.50	meshes=14
47705.5	DECO	si=261	zone=mountains	ms=0.90	meshes=10
47872.5	DECO	si=262	zone=mountains	ms=1.30	meshes=10
48038.7	DECO	si=263	zone=mountains	ms=0.80	meshes=14
48206.8	DECO	si=264	zone=mountains	ms=1.20	meshes=10
48374.6	DECO	si=265	zone=mountains	ms=2.10	meshes=10
48540.1	DECO	si=266	zone=mountains	ms=1.60	meshes=18
48707.0	DECO	si=267	zone=mountains	ms=1.60	meshes=18
48874.3	DECO	si=268	zone=mountains	ms=1.50	meshes=14
49038.8	ZONE_CHANGE	→ buildings	si=344	zoneLeft=34
49046.8	DECO	si=269	zone=mountains	ms=7.80	meshes=14
49207.9	DECO	si=270	zone=mountains	ms=1.40	meshes=14
49374.4	DECO	si=271	zone=mountains	ms=1.30	meshes=10
49542.3	DECO	si=272	zone=mountains	ms=2.00	meshes=18
49708.4	DECO	si=273	zone=mountains	ms=1.70	meshes=14
49873.1	DECO	si=274	zone=mountains	ms=0.50	meshes=18
50042.6	DECO	si=275	zone=mountains	ms=2.00	meshes=18
50207.9	DECO	si=276	zone=mountains	ms=1.30	meshes=14
50374.6	DECO	si=277	zone=mountains	ms=1.20	meshes=10
50542.1	DECO	si=278	zone=mountains	ms=1.30	meshes=14
50709.1	DECO	si=279	zone=mountains	ms=1.50	meshes=14
50876.7	DECO	si=280	zone=mountains	ms=1.90	meshes=18
51042.3	DECO	si=281	zone=mountains	ms=1.50	meshes=18
51209.8	DECO	si=282	zone=mountains	ms=1.90	meshes=18
51375.9	DECO	si=283	zone=mountains	ms=1.50	meshes=10
51543.6	DECO	si=284	zone=mountains	ms=1.80	meshes=18
51709.5	DECO	si=285	zone=mountains	ms=1.50	meshes=14
51877.2	DECO	si=286	zone=mountains	ms=1.80	meshes=18
52043.5	DECO	si=287	zone=mountains	ms=2.10	meshes=18
52210.4	DECO	si=288	zone=mountains	ms=1.50	meshes=14
52384.9	DECO	si=289	zone=mountains	ms=8.80	meshes=10
52543.7	DECO	si=290	zone=mountains	ms=1.20	meshes=14
52710.0	DECO	si=291	zone=mountains	ms=1.30	meshes=14
52875.6	DECO	si=292	zone=mountains	ms=0.50	meshes=18
53043.8	DECO	si=293	zone=mountains	ms=1.80	meshes=18
53211.5	DECO	si=294	zone=mountains	ms=2.00	meshes=18
53378.2	DECO	si=295	zone=mountains	ms=2.00	meshes=14
53544.3	DECO	si=296	zone=mountains	ms=1.70	meshes=18
53711.3	DECO	si=297	zone=mountains	ms=2.00	meshes=18
53878.1	DECO	si=298	zone=mountains	ms=1.10	meshes=10
54044.6	DECO	si=299	zone=mountains	ms=1.20	meshes=14
54209.8	DECO	si=300	zone=mountains	ms=0.40	meshes=10
54379.8	DECO	si=301	zone=mountains	ms=2.40	meshes=14
54545.0	DECO	si=302	zone=mountains	ms=1.30	meshes=18
54711.8	DECO	si=303	zone=mountains	ms=1.60	meshes=18
54876.9	ZONE_CHANGE	→ trees	si=379	zoneLeft=49
54878.1	DECO	si=304	zone=mountains	ms=0.90	meshes=10
55046.3	DECO	si=305	zone=mountains	ms=2.00	meshes=14
55212.7	DECO	si=306	zone=mountains	ms=1.80	meshes=18
55379.4	DECO	si=307	zone=mountains	ms=2.00	meshes=18
55545.7	DECO	si=308	zone=mountains	ms=1.20	meshes=10
55720.4	DECO	si=309	zone=mountains	ms=9.10	meshes=18
55878.8	DECO	si=310	zone=mountains	ms=1.10	meshes=10
56045.2	DECO	si=311	zone=mountains	ms=0.40	meshes=18
56212.8	DECO	si=312	zone=mountains	ms=1.30	meshes=14
56380.3	DECO	si=313	zone=mountains	ms=1.90	meshes=18
56546.7	DECO	si=314	zone=mountains	ms=1.20	meshes=14
56713.9	DECO	si=315	zone=mountains	ms=1.10	meshes=10
56880.3	DECO	si=316	zone=mountains	ms=1.30	meshes=14
57046.1	DECO	si=317	zone=mountains	ms=0.80	meshes=18
57214.1	DECO	si=318	zone=mountains	ms=1.50	meshes=14
57381.0	DECO	si=319	zone=mountains	ms=1.50	meshes=10
57547.5	DECO	si=320	zone=mountains	ms=1.20	meshes=14
57714.4	DECO	si=321	zone=mountains	ms=1.70	meshes=18
57880.8	DECO	si=322	zone=mountains	ms=1.00	meshes=10
58047.7	DECO	si=323	zone=mountains	ms=1.40	meshes=18
58213.9	DECO	si=324	zone=mountains	ms=0.90	meshes=10
58382.0	DECO	si=325	zone=mountains	ms=1.50	meshes=14
58548.8	DECO	si=326	zone=mountains	ms=1.60	meshes=18
58715.1	DECO	si=327	zone=mountains	ms=1.60	meshes=18
58881.8	DECO	si=328	zone=mountains	ms=1.50	meshes=18
59055.7	DECO	si=329	zone=mountains	ms=7.90	meshes=14
59214.8	DECO	si=330	zone=mountains	ms=0.90	meshes=10
59381.0	DECO	si=331	zone=mountains	ms=0.30	meshes=14
59549.5	DECO	si=332	zone=mountains	ms=1.50	meshes=18
59715.0	DECO	si=333	zone=mountains	ms=1.10	meshes=18
59881.5	DECO	si=334	zone=mountains	ms=0.70	meshes=18
60048.1	DECO	si=335	zone=mountains	ms=0.60	meshes=10
60215.9	DECO	si=336	zone=mountains	ms=0.70	meshes=10
60382.6	DECO	si=337	zone=mountains	ms=1.20	meshes=10
60549.7	DECO	si=338	zone=mountains	ms=1.20	meshes=14
60716.9	DECO	si=339	zone=mountains	ms=1.40	meshes=10
60883.8	DECO	si=340	zone=mountains	ms=1.30	meshes=14
61049.6	DECO	si=341	zone=mountains	ms=1.20	meshes=10
61216.4	DECO	si=342	zone=mountains	ms=1.00	meshes=10
61384.3	DECO	si=343	zone=mountains	ms=1.20	meshes=10
61554.3	DECO	si=344	zone=buildings	ms=5.10	meshes=7
61718.9	DECO	si=345	zone=buildings	ms=2.70	meshes=6
61887.4	DECO	si=346	zone=buildings	ms=4.30	meshes=7
62053.1	DECO	si=347	zone=buildings	ms=4.00	meshes=7
62221.1	DECO	si=348	zone=buildings	ms=4.80	meshes=7
62386.3	DECO	si=349	zone=buildings	ms=3.30	meshes=7
62554.5	DECO	si=350	zone=buildings	ms=4.60	meshes=6
62722.3	DECO	si=351	zone=buildings	ms=5.50	meshes=7
62890.6	DECO	si=352	zone=buildings	ms=7.10	meshes=6
63054.5	DECO	si=353	zone=buildings	ms=4.00	meshes=7
63216.8	ZONE_CHANGE	→ buildings	si=429	zoneLeft=40
63221.3	DECO	si=354	zone=buildings	ms=4.20	meshes=6
63387.9	DECO	si=355	zone=buildings	ms=4.10	meshes=7
63556.5	DECO	si=356	zone=buildings	ms=5.80	meshes=7
63723.6	DECO	si=357	zone=buildings	ms=5.80	meshes=7
63890.5	DECO	si=358	zone=buildings	ms=5.60	meshes=7
64055.2	DECO	si=359	zone=buildings	ms=4.10	meshes=7
64219.5	DECO	si=360	zone=buildings	ms=1.90	meshes=7
64388.8	DECO	si=361	zone=buildings	ms=4.00	meshes=7
64558.2	DECO	si=362	zone=buildings	ms=5.50	meshes=7
64722.5	DECO	si=363	zone=buildings	ms=3.50	meshes=7
64891.4	DECO	si=364	zone=buildings	ms=6.60	meshes=6
65055.9	DECO	si=365	zone=buildings	ms=4.20	meshes=7
65224.3	DECO	si=366	zone=intersection	ms=5.20	meshes=37
65396.7	DECO	si=367	zone=buildings	ms=10.30	meshes=7
65557.2	DECO	si=368	zone=buildings	ms=4.80	meshes=7
65585.8	SHADER_PROG	count=33	was=32	seg=303	zone=mountains
65722.2	DECO	si=369	zone=buildings	ms=3.50	meshes=7
65886.7	DECO	si=370	zone=buildings	ms=1.40	meshes=7
66055.4	DECO	si=371	zone=buildings	ms=2.50	meshes=6
66222.0	DECO	si=372	zone=buildings	ms=2.90	meshes=7
66389.3	DECO	si=373	zone=buildings	ms=2.80	meshes=7
66556.9	DECO	si=374	zone=buildings	ms=3.50	meshes=7
66723.0	DECO	si=375	zone=buildings	ms=3.40	meshes=7
66889.2	DECO	si=376	zone=buildings	ms=2.30	meshes=7
67055.9	DECO	si=377	zone=buildings	ms=2.70	meshes=7
67222.8	DECO	si=378	zone=buildings	ms=2.40	meshes=7
67388.8	DECO	si=379	zone=trees	ms=2.20	meshes=34
67555.2	DECO	si=380	zone=trees	ms=1.60	meshes=28
67721.4	DECO	si=381	zone=trees	ms=1.20	meshes=30
67888.4	DECO	si=382	zone=trees	ms=1.50	meshes=34
68055.2	DECO	si=383	zone=trees	ms=1.60	meshes=32
68222.1	DECO	si=384	zone=trees	ms=1.60	meshes=36
68389.3	DECO	si=385	zone=trees	ms=2.00	meshes=33
68555.5	DECO	si=386	zone=trees	ms=1.40	meshes=34
68722.0	DECO	si=387	zone=trees	ms=1.10	meshes=30
68888.9	DECO	si=388	zone=trees	ms=1.40	meshes=30
69056.0	DECO	si=389	zone=trees	ms=1.40	meshes=35
69222.8	DECO	si=390	zone=trees	ms=1.40	meshes=30
69389.4	DECO	si=391	zone=trees	ms=1.30	meshes=37
69556.3	DECO	si=392	zone=trees	ms=1.40	meshes=29
69723.0	DECO	si=393	zone=trees	ms=1.30	meshes=31
69898.8	DECO	si=394	zone=trees	ms=1.20	meshes=32
70055.4	ZONE_CHANGE	→ buildings	si=470	zoneLeft=36
70056.4	DECO	si=395	zone=trees	ms=1.00	meshes=27
70223.3	DECO	si=396	zone=trees	ms=1.20	meshes=34
70390.5	DECO	si=397	zone=trees	ms=1.30	meshes=30
70557.9	DECO	si=398	zone=trees	ms=1.60	meshes=32
70724.4	DECO	si=399	zone=trees	ms=1.10	meshes=29
70896.2	DECO	si=400	zone=trees	ms=1.00	meshes=26
71057.6	DECO	si=401	zone=trees	ms=1.10	meshes=28
71224.4	DECO	si=402	zone=trees	ms=1.40	meshes=32
71391.6	DECO	si=403	zone=trees	ms=1.30	meshes=33
71557.8	DECO	si=404	zone=trees	ms=1.10	meshes=30
71726.0	DECO	si=405	zone=trees	ms=1.20	meshes=29
71897.6	DECO	si=406	zone=trees	ms=1.00	meshes=25
72068.8	DECO	si=407	zone=trees	ms=1.00	meshes=27
72246.2	DECO	si=408	zone=trees	ms=1.00	meshes=29
72427.0	DECO	si=409	zone=trees	ms=1.30	meshes=31
72611.9	DECO	si=410	zone=trees	ms=1.10	meshes=28
72806.5	DECO	si=411	zone=trees	ms=1.20	meshes=31
73007.6	DECO	si=412	zone=trees	ms=1.30	meshes=35
73211.1	DECO	si=413	zone=trees	ms=1.10	meshes=29
73411.1	DECO	si=414	zone=trees	ms=1.10	meshes=29
73617.6	DECO	si=415	zone=trees	ms=1.30	meshes=34
73830.2	DECO	si=416	zone=trees	ms=1.50	meshes=35
74045.6	DECO	si=417	zone=trees	ms=1.20	meshes=35
74264.7	DECO	si=418	zone=trees	ms=1.20	meshes=28
74490.6	DECO	si=419	zone=trees	ms=1.10	meshes=28
74716.6	DECO	si=420	zone=trees	ms=1.50	meshes=39
74945.3	DECO	si=421	zone=trees	ms=1.10	meshes=30
75177.9	DECO	si=422	zone=trees	ms=1.40	meshes=33
75414.2	DECO	si=423	zone=trees	ms=1.20	meshes=33
75654.0	DECO	si=424	zone=trees	ms=1.10	meshes=31
75903.2	DECO	si=425	zone=trees	ms=1.50	meshes=35
76143.1	DECO	si=426	zone=trees	ms=1.50	meshes=40
76376.2	DECO	si=427	zone=trees	ms=1.40	meshes=36
76622.0	DECO	si=428	zone=trees	ms=1.40	meshes=31
77445.3	DECO	si=429	zone=buildings	ms=1.40	meshes=7
77716.6	DECO	si=430	zone=buildings	ms=1.50	meshes=7
78014.0	DECO	si=431	zone=buildings	ms=1.60	meshes=7
78335.5	ZONE_CHANGE	→ tunnel	si=507	zoneLeft=47
78336.7	DECO	si=432	zone=buildings	ms=1.10	meshes=7
78690.4	DECO	si=433	zone=buildings	ms=1.50	meshes=7
79635.7	DECO	si=434	zone=buildings	ms=1.30	meshes=7
79997.2	DECO	si=435	zone=buildings	ms=1.30	meshes=7
80547.9	DECO	si=436	zone=buildings	ms=1.40	meshes=7
84466.6	DECO	si=437	zone=buildings	ms=1.60	meshes=7
84971.3	DECO	si=438	zone=buildings	ms=1.40	meshes=6
85425.2	DECO	si=439	zone=buildings	ms=2.60	meshes=7
86026.0	DECO	si=440	zone=buildings	ms=1.60	meshes=7
86623.5	DECO	si=441	zone=buildings	ms=1.50	meshes=7
88186.1	DECO	si=442	zone=buildings	ms=1.50	meshes=6
88479.4	DECO	si=443	zone=buildings	ms=1.40	meshes=7
88745.9	DECO	si=444	zone=buildings	ms=1.30	meshes=7
89008.2	DECO	si=445	zone=buildings	ms=1.20	meshes=7
89271.3	DECO	si=446	zone=buildings	ms=1.20	meshes=7
89538.4	DECO	si=447	zone=buildings	ms=1.50	meshes=7
89804.3	DECO	si=448	zone=buildings	ms=1.10	meshes=7
90065.4	DECO	si=449	zone=buildings	ms=1.50	meshes=7
90327.3	DECO	si=450	zone=buildings	ms=1.20	meshes=7
90585.0	DECO	si=451	zone=intersection	ms=1.10	meshes=37
90842.9	DECO	si=452	zone=buildings	ms=1.40	meshes=7
91095.3	DECO	si=453	zone=buildings	ms=1.40	meshes=7
91355.3	DECO	si=454	zone=buildings	ms=1.10	meshes=6
91609.3	DECO	si=455	zone=buildings	ms=1.00	meshes=7
91872.0	DECO	si=456	zone=buildings	ms=1.50	meshes=7
92132.9	DECO	si=457	zone=buildings	ms=1.20	meshes=7
92420.6	DECO	si=458	zone=buildings	ms=2.50	meshes=6
97855.1	DECO	si=459	zone=buildings	ms=1.30	meshes=7
98138.6	DECO	si=460	zone=buildings	ms=1.40	meshes=6
98414.2	DECO	si=461	zone=buildings	ms=1.60	meshes=7
98690.0	DECO	si=462	zone=buildings	ms=1.40	meshes=7
98966.2	DECO	si=463	zone=buildings	ms=1.10	meshes=7
99244.3	DECO	si=464	zone=buildings	ms=1.60	meshes=7
99515.7	DECO	si=465	zone=buildings	ms=1.50	meshes=7
99784.0	DECO	si=466	zone=buildings	ms=2.00	meshes=7
100051.6	DECO	si=467	zone=buildings	ms=1.50	meshes=7
100310.2	DECO	si=468	zone=buildings	ms=1.50	meshes=7
100582.4	DECO	si=469	zone=buildings	ms=1.00	meshes=7
100787.9	DECO	si=470	zone=buildings	ms=1.60	meshes=6
100982.3	DECO	si=471	zone=buildings	ms=1.20	meshes=7
101167.0	DECO	si=472	zone=buildings	ms=1.10	meshes=7
101342.8	DECO	si=473	zone=buildings	ms=1.20	meshes=7
101521.3	DECO	si=474	zone=intersection	ms=1.50	meshes=37
101695.5	DECO	si=475	zone=buildings	ms=1.40	meshes=7
101859.6	DECO	si=476	zone=buildings	ms=0.90	meshes=6
102039.0	DECO	si=477	zone=buildings	ms=1.80	meshes=7
102199.1	DECO	si=478	zone=buildings	ms=1.20	meshes=7
102365.6	DECO	si=479	zone=buildings	ms=1.30	meshes=7
102531.0	ZONE_CHANGE	→ buildings	si=555	zoneLeft=45
102532.5	DECO	si=480	zone=buildings	ms=1.40	meshes=7
102702.1	DECO	si=481	zone=buildings	ms=1.80	meshes=7
102911.5	DECO	si=482	zone=buildings	ms=1.40	meshes=7
103113.0	DECO	si=483	zone=buildings	ms=1.50	meshes=7
103302.4	DECO	si=484	zone=buildings	ms=1.30	meshes=7
103489.8	DECO	si=485	zone=buildings	ms=1.50	meshes=7
103675.6	DECO	si=486	zone=buildings	ms=1.10	meshes=7
103860.6	DECO	si=487	zone=buildings	ms=1.40	meshes=7
104043.1	DECO	si=488	zone=buildings	ms=1.20	meshes=7
104223.6	DECO	si=489	zone=buildings	ms=1.60	meshes=7
104401.8	DECO	si=490	zone=buildings	ms=1.10	meshes=7
104581.2	DECO	si=491	zone=buildings	ms=1.40	meshes=7
104758.4	DECO	si=492	zone=buildings	ms=1.30	meshes=7
104938.0	DECO	si=493	zone=buildings	ms=1.60	meshes=7
105118.6	DECO	si=494	zone=buildings	ms=1.20	meshes=7
105299.9	DECO	si=495	zone=buildings	ms=1.30	meshes=7
105479.5	DECO	si=496	zone=buildings	ms=1.30	meshes=7
105659.8	DECO	si=497	zone=intersection	ms=1.20	meshes=37
105842.3	DECO	si=498	zone=buildings	ms=1.20	meshes=7
106021.0	DECO	si=499	zone=buildings	ms=1.30	meshes=7
106200.3	DECO	si=500	zone=buildings	ms=1.70	meshes=7
106380.9	DECO	si=501	zone=buildings	ms=1.30	meshes=6
106558.3	DECO	si=502	zone=buildings	ms=1.00	meshes=7
106735.7	DECO	si=503	zone=buildings	ms=1.20	meshes=6
106914.3	DECO	si=504	zone=buildings	ms=1.20	meshes=7
107096.4	DECO	si=505	zone=buildings	ms=1.50	meshes=7
107288.9	DECO	si=506	zone=buildings	ms=1.80	meshes=7
107471.6	DECO	si=507	zone=tunnel	ms=0.40	meshes=27
107652.0	DECO	si=508	zone=tunnel	ms=0.50	meshes=27
107827.9	DECO	si=509	zone=tunnel	ms=0.40	meshes=27
107999.7	DECO	si=510	zone=tunnel	ms=0.40	meshes=27
108179.2	DECO	si=511	zone=tunnel	ms=0.50	meshes=27
108351.5	DECO	si=512	zone=tunnel	ms=0.50	meshes=27
108523.2	DECO	si=513	zone=tunnel	ms=0.60	meshes=27
108693.3	DECO	si=514	zone=tunnel	ms=0.50	meshes=27
108863.2	DECO	si=515	zone=tunnel	ms=0.30	meshes=27
109029.8	DECO	si=516	zone=tunnel	ms=0.40	meshes=27
109191.8	DECO	si=517	zone=tunnel	ms=0.50	meshes=27
109354.5	DECO	si=518	zone=tunnel	ms=0.40	meshes=27
109522.7	DECO	si=519	zone=tunnel	ms=0.40	meshes=27
109688.5	DECO	si=520	zone=tunnel	ms=0.70	meshes=27
109856.2	DECO	si=521	zone=tunnel	ms=0.50	meshes=27
110021.7	DECO	si=522	zone=tunnel	ms=0.30	meshes=27
110188.3	DECO	si=523	zone=tunnel	ms=0.40	meshes=27
110354.6	DECO	si=524	zone=tunnel	ms=0.50	meshes=27
110521.4	DECO	si=525	zone=tunnel	ms=0.40	meshes=27
110688.1	ZONE_CHANGE	→ buildings	si=601	zoneLeft=44
110688.5	DECO	si=526	zone=tunnel	ms=0.40	meshes=27
110855.0	DECO	si=527	zone=tunnel	ms=0.40	meshes=27
111022.0	DECO	si=528	zone=tunnel	ms=0.50	meshes=27
111189.0	DECO	si=529	zone=tunnel	ms=0.50	meshes=27
111356.2	DECO	si=530	zone=tunnel	ms=0.50	meshes=27
111522.2	DECO	si=531	zone=tunnel	ms=0.40	meshes=27
111688.9	DECO	si=532	zone=tunnel	ms=0.50	meshes=27
111855.9	DECO	si=533	zone=tunnel	ms=0.50	meshes=27
112022.8	DECO	si=534	zone=tunnel	ms=0.50	meshes=27
112189.5	DECO	si=535	zone=tunnel	ms=0.60	meshes=27
112356.6	DECO	si=536	zone=tunnel	ms=0.50	meshes=27
112523.1	DECO	si=537	zone=tunnel	ms=0.50	meshes=27
112690.1	DECO	si=538	zone=tunnel	ms=0.40	meshes=27
112856.5	DECO	si=539	zone=tunnel	ms=0.40	meshes=27
113023.8	DECO	si=540	zone=tunnel	ms=0.40	meshes=27
113190.1	DECO	si=541	zone=tunnel	ms=0.50	meshes=27
113357.1	DECO	si=542	zone=tunnel	ms=0.50	meshes=27
113523.7	DECO	si=543	zone=tunnel	ms=0.40	meshes=27
113691.2	DECO	si=544	zone=tunnel	ms=0.40	meshes=27
113857.3	DECO	si=545	zone=tunnel	ms=0.40	meshes=27
114024.6	DECO	si=546	zone=tunnel	ms=0.30	meshes=27
114190.9	DECO	si=547	zone=tunnel	ms=0.40	meshes=27
114358.0	DECO	si=548	zone=tunnel	ms=0.40	meshes=27
114524.8	DECO	si=549	zone=tunnel	ms=0.40	meshes=27
114691.4	DECO	si=550	zone=tunnel	ms=0.50	meshes=27
114858.4	DECO	si=551	zone=tunnel	ms=0.40	meshes=27
115025.3	DECO	si=552	zone=tunnel	ms=0.50	meshes=27
115199.4	DECO	si=553	zone=tunnel	ms=0.70	meshes=27
115358.8	DECO	si=554	zone=tunnel	ms=0.40	meshes=27
115526.7	DECO	si=555	zone=buildings	ms=1.60	meshes=7
115693.4	DECO	si=556	zone=buildings	ms=1.20	meshes=7
115860.5	DECO	si=557	zone=buildings	ms=1.80	meshes=7
116026.5	DECO	si=558	zone=buildings	ms=1.10	meshes=7
116193.9	DECO	si=559	zone=buildings	ms=1.70	meshes=7
116360.3	DECO	si=560	zone=buildings	ms=1.40	meshes=7
116527.3	DECO	si=561	zone=buildings	ms=1.30	meshes=7
116693.9	DECO	si=562	zone=buildings	ms=1.40	meshes=7
116861.5	DECO	si=563	zone=buildings	ms=1.50	meshes=7
117027.5	DECO	si=564	zone=buildings	ms=1.20	meshes=7
117194.9	DECO	si=565	zone=buildings	ms=1.60	meshes=7
117361.5	DECO	si=566	zone=buildings	ms=1.70	meshes=7
117528.3	DECO	si=567	zone=buildings	ms=1.80	meshes=7
117694.5	DECO	si=568	zone=buildings	ms=1.30	meshes=7
117862.0	DECO	si=569	zone=buildings	ms=1.40	meshes=7
118029.2	DECO	si=570	zone=buildings	ms=2.10	meshes=6
118193.8	ZONE_CHANGE	→ buildings	si=646	zoneLeft=35
118196.1	DECO	si=571	zone=buildings	ms=2.20	meshes=5
118362.9	DECO	si=572	zone=buildings	ms=1.70	meshes=7
118530.7	DECO	si=573	zone=buildings	ms=2.70	meshes=7
118697.2	DECO	si=574	zone=buildings	ms=2.10	meshes=6
118864.0	DECO	si=575	zone=buildings	ms=2.80	meshes=7
119029.3	DECO	si=576	zone=buildings	ms=1.30	meshes=7
119196.2	DECO	si=577	zone=intersection	ms=1.40	meshes=37
119362.8	DECO	si=578	zone=buildings	ms=1.40	meshes=7
119530.0	DECO	si=579	zone=buildings	ms=1.60	meshes=7
119697.1	DECO	si=580	zone=buildings	ms=2.00	meshes=7
119864.4	DECO	si=581	zone=buildings	ms=2.10	meshes=7
120030.8	DECO	si=582	zone=buildings	ms=2.00	meshes=7
120197.2	DECO	si=583	zone=buildings	ms=1.50	meshes=7
120363.9	DECO	si=584	zone=buildings	ms=1.70	meshes=6
120531.4	DECO	si=585	zone=buildings	ms=1.90	meshes=6
120697.4	DECO	si=586	zone=buildings	ms=1.20	meshes=7
120864.7	DECO	si=587	zone=buildings	ms=1.70	meshes=7
121031.4	DECO	si=588	zone=buildings	ms=2.00	meshes=7
121198.4	DECO	si=589	zone=buildings	ms=1.50	meshes=7
121364.7	DECO	si=590	zone=buildings	ms=1.70	meshes=7
121531.3	DECO	si=591	zone=buildings	ms=1.40	meshes=7
121698.3	DECO	si=592	zone=buildings	ms=1.40	meshes=7
121864.9	DECO	si=593	zone=buildings	ms=1.00	meshes=7
122031.9	DECO	si=594	zone=buildings	ms=1.60	meshes=7
122198.7	DECO	si=595	zone=buildings	ms=1.20	meshes=6
122365.4	DECO	si=596	zone=buildings	ms=1.70	meshes=7
122532.3	DECO	si=597	zone=buildings	ms=1.30	meshes=7
122699.0	DECO	si=598	zone=buildings	ms=1.60	meshes=7
122866.1	DECO	si=599	zone=buildings	ms=1.90	meshes=7
123032.3	DECO	si=600	zone=intersection	ms=1.10	meshes=37
123199.4	DECO	si=601	zone=buildings	ms=1.10	meshes=7
123366.4	DECO	si=602	zone=buildings	ms=1.30	meshes=7
123532.9	DECO	si=603	zone=buildings	ms=1.40	meshes=7
123699.7	DECO	si=604	zone=buildings	ms=1.20	meshes=7
123866.2	DECO	si=605	zone=buildings	ms=1.20	meshes=7
124033.4	DECO	si=606	zone=buildings	ms=1.40	meshes=7
124198.6	ZONE_CHANGE	→ buildings	si=682	zoneLeft=42
124200.1	DECO	si=607	zone=buildings	ms=1.50	meshes=6
124366.5	DECO	si=608	zone=buildings	ms=1.20	meshes=7
124534.0	DECO	si=609	zone=buildings	ms=1.50	meshes=6
124700.2	DECO	si=610	zone=buildings	ms=1.30	meshes=7
124867.3	DECO	si=611	zone=buildings	ms=1.20	meshes=6
125033.6	DECO	si=612	zone=buildings	ms=0.90	meshes=6
125200.8	DECO	si=613	zone=buildings	ms=1.10	meshes=7
125367.2	DECO	si=614	zone=buildings	ms=0.90	meshes=7
125544.1	DECO	si=615	zone=buildings	ms=1.50	meshes=6
125701.1	DECO	si=616	zone=buildings	ms=1.10	meshes=7
125868.1	DECO	si=617	zone=buildings	ms=1.30	meshes=7
126034.8	DECO	si=618	zone=buildings	ms=1.10	meshes=7
126202.6	DECO	si=619	zone=buildings	ms=2.10	meshes=7
126371.2	DECO	si=620	zone=buildings	ms=1.20	meshes=6
126536.2	DECO	si=621	zone=buildings	ms=1.50	meshes=7
126701.8	DECO	si=622	zone=buildings	ms=1.00	meshes=7
126868.9	DECO	si=623	zone=intersection	ms=0.70	meshes=37
127035.9	DECO	si=624	zone=buildings	ms=1.10	meshes=6
127203.2	DECO	si=625	zone=buildings	ms=1.20	meshes=6
127369.6	DECO	si=626	zone=buildings	ms=1.60	meshes=7
127537.5	DECO	si=627	zone=buildings	ms=1.10	meshes=7
127712.4	DECO	si=628	zone=buildings	ms=1.80	meshes=7
127874.1	DECO	si=629	zone=buildings	ms=1.00	meshes=7
128036.2	DECO	si=630	zone=buildings	ms=1.30	meshes=5
128203.4	DECO	si=631	zone=buildings	ms=1.20	meshes=7
128370.2	DECO	si=632	zone=buildings	ms=1.50	meshes=6
128537.0	DECO	si=633	zone=buildings	ms=1.20	meshes=6
128703.6	DECO	si=634	zone=buildings	ms=1.40	meshes=7
128870.2	DECO	si=635	zone=buildings	ms=1.10	meshes=7
129037.7	DECO	si=636	zone=buildings	ms=1.40	meshes=7
129204.4	DECO	si=637	zone=buildings	ms=1.40	meshes=7
129371.3	DECO	si=638	zone=buildings	ms=1.40	meshes=7
129538.2	DECO	si=639	zone=buildings	ms=1.00	meshes=7
129704.5	DECO	si=640	zone=buildings	ms=1.60	meshes=6
129873.5	DECO	si=641	zone=buildings	ms=2.00	meshes=6
130039.3	DECO	si=642	zone=buildings	ms=1.20	meshes=7
130211.4	DECO	si=643	zone=buildings	ms=1.20	meshes=7
130383.4	DECO	si=644	zone=buildings	ms=1.60	meshes=7
130556.1	DECO	si=645	zone=buildings	ms=1.20	meshes=7
130742.5	DECO	si=646	zone=intersection	ms=1.10	meshes=37
130914.4	DECO	si=647	zone=buildings	ms=1.20	meshes=7
131092.3	DECO	si=648	zone=buildings	ms=1.20	meshes=6
131258.3	DECO	si=649	zone=buildings	ms=1.40	meshes=7
131429.5	ZONE_CHANGE	→ buildings	si=725	zoneLeft=37
131430.9	DECO	si=650	zone=buildings	ms=1.30	meshes=7
131595.7	DECO	si=651	zone=buildings	ms=1.40	meshes=6
131759.6	DECO	si=652	zone=buildings	ms=1.70	meshes=7
131923.1	DECO	si=653	zone=buildings	ms=1.60	meshes=6
132089.9	DECO	si=654	zone=buildings	ms=1.40	meshes=6
132257.3	DECO	si=655	zone=buildings	ms=1.60	meshes=6
132424.0	DECO	si=656	zone=buildings	ms=1.40	meshes=5
132590.8	DECO	si=657	zone=buildings	ms=1.30	meshes=7
132776.6	DECO	si=658	zone=buildings	ms=1.10	meshes=6
132940.4	DECO	si=659	zone=buildings	ms=1.30	meshes=7
133109.0	DECO	si=660	zone=buildings	ms=1.30	meshes=6
133275.4	DECO	si=661	zone=buildings	ms=1.60	meshes=6
133440.4	DECO	si=662	zone=buildings	ms=1.10	meshes=7
133608.7	DECO	si=663	zone=buildings	ms=1.40	meshes=7
133774.9	DECO	si=664	zone=buildings	ms=1.10	meshes=7
133941.6	DECO	si=665	zone=buildings	ms=1.60	meshes=6
134108.5	DECO	si=666	zone=buildings	ms=1.20	meshes=6
134275.6	DECO	si=667	zone=buildings	ms=1.50	meshes=7
134447.2	DECO	si=668	zone=buildings	ms=1.70	meshes=7
134614.0	DECO	si=669	zone=intersection	ms=1.30	meshes=37
134780.6	DECO	si=670	zone=buildings	ms=1.70	meshes=7
134947.6	DECO	si=671	zone=buildings	ms=1.30	meshes=7
135112.7	DECO	si=672	zone=buildings	ms=1.50	meshes=7
135278.3	DECO	si=673	zone=buildings	ms=1.50	meshes=7
135445.6	DECO	si=674	zone=buildings	ms=1.30	meshes=7
135617.6	DECO	si=675	zone=buildings	ms=1.10	meshes=6
135789.2	DECO	si=676	zone=buildings	ms=1.20	meshes=6
135953.2	DECO	si=677	zone=buildings	ms=1.00	meshes=7
136117.3	DECO	si=678	zone=buildings	ms=1.50	meshes=7
136279.3	DECO	si=679	zone=buildings	ms=1.40	meshes=7
136447.8	DECO	si=680	zone=buildings	ms=1.10	meshes=7
136627.0	DECO	si=681	zone=buildings	ms=1.20	meshes=7
136794.4	DECO	si=682	zone=buildings	ms=1.70	meshes=7
136960.8	DECO	si=683	zone=buildings	ms=1.20	meshes=7
137129.0	DECO	si=684	zone=buildings	ms=1.40	meshes=7
137301.7	DECO	si=685	zone=buildings	ms=1.70	meshes=7
137470.1	DECO	si=686	zone=buildings	ms=1.50	meshes=7
137637.2	DECO	si=687	zone=buildings	ms=1.60	meshes=7
137808.4	ZONE_CHANGE	→ buildings	si=763	zoneLeft=39
137810.2	DECO	si=688	zone=buildings	ms=1.70	meshes=7
137983.2	DECO	si=689	zone=buildings	ms=1.00	meshes=7
138151.3	DECO	si=690	zone=buildings	ms=2.10	meshes=6
138318.9	DECO	si=691	zone=buildings	ms=1.10	meshes=7
138487.5	DECO	si=692	zone=intersection	ms=1.10	meshes=37
138659.9	DECO	si=693	zone=buildings	ms=1.40	meshes=7
138829.7	DECO	si=694	zone=buildings	ms=1.30	meshes=6
138996.0	DECO	si=695	zone=buildings	ms=1.70	meshes=7
139162.2	DECO	si=696	zone=buildings	ms=1.30	meshes=7
139329.1	DECO	si=697	zone=buildings	ms=1.50	meshes=7
139499.7	DECO	si=698	zone=buildings	ms=1.20	meshes=7
139668.1	DECO	si=699	zone=buildings	ms=1.60	meshes=7
139836.1	DECO	si=700	zone=buildings	ms=1.40	meshes=7
140006.9	DECO	si=701	zone=buildings	ms=1.50	meshes=7
140176.1	DECO	si=702	zone=buildings	ms=1.00	meshes=6
140341.6	DECO	si=703	zone=buildings	ms=1.40	meshes=6
140505.1	DECO	si=704	zone=buildings	ms=1.10	meshes=7
140666.2	DECO	si=705	zone=buildings	ms=1.30	meshes=7
140836.3	DECO	si=706	zone=buildings	ms=1.40	meshes=7
141000.6	DECO	si=707	zone=buildings	ms=1.70	meshes=7
141165.0	DECO	si=708	zone=buildings	ms=1.30	meshes=7
141334.5	DECO	si=709	zone=buildings	ms=1.70	meshes=7
141510.9	DECO	si=710	zone=buildings	ms=1.30	meshes=7
141680.8	DECO	si=711	zone=buildings	ms=1.40	meshes=7
141853.8	DECO	si=712	zone=buildings	ms=1.10	meshes=7
142028.5	DECO	si=713	zone=buildings	ms=1.50	meshes=6
142201.2	DECO	si=714	zone=buildings	ms=1.30	meshes=7
142367.4	DECO	si=715	zone=intersection	ms=0.90	meshes=37
142534.4	DECO	si=716	zone=buildings	ms=1.30	meshes=7
142708.4	DECO	si=717	zone=buildings	ms=2.00	meshes=7
142876.7	DECO	si=718	zone=buildings	ms=1.60	meshes=6
143040.7	DECO	si=719	zone=buildings	ms=1.80	meshes=7
143206.1	DECO	si=720	zone=buildings	ms=1.50	meshes=7
143385.0	DECO	si=721	zone=buildings	ms=1.10	meshes=7
143557.4	DECO	si=722	zone=buildings	ms=1.30	meshes=7
143724.3	DECO	si=723	zone=buildings	ms=1.10	meshes=7
143891.9	DECO	si=724	zone=buildings	ms=1.40	meshes=6
144061.1	DECO	si=725	zone=buildings	ms=1.40	meshes=7
144230.6	DECO	si=726	zone=buildings	ms=1.40	meshes=7
144414.4	DECO	si=727	zone=buildings	ms=1.40	meshes=7
144585.7	ZONE_CHANGE	→ buildings	si=803	zoneLeft=33
144587.3	DECO	si=728	zone=buildings	ms=1.50	meshes=7
144759.3	DECO	si=729	zone=buildings	ms=1.40	meshes=6
144930.2	DECO	si=730	zone=buildings	ms=1.80	meshes=6
145101.8	DECO	si=731	zone=buildings	ms=1.20	meshes=7
145274.2	DECO	si=732	zone=buildings	ms=1.70	meshes=7
145449.5	DECO	si=733	zone=buildings	ms=1.20	meshes=7
145624.4	DECO	si=734	zone=buildings	ms=1.70	meshes=7
145795.0	DECO	si=735	zone=buildings	ms=1.10	meshes=7
145965.5	DECO	si=736	zone=buildings	ms=1.30	meshes=6
146135.2	DECO	si=737	zone=buildings	ms=1.30	meshes=7
146300.7	DECO	si=738	zone=intersection	ms=0.90	meshes=37
146468.7	DECO	si=739	zone=buildings	ms=1.30	meshes=7
146635.3	DECO	si=740	zone=buildings	ms=1.40	meshes=7
146806.5	DECO	si=741	zone=buildings	ms=1.20	meshes=7
146970.8	DECO	si=742	zone=buildings	ms=1.20	meshes=7
147136.2	DECO	si=743	zone=buildings	ms=1.30	meshes=7
147301.6	DECO	si=744	zone=buildings	ms=1.00	meshes=7
147471.6	DECO	si=745	zone=buildings	ms=2.00	meshes=7
147646.8	DECO	si=746	zone=buildings	ms=1.00	meshes=7
147810.7	DECO	si=747	zone=buildings	ms=1.30	meshes=7
147976.5	DECO	si=748	zone=buildings	ms=1.00	meshes=7
148140.3	DECO	si=749	zone=buildings	ms=1.50	meshes=7
148305.0	DECO	si=750	zone=buildings	ms=1.20	meshes=6
148478.1	DECO	si=751	zone=buildings	ms=1.60	meshes=7
148647.4	DECO	si=752	zone=buildings	ms=1.40	meshes=7
148810.8	DECO	si=753	zone=buildings	ms=1.80	meshes=7
148976.9	DECO	si=754	zone=buildings	ms=1.50	meshes=6
149140.0	DECO	si=755	zone=buildings	ms=1.60	meshes=7
149305.5	DECO	si=756	zone=buildings	ms=1.20	meshes=6
149470.6	DECO	si=757	zone=buildings	ms=1.50	meshes=6
149639.9	DECO	si=758	zone=buildings	ms=1.30	meshes=5
149809.9	DECO	si=759	zone=buildings	ms=1.30	meshes=7
149983.6	DECO	si=760	zone=buildings	ms=1.50	meshes=7
150155.7	DECO	si=761	zone=intersection	ms=0.80	meshes=37
150330.4	ZONE_CHANGE	→ dirt	si=837	zoneLeft=31
150332.7	DECO	si=762	zone=buildings	ms=2.20	meshes=7
150501.7	DECO	si=763	zone=buildings	ms=1.40	meshes=7
150669.6	DECO	si=764	zone=buildings	ms=1.50	meshes=7
150840.4	DECO	si=765	zone=buildings	ms=1.20	meshes=7
151010.2	DECO	si=766	zone=buildings	ms=1.40	meshes=7
151197.8	DECO	si=767	zone=buildings	ms=1.30	meshes=7
151369.6	DECO	si=768	zone=buildings	ms=1.40	meshes=7
151539.4	DECO	si=769	zone=buildings	ms=1.40	meshes=7
151708.8	DECO	si=770	zone=buildings	ms=1.50	meshes=7
151878.0	DECO	si=771	zone=buildings	ms=1.50	meshes=7
152043.6	DECO	si=772	zone=buildings	ms=1.20	meshes=6
152206.6	DECO	si=773	zone=buildings	ms=1.30	meshes=7
152380.4	DECO	si=774	zone=buildings	ms=1.60	meshes=7
152547.0	DECO	si=775	zone=buildings	ms=1.30	meshes=7
152711.7	DECO	si=776	zone=buildings	ms=1.30	meshes=6
152881.7	DECO	si=777	zone=buildings	ms=1.30	meshes=7
153049.9	DECO	si=778	zone=buildings	ms=1.40	meshes=7
153216.6	DECO	si=779	zone=buildings	ms=2.00	meshes=6
153382.8	DECO	si=780	zone=buildings	ms=1.40	meshes=7
153549.2	DECO	si=781	zone=buildings	ms=1.60	meshes=7
153714.9	DECO	si=782	zone=buildings	ms=1.20	meshes=7
153877.6	DECO	si=783	zone=buildings	ms=2.20	meshes=7
154049.1	DECO	si=784	zone=intersection	ms=1.10	meshes=37
154224.5	DECO	si=785	zone=buildings	ms=1.50	meshes=6
154395.8	DECO	si=786	zone=buildings	ms=1.20	meshes=7
154567.7	DECO	si=787	zone=buildings	ms=1.40	meshes=7
154734.6	DECO	si=788	zone=buildings	ms=1.30	meshes=7
154900.1	DECO	si=789	zone=buildings	ms=1.50	meshes=7
155066.8	DECO	si=790	zone=buildings	ms=1.00	meshes=7
155229.8	DECO	si=791	zone=buildings	ms=1.60	meshes=7
155397.9	DECO	si=792	zone=buildings	ms=1.60	meshes=6
155568.2	DECO	si=793	zone=buildings	ms=1.40	meshes=7
155734.1	ZONE_CHANGE	→ bridge	si=869	zoneLeft=48
155735.5	DECO	si=794	zone=buildings	ms=1.30	meshes=7
155909.4	DECO	si=795	zone=buildings	ms=1.50	meshes=7
156078.3	DECO	si=796	zone=buildings	ms=2.20	meshes=7
156244.1	DECO	si=797	zone=buildings	ms=2.40	meshes=7
156409.5	DECO	si=798	zone=buildings	ms=1.30	meshes=7
156576.8	DECO	si=799	zone=buildings	ms=1.50	meshes=6
156748.8	DECO	si=800	zone=buildings	ms=1.50	meshes=7
156919.5	DECO	si=801	zone=buildings	ms=2.00	meshes=7
157083.8	DECO	si=802	zone=buildings	ms=0.90	meshes=7
157256.3	DECO	si=803	zone=buildings	ms=1.20	meshes=7
157430.6	DECO	si=804	zone=buildings	ms=1.50	meshes=7
157609.5	DECO	si=805	zone=buildings	ms=1.50	meshes=7
157786.6	DECO	si=806	zone=buildings	ms=1.10	meshes=7
157956.7	DECO	si=807	zone=intersection	ms=1.40	meshes=37
158129.3	DECO	si=808	zone=buildings	ms=1.30	meshes=7
158305.6	DECO	si=809	zone=buildings	ms=1.20	meshes=7
158488.1	DECO	si=810	zone=buildings	ms=1.50	meshes=7
158671.8	DECO	si=811	zone=buildings	ms=1.40	meshes=7
158855.4	DECO	si=812	zone=buildings	ms=1.60	meshes=7
159036.9	DECO	si=813	zone=buildings	ms=1.60	meshes=7
159210.4	DECO	si=814	zone=buildings	ms=2.10	meshes=7
159383.7	DECO	si=815	zone=buildings	ms=1.50	meshes=6
159572.6	DECO	si=816	zone=buildings	ms=1.70	meshes=7
159759.2	DECO	si=817	zone=buildings	ms=1.20	meshes=7
159944.5	DECO	si=818	zone=buildings	ms=1.70	meshes=7
160135.1	DECO	si=819	zone=buildings	ms=1.40	meshes=7
160377.6	DECO	si=820	zone=buildings	ms=1.40	meshes=7
160646.7	DECO	si=821	zone=buildings	ms=1.50	meshes=6
161059.3	DECO	si=822	zone=buildings	ms=1.30	meshes=7
161884.2	DECO	si=823	zone=buildings	ms=1.40	meshes=6
162153.6	DECO	si=824	zone=buildings	ms=1.40	meshes=7
163372.2	DECO	si=825	zone=buildings	ms=1.40	meshes=7
163624.2	DECO	si=826	zone=buildings	ms=1.90	meshes=7
163986.8	DECO	si=827	zone=buildings	ms=1.30	meshes=7
164333.5	DECO	si=828	zone=buildings	ms=1.50	meshes=7
164696.5	DECO	si=829	zone=buildings	ms=1.20	meshes=7
165051.6	DECO	si=830	zone=intersection	ms=1.20	meshes=37
165817.2	DECO	si=831	zone=buildings	ms=1.10	meshes=7
166271.7	DECO	si=832	zone=buildings	ms=1.80	meshes=7
166833.1	DECO	si=833	zone=buildings	ms=1.40	meshes=7
167449.7	DECO	si=834	zone=buildings	ms=1.10	meshes=7
170106.7	DECO	si=835	zone=buildings	ms=1.10	meshes=7
170457.1	DECO	si=836	zone=buildings	ms=1.10	meshes=7
170859.2	DECO	si=837	zone=dirt	ms=0.30	meshes=2
171266.0	DECO	si=838	zone=dirt	ms=0.30	meshes=7
172841.1	DECO	si=839	zone=dirt	ms=0.20	meshes=12
173838.2	DECO	si=840	zone=dirt	ms=0.20	meshes=11
174172.2	DECO	si=841	zone=dirt	ms=0.00	meshes=2
174631.5	DECO	si=842	zone=dirt	ms=0.20	meshes=5
174934.9	ZONE_CHANGE	→ tunnel	si=918	zoneLeft=45
174935.2	DECO	si=843	zone=dirt	ms=0.20	meshes=15
175372.1	DECO	si=844	zone=dirt	ms=0.20	meshes=11
182597.1	DECO	si=845	zone=dirt	ms=0.20	meshes=4
182817.7	DECO	si=846	zone=dirt	ms=0.10	meshes=10
183117.3	DECO	si=847	zone=dirt	ms=0.10	meshes=6
183626.5	DECO	si=848	zone=dirt	ms=0.10	meshes=6
184817.2	DECO	si=849	zone=dirt	ms=0.00	meshes=2
185886.0	DECO	si=850	zone=dirt	ms=0.20	meshes=11
186533.4	DECO	si=851	zone=dirt	ms=0.20	meshes=12
187105.8	DECO	si=852	zone=dirt	ms=0.10	meshes=10
187651.5	DECO	si=853	zone=dirt	ms=0.00	meshes=5
188741.0	DECO	si=854	zone=dirt	ms=0.10	meshes=2
188741.7	SHADER_PROG	count=34	was=33	seg=789	zone=buildings
189489.8	DECO	si=855	zone=dirt	ms=0.10	meshes=8
189841.4	DECO	si=856	zone=dirt	ms=0.20	meshes=5
190750.2	DECO	si=857	zone=dirt	ms=0.20	meshes=5
191018.1	DECO	si=858	zone=dirt	ms=0.00	meshes=11
191220.8	DECO	si=859	zone=dirt	ms=0.10	meshes=7
191445.8	DECO	si=860	zone=dirt	ms=0.10	meshes=8
191752.2	DECO	si=861	zone=dirt	ms=0.20	meshes=7
192186.5	DECO	si=862	zone=dirt	ms=0.20	meshes=5
193070.4	DECO	si=863	zone=dirt	ms=0.20	meshes=12
193454.3	DECO	si=864	zone=dirt	ms=0.10	meshes=2
193971.0	DECO	si=865	zone=dirt	ms=0.10	meshes=7
194272.4	DECO	si=866	zone=dirt	ms=0.30	meshes=15
195272.4	DECO	si=867	zone=dirt	ms=0.00	meshes=6
195522.3	DECO	si=868	zone=dirt	ms=0.10	meshes=4
195839.7	DECO	si=869	zone=bridge	ms=0.30	meshes=5
195856.7	SHADER_PROG	count=35	was=34	seg=804	zone=buildings
196373.4	DECO	si=870	zone=bridge	ms=0.10	meshes=4
196740.6	DECO	si=871	zone=bridge	ms=0.20	meshes=4
196956.8	DECO	si=872	zone=bridge	ms=0.10	meshes=4
197190.3	DECO	si=873	zone=bridge	ms=0.00	meshes=4
197424.1	DECO	si=874	zone=bridge	ms=0.10	meshes=4
197591.7	DECO	si=875	zone=bridge	ms=0.10	meshes=4
197760.2	DECO	si=876	zone=bridge	ms=2.10	meshes=52
197924.4	DECO	si=877	zone=bridge	ms=0.10	meshes=4
198091.1	DECO	si=878	zone=bridge	ms=0.20	meshes=4
198257.8	DECO	si=879	zone=bridge	ms=0.10	meshes=4
198424.9	DECO	si=880	zone=bridge	ms=0.10	meshes=4
198591.7	DECO	si=881	zone=bridge	ms=0.10	meshes=4
198758.6	DECO	si=882	zone=bridge	ms=0.20	meshes=4
198925.2	DECO	si=883	zone=bridge	ms=0.10	meshes=4
199091.7	DECO	si=884	zone=bridge	ms=0.00	meshes=4
199258.9	DECO	si=885	zone=bridge	ms=0.00	meshes=4
199425.4	DECO	si=886	zone=bridge	ms=0.10	meshes=4
199592.6	DECO	si=887	zone=bridge	ms=0.10	meshes=4
199760.7	DECO	si=888	zone=bridge	ms=1.80	meshes=52
199925.9	ZONE_CHANGE	→ tunnel	si=964	zoneLeft=37
199926.1	DECO	si=889	zone=bridge	ms=0.00	meshes=4
200092.7	DECO	si=890	zone=bridge	ms=0.10	meshes=4
200259.5	DECO	si=891	zone=bridge	ms=0.10	meshes=4
200426.3	DECO	si=892	zone=bridge	ms=0.00	meshes=4
200593.1	DECO	si=893	zone=bridge	ms=0.10	meshes=4
200760.2	DECO	si=894	zone=bridge	ms=0.10	meshes=4
200927.2	DECO	si=895	zone=bridge	ms=0.10	meshes=4
201094.5	DECO	si=896	zone=bridge	ms=0.20	meshes=4
201260.6	DECO	si=897	zone=bridge	ms=0.10	meshes=4
201427.3	DECO	si=898	zone=bridge	ms=0.00	meshes=4
201594.3	DECO	si=899	zone=bridge	ms=0.10	meshes=4
201764.7	DECO	si=900	zone=bridge	ms=3.60	meshes=52
201927.7	DECO	si=901	zone=bridge	ms=0.20	meshes=4
202095.2	DECO	si=902	zone=bridge	ms=0.20	meshes=4
202295.4	DECO	si=903	zone=bridge	ms=0.50	meshes=4
202478.3	DECO	si=904	zone=bridge	ms=0.20	meshes=4
202662.0	DECO	si=905	zone=bridge	ms=0.10	meshes=4
202862.0	DECO	si=906	zone=bridge	ms=0.20	meshes=4
203045.2	DECO	si=907	zone=bridge	ms=0.10	meshes=4
203245.1	DECO	si=908	zone=bridge	ms=0.00	meshes=4
203429.5	DECO	si=909	zone=bridge	ms=0.10	meshes=4
203613.1	DECO	si=910	zone=bridge	ms=0.30	meshes=4
203812.9	DECO	si=911	zone=bridge	ms=0.20	meshes=4
204001.8	DECO	si=912	zone=bridge	ms=5.00	meshes=52
204179.3	DECO	si=913	zone=bridge	ms=0.10	meshes=4
204381.3	DECO	si=914	zone=bridge	ms=0.40	meshes=4
204564.1	DECO	si=915	zone=bridge	ms=0.30	meshes=4
204747.6	DECO	si=916	zone=bridge	ms=0.20	meshes=4
204948.2	DECO	si=917	zone=bridge	ms=0.50	meshes=5
205133.2	DECO	si=918	zone=tunnel	ms=1.70	meshes=27
205331.2	DECO	si=919	zone=tunnel	ms=0.80	meshes=27
205514.2	DECO	si=920	zone=tunnel	ms=0.50	meshes=27
205697.6	DECO	si=921	zone=tunnel	ms=0.50	meshes=27
205898.3	DECO	si=922	zone=tunnel	ms=0.50	meshes=27
206084.1	DECO	si=923	zone=tunnel	ms=2.60	meshes=27
206265.0	DECO	si=924	zone=tunnel	ms=0.60	meshes=27
206465.2	DECO	si=925	zone=tunnel	ms=0.70	meshes=27
206650.4	DECO	si=926	zone=tunnel	ms=1.80	meshes=27
206831.7	ZONE_CHANGE	→ trees	si=1002	zoneLeft=46
206833.6	DECO	si=927	zone=tunnel	ms=1.50	meshes=27
207032.1	DECO	si=928	zone=tunnel	ms=0.50	meshes=27
207216.0	DECO	si=929	zone=tunnel	ms=0.50	meshes=27
207217.1	SHADER_PROG	count=34	was=35	seg=864	zone=dirt
207418.2	DECO	si=930	zone=tunnel	ms=2.10	meshes=27
207600.0	DECO	si=931	zone=tunnel	ms=1.20	meshes=27
207785.6	DECO	si=932	zone=tunnel	ms=2.20	meshes=27
207983.6	DECO	si=933	zone=tunnel	ms=1.00	meshes=27
208168.6	DECO	si=934	zone=tunnel	ms=2.00	meshes=27
208334.9	DECO	si=935	zone=tunnel	ms=2.00	meshes=27
208500.2	DECO	si=936	zone=tunnel	ms=0.50	meshes=27
208668.2	DECO	si=937	zone=tunnel	ms=1.80	meshes=27
208836.1	DECO	si=938	zone=tunnel	ms=2.40	meshes=27
209002.1	DECO	si=939	zone=tunnel	ms=1.90	meshes=27
209169.7	DECO	si=940	zone=tunnel	ms=2.00	meshes=27
209335.8	DECO	si=941	zone=tunnel	ms=1.90	meshes=27
209501.7	DECO	si=942	zone=tunnel	ms=1.00	meshes=27
209669.1	DECO	si=943	zone=tunnel	ms=1.20	meshes=27
209835.8	DECO	si=944	zone=tunnel	ms=1.70	meshes=27
210002.3	DECO	si=945	zone=tunnel	ms=1.20	meshes=27
210170.6	DECO	si=946	zone=tunnel	ms=2.20	meshes=27
210336.4	DECO	si=947	zone=tunnel	ms=1.70	meshes=27
210502.7	DECO	si=948	zone=tunnel	ms=1.40	meshes=27
210670.3	DECO	si=949	zone=tunnel	ms=1.50	meshes=27
210837.2	DECO	si=950	zone=tunnel	ms=1.70	meshes=27
211004.0	DECO	si=951	zone=tunnel	ms=1.60	meshes=27
211171.1	DECO	si=952	zone=tunnel	ms=1.80	meshes=27
211337.9	DECO	si=953	zone=tunnel	ms=2.10	meshes=27
211505.7	DECO	si=954	zone=tunnel	ms=2.10	meshes=27
211670.0	DECO	si=955	zone=tunnel	ms=0.70	meshes=27
211837.6	DECO	si=956	zone=tunnel	ms=1.50	meshes=27
212004.3	DECO	si=957	zone=tunnel	ms=1.10	meshes=27
212171.6	DECO	si=958	zone=tunnel	ms=1.50	meshes=27
212338.6	DECO	si=959	zone=tunnel	ms=1.60	meshes=27
212505.1	DECO	si=960	zone=tunnel	ms=1.50	meshes=27
212670.5	DECO	si=961	zone=tunnel	ms=0.90	meshes=27
212838.2	DECO	si=962	zone=tunnel	ms=1.80	meshes=27
213005.8	DECO	si=963	zone=tunnel	ms=2.30	meshes=27
213171.7	DECO	si=964	zone=tunnel	ms=1.00	meshes=27
213337.3	DECO	si=965	zone=tunnel	ms=0.60	meshes=27
213505.0	DECO	si=966	zone=tunnel	ms=1.20	meshes=27
213672.2	DECO	si=967	zone=tunnel	ms=1.30	meshes=27
213838.7	DECO	si=968	zone=tunnel	ms=1.30	meshes=27
214005.5	DECO	si=969	zone=tunnel	ms=1.10	meshes=27
214172.1	DECO	si=970	zone=tunnel	ms=0.90	meshes=27
214338.5	DECO	si=971	zone=tunnel	ms=0.80	meshes=27
214505.3	DECO	si=972	zone=tunnel	ms=0.70	meshes=27
214672.4	DECO	si=973	zone=tunnel	ms=1.10	meshes=27
214838.2	ZONE_CHANGE	→ trees	si=1049	zoneLeft=35
214839.6	DECO	si=974	zone=tunnel	ms=1.20	meshes=27
215006.4	DECO	si=975	zone=tunnel	ms=1.00	meshes=27
215172.5	DECO	si=976	zone=tunnel	ms=0.70	meshes=27
215339.4	DECO	si=977	zone=tunnel	ms=0.50	meshes=27
215506.6	DECO	si=978	zone=tunnel	ms=1.00	meshes=27
215673.0	DECO	si=979	zone=tunnel	ms=1.10	meshes=27
215842.1	DECO	si=980	zone=tunnel	ms=2.10	meshes=27
216006.6	DECO	si=981	zone=tunnel	ms=1.10	meshes=27
216173.7	DECO	si=982	zone=tunnel	ms=0.70	meshes=27
216341.1	DECO	si=983	zone=tunnel	ms=1.20	meshes=27
216507.7	DECO	si=984	zone=tunnel	ms=1.60	meshes=27
216674.0	DECO	si=985	zone=tunnel	ms=1.00	meshes=27
216840.3	DECO	si=986	zone=tunnel	ms=0.80	meshes=27
217008.7	DECO	si=987	zone=tunnel	ms=1.30	meshes=27
217174.3	DECO	si=988	zone=tunnel	ms=0.80	meshes=27
217342.4	DECO	si=989	zone=tunnel	ms=1.60	meshes=27
217508.0	DECO	si=990	zone=tunnel	ms=1.00	meshes=27
217673.7	DECO	si=991	zone=tunnel	ms=0.30	meshes=27
217841.6	DECO	si=992	zone=tunnel	ms=1.10	meshes=27
218008.5	DECO	si=993	zone=tunnel	ms=0.80	meshes=27
218175.1	DECO	si=994	zone=tunnel	ms=1.00	meshes=27
218341.7	DECO	si=995	zone=tunnel	ms=0.90	meshes=27
218508.9	DECO	si=996	zone=tunnel	ms=0.90	meshes=27
218675.3	DECO	si=997	zone=tunnel	ms=1.00	meshes=27
218842.2	DECO	si=998	zone=tunnel	ms=0.80	meshes=27
219008.4	DECO	si=999	zone=tunnel	ms=0.40	meshes=27
219175.7	DECO	si=1000	zone=tunnel	ms=0.60	meshes=27
219343.4	DECO	si=1001	zone=tunnel	ms=1.00	meshes=27
219513.5	DECO	si=1002	zone=trees	ms=4.70	meshes=34
219677.7	DECO	si=1003	zone=trees	ms=2.80	meshes=33
219845.8	DECO	si=1004	zone=trees	ms=3.40	meshes=37
220012.1	DECO	si=1005	zone=trees	ms=2.80	meshes=36
220177.9	DECO	si=1006	zone=trees	ms=2.00	meshes=32
220344.0	DECO	si=1007	zone=trees	ms=1.40	meshes=34
220510.7	DECO	si=1008	zone=trees	ms=1.80	meshes=34
220677.2	DECO	si=1009	zone=trees	ms=1.40	meshes=34
220842.7	ZONE_CHANGE	→ buildings	si=1085	zoneLeft=48
220845.5	DECO	si=1010	zone=trees	ms=2.50	meshes=36
221011.1	DECO	si=1011	zone=trees	ms=1.50	meshes=34
221178.4	DECO	si=1012	zone=trees	ms=1.80	meshes=35
221344.6	DECO	si=1013	zone=trees	ms=1.60	meshes=34
221511.9	DECO	si=1014	zone=trees	ms=2.00	meshes=34
221678.3	DECO	si=1015	zone=trees	ms=1.60	meshes=31
221845.3	DECO	si=1016	zone=trees	ms=1.70	meshes=36
222012.2	DECO	si=1017	zone=trees	ms=2.00	meshes=35
222179.2	DECO	si=1018	zone=trees	ms=1.70	meshes=35
222349.6	DECO	si=1019	zone=trees	ms=5.70	meshes=36
222512.4	DECO	si=1020	zone=trees	ms=1.50	meshes=33
222679.7	DECO	si=1021	zone=trees	ms=1.90	meshes=36
222846.1	DECO	si=1022	zone=trees	ms=1.40	meshes=31
223013.2	DECO	si=1023	zone=trees	ms=2.00	meshes=32
223179.6	DECO	si=1024	zone=trees	ms=1.40	meshes=30
223346.2	DECO	si=1025	zone=trees	ms=1.20	meshes=32
223513.3	DECO	si=1026	zone=trees	ms=1.60	meshes=39
223679.7	DECO	si=1027	zone=trees	ms=1.40	meshes=32
223847.0	DECO	si=1028	zone=trees	ms=2.00	meshes=42
224013.5	DECO	si=1029	zone=trees	ms=1.20	meshes=32
224179.6	DECO	si=1030	zone=trees	ms=1.10	meshes=32
224347.0	DECO	si=1031	zone=trees	ms=1.40	meshes=34
224514.3	DECO	si=1032	zone=trees	ms=1.70	meshes=38
224680.2	DECO	si=1033	zone=trees	ms=1.40	meshes=37
224847.4	DECO	si=1034	zone=trees	ms=1.80	meshes=35
225013.7	DECO	si=1035	zone=trees	ms=1.20	meshes=31
225180.6	DECO	si=1036	zone=trees	ms=1.20	meshes=34
225347.7	DECO	si=1037	zone=trees	ms=1.30	meshes=32
225515.1	DECO	si=1038	zone=trees	ms=2.20	meshes=39
225681.3	DECO	si=1039	zone=trees	ms=1.30	meshes=29
225848.1	DECO	si=1040	zone=trees	ms=1.30	meshes=36
226014.6	DECO	si=1041	zone=trees	ms=1.20	meshes=30
226181.6	DECO	si=1042	zone=trees	ms=1.50	meshes=38
226353.8	DECO	si=1043	zone=trees	ms=1.10	meshes=28
226530.8	DECO	si=1044	zone=trees	ms=1.30	meshes=30
226710.7	DECO	si=1045	zone=trees	ms=1.10	meshes=28
226910.4	DECO	si=1046	zone=trees	ms=1.20	meshes=29
227121.0	DECO	si=1047	zone=trees	ms=0.90	meshes=27
227323.7	DECO	si=1048	zone=trees	ms=1.10	meshes=31
227533.6	DECO	si=1049	zone=trees	ms=1.40	meshes=41
227750.2	DECO	si=1050	zone=trees	ms=1.60	meshes=32
227963.6	DECO	si=1051	zone=trees	ms=1.60	meshes=38
228183.1	DECO	si=1052	zone=trees	ms=1.20	meshes=36
228408.8	DECO	si=1053	zone=trees	ms=1.40	meshes=37
228637.4	DECO	si=1054	zone=trees	ms=1.30	meshes=37
228870.3	DECO	si=1055	zone=trees	ms=1.30	meshes=32
229109.4	DECO	si=1056	zone=trees	ms=1.10	meshes=30
229355.4	DECO	si=1057	zone=trees	ms=1.30	meshes=33
229609.3	DECO	si=1058	zone=trees	ms=1.20	meshes=33
229865.8	ZONE_CHANGE	→ buildings	si=1134	zoneLeft=46
229867.1	DECO	si=1059	zone=trees	ms=1.20	meshes=34
230119.4	DECO	si=1060	zone=trees	ms=1.30	meshes=36
230380.9	DECO	si=1061	zone=trees	ms=1.20	meshes=39
230642.8	DECO	si=1062	zone=trees	ms=1.20	meshes=33
230910.3	DECO	si=1063	zone=trees	ms=1.30	meshes=39
231173.1	DECO	si=1064	zone=trees	ms=1.20	meshes=32
231441.4	DECO	si=1065	zone=trees	ms=1.30	meshes=28
231711.5	DECO	si=1066	zone=trees	ms=1.00	meshes=29
231984.9	DECO	si=1067	zone=trees	ms=1.50	meshes=34
232258.2	DECO	si=1068	zone=trees	ms=1.10	meshes=32
232534.6	DECO	si=1069	zone=trees	ms=1.30	meshes=37
232808.6	DECO	si=1070	zone=trees	ms=1.60	meshes=39
233085.5	DECO	si=1071	zone=trees	ms=1.20	meshes=37
233358.3	DECO	si=1072	zone=trees	ms=1.40	meshes=36
233632.8	DECO	si=1073	zone=trees	ms=1.30	meshes=35
233903.8	DECO	si=1074	zone=trees	ms=1.20	meshes=33
234181.2	DECO	si=1075	zone=trees	ms=1.20	meshes=30
234465.3	DECO	si=1076	zone=trees	ms=1.00	meshes=28
234751.6	DECO	si=1077	zone=trees	ms=1.20	meshes=32
235047.7	DECO	si=1078	zone=trees	ms=1.50	meshes=31
235341.2	DECO	si=1079	zone=trees	ms=1.50	meshes=35
235620.2	DECO	si=1080	zone=trees	ms=1.40	meshes=33
235904.8	DECO	si=1081	zone=trees	ms=1.30	meshes=36
236189.0	DECO	si=1082	zone=trees	ms=1.60	meshes=36
236486.4	DECO	si=1083	zone=trees	ms=1.30	meshes=33
236772.9	DECO	si=1084	zone=trees	ms=1.40	meshes=35
237063.9	DECO	si=1085	zone=buildings	ms=1.80	meshes=7
237351.0	DECO	si=1086	zone=buildings	ms=1.10	meshes=7
237647.1	DECO	si=1087	zone=buildings	ms=1.50	meshes=7
237938.7	DECO	si=1088	zone=buildings	ms=1.10	meshes=7
238234.3	DECO	si=1089	zone=buildings	ms=1.40	meshes=7
238529.2	DECO	si=1090	zone=buildings	ms=1.50	meshes=7
238824.3	DECO	si=1091	zone=buildings	ms=1.40	meshes=6
239119.8	DECO	si=1092	zone=buildings	ms=0.90	meshes=7
239416.3	DECO	si=1093	zone=buildings	ms=1.10	meshes=6
239711.3	DECO	si=1094	zone=buildings	ms=1.20	meshes=7
240007.1	DECO	si=1095	zone=buildings	ms=1.30	meshes=7
240298.8	DECO	si=1096	zone=buildings	ms=1.30	meshes=7
240590.7	DECO	si=1097	zone=buildings	ms=1.40	meshes=7
240878.5	DECO	si=1098	zone=buildings	ms=1.40	meshes=7
241166.7	DECO	si=1099	zone=buildings	ms=1.30	meshes=7
241455.6	DECO	si=1100	zone=buildings	ms=1.30	meshes=6
241743.9	DECO	si=1101	zone=buildings	ms=1.40	meshes=7
242027.6	DECO	si=1102	zone=buildings	ms=1.30	meshes=7
242309.8	DECO	si=1103	zone=buildings	ms=1.10	meshes=7
242588.0	DECO	si=1104	zone=buildings	ms=1.30	meshes=7
242866.9	DECO	si=1105	zone=buildings	ms=1.30	meshes=7
243139.3	ZONE_CHANGE	→ trees	si=1181	zoneLeft=32
243140.8	DECO	si=1106	zone=buildings	ms=1.40	meshes=7
243415.1	DECO	si=1107	zone=intersection	ms=1.20	meshes=37
243686.1	DECO	si=1108	zone=buildings	ms=1.30	meshes=7
243957.9	DECO	si=1109	zone=buildings	ms=1.40	meshes=7
244224.8	DECO	si=1110	zone=buildings	ms=1.30	meshes=7
244496.4	DECO	si=1111	zone=buildings	ms=1.40	meshes=7
244792.5	DECO	si=1112	zone=buildings	ms=1.40	meshes=7
245117.1	DECO	si=1113	zone=buildings	ms=1.10	meshes=7
245334.4	SHADER_PROG	count=35	was=34	seg=1048	zone=trees
245413.6	DECO	si=1114	zone=buildings	ms=1.20	meshes=7
245678.2	DECO	si=1115	zone=buildings	ms=1.20	meshes=6
245935.7	DECO	si=1116	zone=buildings	ms=1.20	meshes=7
246191.7	DECO	si=1117	zone=buildings	ms=1.50	meshes=7
246441.4	DECO	si=1118	zone=buildings	ms=1.40	meshes=7
246689.0	DECO	si=1119	zone=buildings	ms=1.40	meshes=6
246931.3	DECO	si=1120	zone=buildings	ms=1.50	meshes=6
247169.3	DECO	si=1121	zone=buildings	ms=1.00	meshes=7
247401.4	DECO	si=1122	zone=buildings	ms=1.20	meshes=7
247630.4	DECO	si=1123	zone=buildings	ms=1.00	meshes=7
247854.4	DECO	si=1124	zone=buildings	ms=1.20	meshes=7
248077.3	DECO	si=1125	zone=buildings	ms=1.00	meshes=7
248299.2	DECO	si=1126	zone=buildings	ms=1.30	meshes=7
248517.5	DECO	si=1127	zone=buildings	ms=1.00	meshes=7
248734.4	DECO	si=1128	zone=buildings	ms=1.10	meshes=7
248945.4	DECO	si=1129	zone=buildings	ms=1.10	meshes=7
249159.0	DECO	si=1130	zone=intersection	ms=0.80	meshes=37
249360.2	DECO	si=1131	zone=buildings	ms=1.60	meshes=7
249556.6	DECO	si=1132	zone=buildings	ms=1.20	meshes=7
249747.3	DECO	si=1133	zone=buildings	ms=1.30	meshes=7
249935.7	DECO	si=1134	zone=buildings	ms=1.00	meshes=7
250121.3	DECO	si=1135	zone=buildings	ms=1.40	meshes=6
250303.9	DECO	si=1136	zone=buildings	ms=1.10	meshes=6
250486.7	DECO	si=1137	zone=buildings	ms=1.80	meshes=7
250660.3	DECO	si=1138	zone=buildings	ms=1.10	meshes=7
250834.4	ZONE_CHANGE	→ buildings	si=1214	zoneLeft=42
250835.7	DECO	si=1139	zone=buildings	ms=1.10	meshes=7
251005.2	DECO	si=1140	zone=buildings	ms=1.20	meshes=7
251175.7	DECO	si=1141	zone=buildings	ms=1.50	meshes=6
251347.5	DECO	si=1142	zone=buildings	ms=1.00	meshes=7
251517.4	DECO	si=1143	zone=buildings	ms=1.30	meshes=7
251685.7	DECO	si=1144	zone=buildings	ms=1.00	meshes=7
251854.5	DECO	si=1145	zone=buildings	ms=1.30	meshes=7
252019.1	DECO	si=1146	zone=buildings	ms=0.90	meshes=7
252185.6	DECO	si=1147	zone=buildings	ms=1.20	meshes=7
252352.3	DECO	si=1148	zone=buildings	ms=1.40	meshes=7
252519.9	DECO	si=1149	zone=buildings	ms=1.50	meshes=6
252686.9	DECO	si=1150	zone=buildings	ms=1.20	meshes=7
252855.8	DECO	si=1151	zone=buildings	ms=1.50	meshes=7
253020.7	DECO	si=1152	zone=buildings	ms=0.90	meshes=7
253186.3	DECO	si=1153	zone=intersection	ms=1.10	meshes=37
253364.0	DECO	si=1154	zone=buildings	ms=1.80	meshes=7
253532.7	DECO	si=1155	zone=buildings	ms=1.40	meshes=7
253695.3	DECO	si=1156	zone=buildings	ms=1.20	meshes=7
253855.5	DECO	si=1157	zone=buildings	ms=1.40	meshes=7
254020.7	DECO	si=1158	zone=buildings	ms=1.40	meshes=5
254189.1	DECO	si=1159	zone=buildings	ms=1.60	meshes=7
254359.3	DECO	si=1160	zone=buildings	ms=1.60	meshes=7
254528.6	DECO	si=1161	zone=buildings	ms=1.20	meshes=7
254692.6	DECO	si=1162	zone=buildings	ms=1.50	meshes=7
254858.2	DECO	si=1163	zone=buildings	ms=1.10	meshes=7
255023.9	DECO	si=1164	zone=buildings	ms=2.10	meshes=7
255187.7	DECO	si=1165	zone=buildings	ms=1.10	meshes=7
255355.6	DECO	si=1166	zone=buildings	ms=1.50	meshes=7
255523.1	DECO	si=1167	zone=buildings	ms=1.20	meshes=7
255689.0	DECO	si=1168	zone=buildings	ms=1.30	meshes=6
255856.2	DECO	si=1169	zone=buildings	ms=1.00	meshes=6
256022.4	DECO	si=1170	zone=buildings	ms=1.50	meshes=7
256196.1	DECO	si=1171	zone=buildings	ms=1.40	meshes=7
256362.8	DECO	si=1172	zone=buildings	ms=1.70	meshes=7
256523.7	DECO	si=1173	zone=buildings	ms=1.40	meshes=7
256691.5	DECO	si=1174	zone=buildings	ms=1.80	meshes=7
256856.0	DECO	si=1175	zone=buildings	ms=1.20	meshes=7
257029.2	DECO	si=1176	zone=intersection	ms=1.00	meshes=37
257190.6	DECO	si=1177	zone=buildings	ms=1.80	meshes=7
257356.6	DECO	si=1178	zone=buildings	ms=1.40	meshes=7
257524.5	DECO	si=1179	zone=buildings	ms=1.10	meshes=6
257690.0	DECO	si=1180	zone=buildings	ms=1.30	meshes=7
257856.9	DECO	si=1181	zone=trees	ms=1.20	meshes=29
258027.6	ZONE_CHANGE	→ dirt	si=1257	zoneLeft=37
258028.9	DECO	si=1182	zone=trees	ms=1.20	meshes=33
258193.3	DECO	si=1183	zone=trees	ms=1.40	meshes=34
258363.1	DECO	si=1184	zone=trees	ms=1.10	meshes=29
258542.7	DECO	si=1185	zone=trees	ms=1.30	meshes=40
258712.0	DECO	si=1186	zone=trees	ms=1.30	meshes=30
258891.3	DECO	si=1187	zone=trees	ms=1.10	meshes=28
259064.9	DECO	si=1188	zone=trees	ms=1.20	meshes=34
259238.2	DECO	si=1189	zone=trees	ms=1.40	meshes=38
259418.0	DECO	si=1190	zone=trees	ms=1.50	meshes=37
259602.0	DECO	si=1191	zone=trees	ms=1.10	meshes=32
259780.7	DECO	si=1192	zone=trees	ms=1.30	meshes=34
259963.1	DECO	si=1193	zone=trees	ms=1.30	meshes=34
260144.5	DECO	si=1194	zone=trees	ms=1.20	meshes=32
260320.5	DECO	si=1195	zone=trees	ms=1.60	meshes=41
260500.3	DECO	si=1196	zone=trees	ms=1.50	meshes=36
260689.0	DECO	si=1197	zone=trees	ms=1.40	meshes=34
260873.7	DECO	si=1198	zone=trees	ms=1.40	meshes=37
261060.6	DECO	si=1199	zone=trees	ms=2.00	meshes=31
261265.4	DECO	si=1200	zone=trees	ms=1.10	meshes=32
261468.5	DECO	si=1201	zone=trees	ms=1.40	meshes=32
261659.4	DECO	si=1202	zone=trees	ms=1.50	meshes=36
261845.2	DECO	si=1203	zone=trees	ms=1.30	meshes=37
262030.6	DECO	si=1204	zone=trees	ms=1.10	meshes=32
262214.2	DECO	si=1205	zone=trees	ms=1.20	meshes=33
262400.3	DECO	si=1206	zone=trees	ms=1.50	meshes=34
262588.5	DECO	si=1207	zone=trees	ms=1.60	meshes=42
262784.9	DECO	si=1208	zone=trees	ms=1.40	meshes=39
262986.4	DECO	si=1209	zone=trees	ms=1.10	meshes=29
263186.8	DECO	si=1210	zone=trees	ms=1.10	meshes=31
263392.8	DECO	si=1211	zone=trees	ms=1.30	meshes=36
263603.0	DECO	si=1212	zone=trees	ms=1.10	meshes=30
263816.6	DECO	si=1213	zone=trees	ms=1.40	meshes=38
264033.4	DECO	si=1214	zone=buildings	ms=1.50	meshes=6
264255.4	DECO	si=1215	zone=buildings	ms=1.30	meshes=7
264492.8	DECO	si=1216	zone=buildings	ms=1.60	meshes=6
264725.3	DECO	si=1217	zone=buildings	ms=1.50	meshes=7
264957.7	DECO	si=1218	zone=buildings	ms=1.50	meshes=7
265194.6	DECO	si=1219	zone=buildings	ms=1.20	meshes=7
265431.1	ZONE_CHANGE	→ buildings	si=1295	zoneLeft=37
265432.5	DECO	si=1220	zone=buildings	ms=1.30	meshes=7
265677.3	DECO	si=1221	zone=buildings	ms=1.60	meshes=7
265927.4	DECO	si=1222	zone=buildings	ms=1.60	meshes=7
266180.0	DECO	si=1223	zone=buildings	ms=1.10	meshes=7
266435.2	DECO	si=1224	zone=buildings	ms=1.40	meshes=7
266696.9	DECO	si=1225	zone=buildings	ms=1.10	meshes=7
266957.9	DECO	si=1226	zone=buildings	ms=1.50	meshes=7
267228.6	DECO	si=1227	zone=buildings	ms=1.50	meshes=7
267488.9	DECO	si=1228	zone=buildings	ms=1.80	meshes=7
267745.3	DECO	si=1229	zone=buildings	ms=1.80	meshes=6
268000.1	DECO	si=1230	zone=buildings	ms=1.50	meshes=7
268264.5	DECO	si=1231	zone=buildings	ms=1.30	meshes=6
268529.8	DECO	si=1232	zone=buildings	ms=1.30	meshes=6
268804.4	DECO	si=1233	zone=buildings	ms=1.80	meshes=7
269076.2	DECO	si=1234	zone=buildings	ms=1.60	meshes=7
269363.8	DECO	si=1235	zone=buildings	ms=1.30	meshes=7
269638.6	DECO	si=1236	zone=intersection	ms=0.80	meshes=37
269917.8	DECO	si=1237	zone=buildings	ms=1.90	meshes=7
270201.1	DECO	si=1238	zone=buildings	ms=1.50	meshes=7
270477.5	DECO	si=1239	zone=buildings	ms=1.20	meshes=7
270748.5	DECO	si=1240	zone=buildings	ms=1.50	meshes=7
271021.4	DECO	si=1241	zone=buildings	ms=1.30	meshes=7
271288.0	DECO	si=1242	zone=buildings	ms=1.20	meshes=7
271549.2	DECO	si=1243	zone=buildings	ms=1.60	meshes=7
271799.7	DECO	si=1244	zone=buildings	ms=1.30	meshes=7
272051.9	DECO	si=1245	zone=buildings	ms=1.80	meshes=7
272299.0	DECO	si=1246	zone=buildings	ms=1.30	meshes=7
272545.8	DECO	si=1247	zone=buildings	ms=2.20	meshes=6
272786.6	DECO	si=1248	zone=buildings	ms=1.30	meshes=5
273022.0	DECO	si=1249	zone=buildings	ms=1.70	meshes=7
273253.9	DECO	si=1250	zone=buildings	ms=1.00	meshes=7
273493.1	DECO	si=1251	zone=buildings	ms=1.40	meshes=7
273724.7	DECO	si=1252	zone=buildings	ms=1.40	meshes=6
273951.6	DECO	si=1253	zone=buildings	ms=1.20	meshes=7
274176.8	DECO	si=1254	zone=buildings	ms=1.40	meshes=6
274406.1	DECO	si=1255	zone=buildings	ms=1.40	meshes=7
274637.4	DECO	si=1256	zone=buildings	ms=1.00	meshes=7
274862.6	DECO	si=1257	zone=dirt	ms=0.10	meshes=10
275079.2	ZONE_CHANGE	→ buildings	si=1333	zoneLeft=49
275079.5	DECO	si=1258	zone=dirt	ms=0.20	meshes=8
275295.7	DECO	si=1259	zone=dirt	ms=0.10	meshes=2
275510.1	DECO	si=1260	zone=dirt	ms=0.00	meshes=8
275722.5	DECO	si=1261	zone=dirt	ms=0.10	meshes=9
275933.4	DECO	si=1262	zone=dirt	ms=0.10	meshes=10
276139.2	DECO	si=1263	zone=dirt	ms=0.00	meshes=2
276341.2	DECO	si=1264	zone=dirt	ms=0.60	meshes=7
276539.1	DECO	si=1265	zone=dirt	ms=0.10	meshes=5
276734.5	DECO	si=1266	zone=dirt	ms=0.10	meshes=15
276924.8	DECO	si=1267	zone=dirt	ms=0.10	meshes=6
277115.1	DECO	si=1268	zone=dirt	ms=0.20	meshes=2
277298.8	DECO	si=1269	zone=dirt	ms=0.30	meshes=7
277482.3	DECO	si=1270	zone=dirt	ms=0.00	meshes=6
277666.4	DECO	si=1271	zone=dirt	ms=0.10	meshes=6
277847.6	DECO	si=1272	zone=dirt	ms=0.10	meshes=6
278024.1	DECO	si=1273	zone=dirt	ms=0.10	meshes=6
278201.2	DECO	si=1274	zone=dirt	ms=0.20	meshes=10
278379.6	DECO	si=1275	zone=dirt	ms=0.10	meshes=16
278570.7	DECO	si=1276	zone=dirt	ms=0.20	meshes=7
278748.3	DECO	si=1277	zone=dirt	ms=0.10	meshes=10
278942.2	DECO	si=1278	zone=dirt	ms=0.10	meshes=2
279124.6	DECO	si=1279	zone=dirt	ms=0.00	meshes=8
279301.7	DECO	si=1280	zone=dirt	ms=0.10	meshes=8
279477.7	DECO	si=1281	zone=dirt	ms=0.10	meshes=14
279653.6	DECO	si=1282	zone=dirt	ms=0.00	meshes=10
279827.8	DECO	si=1283	zone=dirt	ms=0.10	meshes=5
280002.3	DECO	si=1284	zone=dirt	ms=0.10	meshes=10
280170.2	DECO	si=1285	zone=dirt	ms=0.10	meshes=6
280338.4	DECO	si=1286	zone=dirt	ms=0.10	meshes=9
280501.9	DECO	si=1287	zone=dirt	ms=0.20	meshes=8
280662.2	DECO	si=1288	zone=dirt	ms=0.10	meshes=7
280824.2	DECO	si=1289	zone=dirt	ms=0.10	meshes=12
280990.7	DECO	si=1290	zone=dirt	ms=0.00	meshes=5
281157.4	DECO	si=1291	zone=dirt	ms=0.10	meshes=7
281324.4	DECO	si=1292	zone=dirt	ms=0.10	meshes=6
281491.7	DECO	si=1293	zone=dirt	ms=0.20	meshes=14
281658.4	DECO	si=1294	zone=dirt	ms=0.00	meshes=2
281826.9	DECO	si=1295	zone=buildings	ms=1.80	meshes=7
281992.8	DECO	si=1296	zone=buildings	ms=1.20	meshes=7
282159.9	DECO	si=1297	zone=buildings	ms=1.50	meshes=7
282326.6	DECO	si=1298	zone=buildings	ms=1.50	meshes=7
282493.3	DECO	si=1299	zone=buildings	ms=1.50	meshes=7
282659.6	DECO	si=1300	zone=buildings	ms=1.10	meshes=7
282827.1	DECO	si=1301	zone=buildings	ms=1.60	meshes=7
282994.4	DECO	si=1302	zone=buildings	ms=1.90	meshes=7
283160.9	DECO	si=1303	zone=buildings	ms=1.50	meshes=7
283327.4	DECO	si=1304	zone=buildings	ms=1.40	meshes=7
283494.2	DECO	si=1305	zone=buildings	ms=1.40	meshes=7
283660.9	DECO	si=1306	zone=buildings	ms=1.30	meshes=7
283827.9	DECO	si=1307	zone=buildings	ms=1.40	meshes=6
283993.0	ZONE_CHANGE	→ mountains	si=1383	zoneLeft=37
283994.3	DECO	si=1308	zone=buildings	ms=1.30	meshes=7
284161.5	DECO	si=1309	zone=buildings	ms=1.60	meshes=7
284328.3	DECO	si=1310	zone=buildings	ms=1.30	meshes=7
284494.8	DECO	si=1311	zone=buildings	ms=1.50	meshes=7
284661.4	DECO	si=1312	zone=buildings	ms=1.10	meshes=7
284830.1	DECO	si=1313	zone=buildings	ms=2.30	meshes=7
284996.0	DECO	si=1314	zone=buildings	ms=1.80	meshes=7
285164.0	DECO	si=1315	zone=buildings	ms=3.20	meshes=7
285329.7	DECO	si=1316	zone=buildings	ms=1.90	meshes=7
285496.9	DECO	si=1317	zone=intersection	ms=2.40	meshes=37
285664.3	DECO	si=1318	zone=buildings	ms=2.90	meshes=7
285830.8	DECO	si=1319	zone=buildings	ms=3.00	meshes=7
285997.5	DECO	si=1320	zone=buildings	ms=2.70	meshes=7
286163.4	DECO	si=1321	zone=buildings	ms=1.30	meshes=7
286329.8	DECO	si=1322	zone=buildings	ms=1.50	meshes=7
286515.0	DECO	si=1323	zone=buildings	ms=2.40	meshes=7
286698.1	DECO	si=1324	zone=buildings	ms=2.90	meshes=7
286880.6	DECO	si=1325	zone=buildings	ms=1.70	meshes=7
287080.7	DECO	si=1326	zone=buildings	ms=1.80	meshes=7
287264.9	DECO	si=1327	zone=buildings	ms=2.40	meshes=7
287467.4	DECO	si=1328	zone=buildings	ms=4.60	meshes=7
287648.4	DECO	si=1329	zone=buildings	ms=2.40	meshes=7
287831.4	DECO	si=1330	zone=buildings	ms=2.00	meshes=7
288032.5	DECO	si=1331	zone=buildings	ms=2.60	meshes=6
288214.7	DECO	si=1332	zone=buildings	ms=1.40	meshes=7
288398.2	DECO	si=1333	zone=buildings	ms=1.40	meshes=6
288599.0	DECO	si=1334	zone=buildings	ms=1.50	meshes=7
288782.0	DECO	si=1335	zone=buildings	ms=1.50	meshes=7
288965.7	DECO	si=1336	zone=buildings	ms=1.30	meshes=7
289165.8	DECO	si=1337	zone=buildings	ms=1.50	meshes=7
289348.9	DECO	si=1338	zone=buildings	ms=1.60	meshes=6
289548.6	DECO	si=1339	zone=buildings	ms=1.30	meshes=6
289732.0	DECO	si=1340	zone=intersection	ms=1.00	meshes=37
289915.8	DECO	si=1341	zone=buildings	ms=1.40	meshes=6
290116.4	DECO	si=1342	zone=buildings	ms=1.50	meshes=7
290300.0	DECO	si=1343	zone=buildings	ms=1.80	meshes=7
290483.1	DECO	si=1344	zone=buildings	ms=1.40	meshes=7
290683.2	DECO	si=1345	zone=buildings	ms=1.70	meshes=7
290865.1	ZONE_CHANGE	→ toxic	si=1421	zoneLeft=40
290866.4	DECO	si=1346	zone=buildings	ms=1.20	meshes=7
291050.1	DECO	si=1347	zone=buildings	ms=1.30	meshes=7
291250.0	DECO	si=1348	zone=buildings	ms=1.10	meshes=7
291433.5	DECO	si=1349	zone=buildings	ms=1.30	meshes=7
291633.6	DECO	si=1350	zone=buildings	ms=1.20	meshes=6
291817.3	DECO	si=1351	zone=buildings	ms=1.50	meshes=7
292000.8	DECO	si=1352	zone=buildings	ms=1.40	meshes=7
292201.3	DECO	si=1353	zone=buildings	ms=1.70	meshes=7
292385.1	DECO	si=1354	zone=buildings	ms=1.90	meshes=7
292568.8	DECO	si=1355	zone=buildings	ms=1.40	meshes=7
292767.9	DECO	si=1356	zone=buildings	ms=1.20	meshes=6
292951.4	DECO	si=1357	zone=buildings	ms=1.50	meshes=7
293134.6	DECO	si=1358	zone=buildings	ms=1.10	meshes=6
293335.7	DECO	si=1359	zone=buildings	ms=1.80	meshes=7
293520.4	DECO	si=1360	zone=buildings	ms=2.40	meshes=6
293685.5	DECO	si=1361	zone=buildings	ms=1.60	meshes=7
293852.1	DECO	si=1362	zone=buildings	ms=1.30	meshes=7
294019.4	DECO	si=1363	zone=intersection	ms=1.00	meshes=37
294186.1	DECO	si=1364	zone=buildings	ms=1.40	meshes=6
294355.5	DECO	si=1365	zone=buildings	ms=0.90	meshes=7
294522.0	DECO	si=1366	zone=buildings	ms=1.10	meshes=7
294687.1	DECO	si=1367	zone=buildings	ms=1.40	meshes=7
294853.0	DECO	si=1368	zone=buildings	ms=1.40	meshes=7
295020.6	DECO	si=1369	zone=buildings	ms=1.30	meshes=6
295196.8	DECO	si=1370	zone=buildings	ms=1.40	meshes=6
295372.3	DECO	si=1371	zone=buildings	ms=1.00	meshes=7
295538.4	DECO	si=1372	zone=buildings	ms=1.70	meshes=6
295704.4	DECO	si=1373	zone=buildings	ms=1.60	meshes=7
295871.5	DECO	si=1374	zone=buildings	ms=1.90	meshes=7
296037.9	DECO	si=1375	zone=buildings	ms=1.20	meshes=7
296204.7	DECO	si=1376	zone=buildings	ms=1.50	meshes=7
296373.7	DECO	si=1377	zone=buildings	ms=1.00	meshes=6
296538.7	DECO	si=1378	zone=buildings	ms=1.50	meshes=7
296707.2	DECO	si=1379	zone=buildings	ms=1.10	meshes=7
296874.6	DECO	si=1380	zone=buildings	ms=1.30	meshes=7
297046.9	DECO	si=1381	zone=buildings	ms=1.60	meshes=7
297213.7	DECO	si=1382	zone=buildings	ms=1.40	meshes=7
297690.4	DECO	si=1383	zone=mountains	ms=2.60	meshes=14
298755.9	DECO	si=1384	zone=mountains	ms=0.30	meshes=10
299057.8	DECO	si=1385	zone=mountains	ms=0.50	meshes=18
299226.1	DECO	si=1386	zone=mountains	ms=0.50	meshes=18
299393.3	ZONE_CHANGE	→ buildings	si=1462	zoneLeft=48
299393.7	DECO	si=1387	zone=mountains	ms=0.40	meshes=14
299562.0	DECO	si=1388	zone=mountains	ms=0.30	meshes=10
299729.9	DECO	si=1389	zone=mountains	ms=0.40	meshes=14
299895.2	DECO	si=1390	zone=mountains	ms=0.40	meshes=10
300066.6	DECO	si=1391	zone=mountains	ms=0.40	meshes=14
300229.9	DECO	si=1392	zone=mountains	ms=0.40	meshes=18
300391.6	DECO	si=1393	zone=mountains	ms=0.30	meshes=10
300556.9	DECO	si=1394	zone=mountains	ms=0.50	meshes=18
300724.2	DECO	si=1395	zone=mountains	ms=0.40	meshes=14
300890.3	DECO	si=1396	zone=mountains	ms=0.30	meshes=10
301066.9	DECO	si=1397	zone=mountains	ms=0.30	meshes=14
301237.3	DECO	si=1398	zone=mountains	ms=0.30	meshes=10
301399.2	DECO	si=1399	zone=mountains	ms=0.60	meshes=18
301564.0	DECO	si=1400	zone=mountains	ms=0.50	meshes=18
301733.1	DECO	si=1401	zone=mountains	ms=0.40	meshes=10
301909.6	DECO	si=1402	zone=mountains	ms=2.10	meshes=14
302094.6	DECO	si=1403	zone=mountains	ms=2.50	meshes=14
302257.9	DECO	si=1404	zone=mountains	ms=0.30	meshes=10
302424.6	DECO	si=1405	zone=mountains	ms=0.20	meshes=10
302592.2	DECO	si=1406	zone=mountains	ms=0.30	meshes=10
302758.8	DECO	si=1407	zone=mountains	ms=0.50	meshes=18
302925.2	DECO	si=1408	zone=mountains	ms=0.50	meshes=18
303092.1	DECO	si=1409	zone=mountains	ms=0.40	meshes=10
303259.4	DECO	si=1410	zone=mountains	ms=0.40	meshes=14
303425.8	DECO	si=1411	zone=mountains	ms=0.20	meshes=10
303592.3	DECO	si=1412	zone=mountains	ms=0.40	meshes=14
303759.2	DECO	si=1413	zone=mountains	ms=0.40	meshes=14
303926.5	DECO	si=1414	zone=mountains	ms=0.40	meshes=18
304092.7	DECO	si=1415	zone=mountains	ms=0.40	meshes=14
304276.5	DECO	si=1416	zone=mountains	ms=0.40	meshes=14
304443.3	DECO	si=1417	zone=mountains	ms=0.40	meshes=10
304609.9	DECO	si=1418	zone=mountains	ms=0.50	meshes=18
304776.9	DECO	si=1419	zone=mountains	ms=0.30	meshes=10
304943.8	DECO	si=1420	zone=mountains	ms=0.30	meshes=14
308454.7	SHADER_PROG	count=50	was=35	seg=1356	zone=buildings
308636.6	DECO	si=1422	zone=toxic	ms=0.40	meshes=2
308796.4	DECO	si=1423	zone=toxic	ms=0.10	meshes=2
308962.9	DECO	si=1424	zone=toxic	ms=0.00	meshes=2
309130.2	DECO	si=1425	zone=toxic	ms=0.20	meshes=2
309314.0	DECO	si=1426	zone=toxic	ms=0.10	meshes=2
309513.8	DECO	si=1427	zone=toxic	ms=0.10	meshes=2
309780.7	DECO	si=1428	zone=toxic	ms=0.20	meshes=2
310497.9	DECO	si=1429	zone=toxic	ms=0.00	meshes=2
310665.3	DECO	si=1430	zone=toxic	ms=0.00	meshes=2
310831.5	DECO	si=1431	zone=toxic	ms=0.30	meshes=2
310998.6	DECO	si=1432	zone=toxic	ms=0.30	meshes=2
311181.9	DECO	si=1433	zone=toxic	ms=0.10	meshes=2
311398.4	DECO	si=1434	zone=toxic	ms=0.10	meshes=2
311648.9	DECO	si=1435	zone=toxic	ms=0.10	meshes=2
311815.3	ZONE_CHANGE	→ tunnel	si=1511	zoneLeft=41
311815.5	DECO	si=1436	zone=toxic	ms=0.10	meshes=2
311983.1	DECO	si=1437	zone=toxic	ms=0.40	meshes=2
312149.5	DECO	si=1438	zone=toxic	ms=0.10	meshes=2
312316.5	DECO	si=1439	zone=toxic	ms=0.20	meshes=2
312482.6	DECO	si=1440	zone=toxic	ms=0.10	meshes=2
312649.7	DECO	si=1441	zone=toxic	ms=0.10	meshes=2
312816.5	DECO	si=1442	zone=toxic	ms=0.00	meshes=2
316596.8	SHADER_PROG	count=65	was=50	seg=1378	zone=buildings
317070.2	DECO	si=1444	zone=toxic	ms=0.10	meshes=2
317286.6	DECO	si=1445	zone=toxic	ms=0.20	meshes=2
317537.3	DECO	si=1446	zone=toxic	ms=0.30	meshes=2
317871.2	DECO	si=1447	zone=toxic	ms=0.10	meshes=2
617893.4	DECO	si=1448	zone=toxic	ms=0.10	meshes=2
618077.1	SHADER_PROG	count=66	was=65	seg=1383	zone=mountains
618128.0	DECO	si=1449	zone=toxic	ms=0.30	meshes=2
618143.9	SHADER_PROG	count=67	was=66	seg=1384	zone=mountains
618293.6	DECO	si=1450	zone=toxic	ms=0.10	meshes=2
618460.6	DECO	si=1451	zone=toxic	ms=0.10	meshes=2
618627.9	DECO	si=1452	zone=toxic	ms=0.50	meshes=2
618794.7	DECO	si=1453	zone=toxic	ms=0.30	meshes=2
618961.0	DECO	si=1454	zone=toxic	ms=0.10	meshes=2
619128.1	DECO	si=1455	zone=toxic	ms=0.40	meshes=2
619294.9	DECO	si=1456	zone=toxic	ms=0.20	meshes=2
619462.3	DECO	si=1457	zone=toxic	ms=0.20	meshes=2
619628.6	DECO	si=1458	zone=toxic	ms=0.40	meshes=2
619795.1	DECO	si=1459	zone=toxic	ms=0.20	meshes=2
619962.1	DECO	si=1460	zone=toxic	ms=0.20	meshes=2
620129.1	DECO	si=1461	zone=toxic	ms=0.50	meshes=2
620299.3	DECO	si=1462	zone=buildings	ms=4.00	meshes=7
620466.8	DECO	si=1463	zone=buildings	ms=3.60	meshes=6
620634.7	DECO	si=1464	zone=buildings	ms=5.40	meshes=7
620797.9	DECO	si=1465	zone=buildings	ms=2.20	meshes=7
620964.8	DECO	si=1466	zone=buildings	ms=2.40	meshes=6
621131.2	DECO	si=1467	zone=buildings	ms=1.80	meshes=6
621301.7	DECO	si=1468	zone=buildings	ms=5.50	meshes=7
621465.4	DECO	si=1469	zone=buildings	ms=1.80	meshes=7
621633.1	DECO	si=1470	zone=buildings	ms=3.10	meshes=7
621801.4	DECO	si=1471	zone=buildings	ms=3.60	meshes=7
621967.4	DECO	si=1472	zone=buildings	ms=3.60	meshes=7
622135.9	DECO	si=1473	zone=buildings	ms=5.30	meshes=6
622301.3	DECO	si=1474	zone=buildings	ms=3.60	meshes=7
622465.5	DECO	si=1475	zone=buildings	ms=1.60	meshes=7
622466.9	SHADER_PROG	count=66	was=67	seg=1410	zone=mountains
622634.4	DECO	si=1476	zone=buildings	ms=3.10	meshes=7
622801.2	DECO	si=1477	zone=buildings	ms=3.10	meshes=7
622964.6	ZONE_CHANGE	→ dirt	si=1553	zoneLeft=39
622973.4	DECO	si=1478	zone=buildings	ms=8.30	meshes=7
623137.2	DECO	si=1479	zone=buildings	ms=5.00	meshes=7
623304.0	DECO	si=1480	zone=buildings	ms=5.70	meshes=6
623471.0	DECO	si=1481	zone=buildings	ms=5.60	meshes=7
623634.8	DECO	si=1482	zone=buildings	ms=3.40	meshes=6
623801.2	DECO	si=1483	zone=buildings	ms=2.80	meshes=7
623967.9	DECO	si=1484	zone=intersection	ms=2.90	meshes=37
624134.4	DECO	si=1485	zone=buildings	ms=2.70	meshes=7
624302.3	DECO	si=1486	zone=buildings	ms=3.30	meshes=7
624470.2	DECO	si=1487	zone=buildings	ms=4.50	meshes=6
624634.8	DECO	si=1488	zone=buildings	ms=2.60	meshes=7
624802.2	DECO	si=1489	zone=buildings	ms=2.60	meshes=7
624967.1	DECO	si=1490	zone=buildings	ms=1.00	meshes=7
625136.6	DECO	si=1491	zone=buildings	ms=3.90	meshes=6
625301.0	DECO	si=1492	zone=buildings	ms=1.60	meshes=7
625473.0	DECO	si=1493	zone=buildings	ms=6.10	meshes=7
625533.5	SHADER_PROG	count=67	was=66	seg=1428	zone=toxic
625637.1	DECO	si=1494	zone=buildings	ms=4.00	meshes=6
625803.4	DECO	si=1495	zone=buildings	ms=3.20	meshes=6
625968.5	DECO	si=1496	zone=buildings	ms=2.10	meshes=5
626137.0	DECO	si=1497	zone=buildings	ms=2.90	meshes=7
626302.3	DECO	si=1498	zone=buildings	ms=1.90	meshes=7
626469.5	DECO	si=1499	zone=buildings	ms=2.40	meshes=7
626636.1	DECO	si=1500	zone=buildings	ms=1.90	meshes=7
626802.4	DECO	si=1501	zone=buildings	ms=1.80	meshes=7
626970.6	DECO	si=1502	zone=buildings	ms=2.90	meshes=7
627136.2	DECO	si=1503	zone=buildings	ms=1.70	meshes=7
627302.2	DECO	si=1504	zone=buildings	ms=1.20	meshes=7
627468.9	DECO	si=1505	zone=buildings	ms=1.50	meshes=7
627636.4	DECO	si=1506	zone=buildings	ms=1.50	meshes=6
627802.3	DECO	si=1507	zone=intersection	ms=1.00	meshes=37
627971.2	DECO	si=1508	zone=buildings	ms=2.90	meshes=7
628136.6	DECO	si=1509	zone=buildings	ms=1.30	meshes=7
628304.5	DECO	si=1510	zone=buildings	ms=2.50	meshes=7
628486.3	DECO	si=1511	zone=tunnel	ms=0.80	meshes=27
628652.3	DECO	si=1512	zone=tunnel	ms=0.60	meshes=27
628819.3	DECO	si=1513	zone=tunnel	ms=0.50	meshes=27
628986.6	DECO	si=1514	zone=tunnel	ms=0.50	meshes=27
629153.0	DECO	si=1515	zone=tunnel	ms=0.60	meshes=27
629353.7	DECO	si=1516	zone=tunnel	ms=0.60	meshes=27
629603.2	DECO	si=1517	zone=tunnel	ms=0.70	meshes=27
629919.6	ZONE_CHANGE	→ toxic	si=1593	zoneLeft=45
629920.2	DECO	si=1518	zone=tunnel	ms=0.40	meshes=27
630120.4	DECO	si=1519	zone=tunnel	ms=0.40	meshes=27
630287.0	DECO	si=1520	zone=tunnel	ms=0.40	meshes=27
631739.3	DECO	si=1521	zone=tunnel	ms=0.50	meshes=27
631939.6	DECO	si=1522	zone=tunnel	ms=0.50	meshes=27
632105.8	DECO	si=1523	zone=tunnel	ms=0.30	meshes=27
632272.0	DECO	si=1524	zone=tunnel	ms=0.40	meshes=27
632438.6	DECO	si=1525	zone=tunnel	ms=0.50	meshes=27
632605.5	DECO	si=1526	zone=tunnel	ms=0.50	meshes=27
632777.9	DECO	si=1527	zone=tunnel	ms=0.50	meshes=27
632956.4	DECO	si=1528	zone=tunnel	ms=0.40	meshes=27
633122.9	DECO	si=1529	zone=tunnel	ms=0.30	meshes=27
633289.6	DECO	si=1530	zone=tunnel	ms=0.40	meshes=27
633456.4	DECO	si=1531	zone=tunnel	ms=0.40	meshes=27
633622.8	DECO	si=1532	zone=tunnel	ms=0.40	meshes=27
633789.4	DECO	si=1533	zone=tunnel	ms=0.40	meshes=27
633965.0	DECO	si=1534	zone=tunnel	ms=0.50	meshes=27
634135.4	DECO	si=1535	zone=tunnel	ms=0.70	meshes=27
634291.6	DECO	si=1536	zone=tunnel	ms=1.10	meshes=27
634457.8	DECO	si=1537	zone=tunnel	ms=0.50	meshes=27
634623.8	DECO	si=1538	zone=tunnel	ms=0.50	meshes=27
634790.7	DECO	si=1539	zone=tunnel	ms=0.50	meshes=27
634957.5	DECO	si=1540	zone=tunnel	ms=0.40	meshes=27
635123.9	DECO	si=1541	zone=tunnel	ms=0.40	meshes=27
635291.4	DECO	si=1542	zone=tunnel	ms=0.50	meshes=27
635457.9	DECO	si=1543	zone=tunnel	ms=0.40	meshes=27
635624.5	DECO	si=1544	zone=tunnel	ms=0.50	meshes=27
635791.8	DECO	si=1545	zone=tunnel	ms=0.40	meshes=27
635958.4	DECO	si=1546	zone=tunnel	ms=0.40	meshes=27
636125.2	DECO	si=1547	zone=tunnel	ms=0.50	meshes=27
636292.3	DECO	si=1548	zone=tunnel	ms=0.50	meshes=27
636458.9	DECO	si=1549	zone=tunnel	ms=0.50	meshes=27
636625.2	DECO	si=1550	zone=tunnel	ms=0.40	meshes=27
636792.1	DECO	si=1551	zone=tunnel	ms=0.50	meshes=27
636959.7	DECO	si=1552	zone=tunnel	ms=0.40	meshes=27
637125.3	DECO	si=1553	zone=dirt	ms=0.10	meshes=7
637292.2	DECO	si=1554	zone=dirt	ms=0.20	meshes=10
637293.6	SHADER_PROG	count=66	was=67	seg=1489	zone=buildings
637459.4	DECO	si=1555	zone=dirt	ms=0.10	meshes=8
637626.3	DECO	si=1556	zone=dirt	ms=0.10	meshes=4
637792.6	DECO	si=1557	zone=dirt	ms=0.20	meshes=12
637959.7	DECO	si=1558	zone=dirt	ms=0.10	meshes=6
638126.1	DECO	si=1559	zone=dirt	ms=0.10	meshes=16
638293.5	DECO	si=1560	zone=dirt	ms=0.10	meshes=6
638460.1	DECO	si=1561	zone=dirt	ms=0.10	meshes=12
638627.1	DECO	si=1562	zone=dirt	ms=0.10	meshes=9
638793.8	DECO	si=1563	zone=dirt	ms=0.10	meshes=4
638960.1	ZONE_CHANGE	→ buildings	si=1639	zoneLeft=44
638960.3	DECO	si=1564	zone=dirt	ms=0.20	meshes=6
639127.0	DECO	si=1565	zone=dirt	ms=0.20	meshes=9
639293.8	DECO	si=1566	zone=dirt	ms=0.00	meshes=6
639460.7	DECO	si=1567	zone=dirt	ms=0.20	meshes=7
639628.4	DECO	si=1568	zone=dirt	ms=0.20	meshes=16
639794.1	DECO	si=1569	zone=dirt	ms=0.20	meshes=6
639961.0	DECO	si=1570	zone=dirt	ms=0.10	meshes=2
640128.6	DECO	si=1571	zone=dirt	ms=0.10	meshes=13
640294.8	DECO	si=1572	zone=dirt	ms=0.20	meshes=6
640461.3	DECO	si=1573	zone=dirt	ms=0.00	meshes=2
640610.8	SHADER_PROG	count=67	was=66	seg=1508	zone=buildings
640746.1	DECO	si=1574	zone=dirt	ms=0.30	meshes=10
640912.6	DECO	si=1575	zone=dirt	ms=0.20	meshes=8
641079.2	DECO	si=1576	zone=dirt	ms=0.20	meshes=9
641245.9	DECO	si=1577	zone=dirt	ms=0.10	meshes=6
641412.8	DECO	si=1578	zone=dirt	ms=0.10	meshes=4
641579.1	DECO	si=1579	zone=dirt	ms=0.30	meshes=9
641746.0	DECO	si=1580	zone=dirt	ms=0.20	meshes=11
641912.5	DECO	si=1581	zone=dirt	ms=0.10	meshes=2
642080.1	DECO	si=1582	zone=dirt	ms=0.30	meshes=13
642246.5	DECO	si=1583	zone=dirt	ms=0.10	meshes=6
642413.7	DECO	si=1584	zone=dirt	ms=0.10	meshes=2
642579.7	DECO	si=1585	zone=dirt	ms=0.10	meshes=2
642747.3	DECO	si=1586	zone=dirt	ms=0.30	meshes=14
642914.1	DECO	si=1587	zone=dirt	ms=0.20	meshes=11
643081.0	DECO	si=1588	zone=dirt	ms=0.10	meshes=2
643247.2	DECO	si=1589	zone=dirt	ms=0.10	meshes=10
643414.8	DECO	si=1590	zone=dirt	ms=0.30	meshes=9
643581.1	DECO	si=1591	zone=dirt	ms=0.30	meshes=4
643747.9	DECO	si=1592	zone=dirt	ms=0.30	meshes=14
648479.1	SHADER_PROG	count=77	was=67	seg=1528	zone=tunnel
648640.3	DECO	si=1594	zone=toxic	ms=0.10	meshes=2
648802.0	DECO	si=1595	zone=toxic	ms=0.20	meshes=2
648969.1	DECO	si=1596	zone=toxic	ms=0.40	meshes=2
649135.7	DECO	si=1597	zone=toxic	ms=0.10	meshes=2
649302.4	DECO	si=1598	zone=toxic	ms=0.20	meshes=2
649470.0	DECO	si=1599	zone=toxic	ms=0.30	meshes=2
649636.3	DECO	si=1600	zone=toxic	ms=0.30	meshes=2
649803.3	DECO	si=1601	zone=toxic	ms=0.20	meshes=2
649805.8	SHADER_PROG	count=76	was=77	seg=1536	zone=tunnel
649969.6	DECO	si=1602	zone=toxic	ms=0.40	meshes=2
650136.6	DECO	si=1603	zone=toxic	ms=0.20	meshes=2
650303.2	DECO	si=1604	zone=toxic	ms=0.20	meshes=2
650469.7	DECO	si=1605	zone=toxic	ms=0.30	meshes=2
650636.7	DECO	si=1606	zone=toxic	ms=0.30	meshes=2
650804.0	DECO	si=1607	zone=toxic	ms=0.30	meshes=2
650970.7	DECO	si=1608	zone=toxic	ms=0.30	meshes=2
651137.0	ZONE_CHANGE	→ buildings	si=1684	zoneLeft=41
651137.4	DECO	si=1609	zone=toxic	ms=0.30	meshes=2
651304.1	DECO	si=1610	zone=toxic	ms=0.30	meshes=2
651471.6	DECO	si=1611	zone=toxic	ms=0.60	meshes=2
651638.7	DECO	si=1612	zone=toxic	ms=0.30	meshes=2
651804.6	DECO	si=1613	zone=toxic	ms=0.30	meshes=2
651971.7	DECO	si=1614	zone=toxic	ms=0.50	meshes=2
657413.7	SHADER_PROG	count=86	was=76	seg=1550	zone=tunnel
657542.6	DECO	si=1616	zone=toxic	ms=0.20	meshes=2
657709.8	DECO	si=1617	zone=toxic	ms=0.60	meshes=2
657875.7	DECO	si=1618	zone=toxic	ms=0.40	meshes=2
658076.4	DECO	si=1619	zone=toxic	ms=0.50	meshes=2
658445.0	SHADER_PROG	count=87	was=86	seg=1554	zone=dirt
658509.1	SHADER_PROG	count=88	was=87	seg=1554	zone=dirt
658560.8	DECO	si=1620	zone=toxic	ms=0.70	meshes=2
658744.0	DECO	si=1621	zone=toxic	ms=0.40	meshes=2
658944.0	DECO	si=1622	zone=toxic	ms=0.40	meshes=2
659126.6	DECO	si=1623	zone=toxic	ms=0.30	meshes=2
659310.5	DECO	si=1624	zone=toxic	ms=0.20	meshes=2
659510.2	DECO	si=1625	zone=toxic	ms=0.20	meshes=2
659560.2	SHADER_PROG	count=89	was=88	seg=1560	zone=dirt
659693.6	DECO	si=1626	zone=toxic	ms=0.20	meshes=2
659877.7	DECO	si=1627	zone=toxic	ms=0.40	meshes=2
660077.8	DECO	si=1628	zone=toxic	ms=0.10	meshes=2
660261.6	DECO	si=1629	zone=toxic	ms=0.40	meshes=2
660461.1	DECO	si=1630	zone=toxic	ms=0.10	meshes=2
660645.2	DECO	si=1631	zone=toxic	ms=0.40	meshes=2
660829.4	DECO	si=1632	zone=toxic	ms=0.70	meshes=2
661028.9	DECO	si=1633	zone=toxic	ms=0.40	meshes=2
661211.6	DECO	si=1634	zone=toxic	ms=0.30	meshes=2
661395.7	DECO	si=1635	zone=toxic	ms=0.60	meshes=2
661595.2	DECO	si=1636	zone=toxic	ms=0.20	meshes=2
668036.3	SHADER_PROG	count=100	was=89	seg=1572	zone=dirt
668136.0	SHADER_PROG	count=101	was=100	seg=1572	zone=dirt
668217.4	DECO	si=1638	zone=toxic	ms=0.30	meshes=2
668504.8	DECO	si=1639	zone=buildings	ms=4.00	meshes=7
668585.1	SHADER_PROG	count=102	was=101	seg=1574	zone=dirt
786.0	ZONE_CHANGE	→ dirt	si=50	zoneLeft=38
786.0	ZONE_CHANGE	→ tunnel	si=89	zoneLeft=40
786.0	ZONE_CHANGE	→ buildings	si=130	zoneLeft=38
786.0	ZONE_CHANGE	→ buildings	si=169	zoneLeft=45
798.4	DECO	si=0	zone=trees	ms=1.50	meshes=11
799.2	DECO	si=1	zone=trees	ms=0.80	meshes=12
800.5	DECO	si=2	zone=trees	ms=1.30	meshes=11
801.1	DECO	si=3	zone=trees	ms=0.60	meshes=10
801.9	DECO	si=4	zone=trees	ms=0.70	meshes=11
802.3	DECO	si=5	zone=trees	ms=0.40	meshes=8
802.8	DECO	si=6	zone=trees	ms=0.50	meshes=10
803.3	DECO	si=7	zone=trees	ms=0.50	meshes=11
803.7	DECO	si=8	zone=trees	ms=0.40	meshes=13
804.1	DECO	si=9	zone=trees	ms=0.40	meshes=9
804.5	DECO	si=10	zone=trees	ms=0.40	meshes=13
805.0	DECO	si=11	zone=trees	ms=0.50	meshes=13
805.4	DECO	si=12	zone=trees	ms=0.40	meshes=12
806.0	DECO	si=13	zone=trees	ms=0.60	meshes=13
806.8	DECO	si=14	zone=trees	ms=0.80	meshes=13
807.6	DECO	si=15	zone=trees	ms=0.80	meshes=10
808.9	DECO	si=16	zone=trees	ms=1.30	meshes=13
809.7	DECO	si=17	zone=trees	ms=0.80	meshes=14
810.2	DECO	si=18	zone=trees	ms=0.50	meshes=11
810.6	DECO	si=19	zone=trees	ms=0.40	meshes=14
811.1	DECO	si=20	zone=trees	ms=0.50	meshes=11
811.5	DECO	si=21	zone=trees	ms=0.40	meshes=13
812.1	DECO	si=22	zone=trees	ms=0.60	meshes=16
812.5	DECO	si=23	zone=trees	ms=0.40	meshes=11
812.9	DECO	si=24	zone=trees	ms=0.40	meshes=10
813.4	DECO	si=25	zone=trees	ms=0.50	meshes=14
813.8	DECO	si=26	zone=trees	ms=0.40	meshes=12
814.2	DECO	si=27	zone=trees	ms=0.40	meshes=13
814.8	DECO	si=28	zone=trees	ms=0.60	meshes=14
815.4	DECO	si=29	zone=trees	ms=0.60	meshes=14
816.5	DECO	si=30	zone=trees	ms=1.10	meshes=14
816.9	DECO	si=31	zone=trees	ms=0.40	meshes=12
817.3	DECO	si=32	zone=trees	ms=0.40	meshes=12
817.8	DECO	si=33	zone=trees	ms=0.50	meshes=14
818.3	DECO	si=34	zone=trees	ms=0.50	meshes=12
818.9	DECO	si=35	zone=trees	ms=0.60	meshes=13
819.3	DECO	si=36	zone=trees	ms=0.40	meshes=15
819.7	DECO	si=37	zone=trees	ms=0.40	meshes=10
820.2	DECO	si=38	zone=trees	ms=0.50	meshes=14
820.7	DECO	si=39	zone=trees	ms=0.50	meshes=13
821.3	DECO	si=40	zone=trees	ms=0.60	meshes=14
821.6	DECO	si=41	zone=trees	ms=0.30	meshes=13
824.3	DECO	si=42	zone=buildings	ms=2.70	meshes=7
825.0	DECO	si=43	zone=trees	ms=0.70	meshes=13
825.6	DECO	si=44	zone=trees	ms=0.60	meshes=14
826.3	DECO	si=45	zone=trees	ms=0.70	meshes=12
827.2	DECO	si=46	zone=trees	ms=0.90	meshes=15
827.8	DECO	si=47	zone=trees	ms=0.60	meshes=12
828.5	DECO	si=48	zone=trees	ms=0.70	meshes=14
829.1	DECO	si=49	zone=trees	ms=0.60	meshes=12
829.5	DECO	si=50	zone=dirt	ms=0.40	meshes=10
829.7	DECO	si=51	zone=dirt	ms=0.20	meshes=8
829.9	DECO	si=52	zone=dirt	ms=0.20	meshes=8
830.2	DECO	si=53	zone=dirt	ms=0.30	meshes=16
830.4	DECO	si=54	zone=dirt	ms=0.20	meshes=7
830.6	DECO	si=55	zone=dirt	ms=0.20	meshes=12
830.7	DECO	si=56	zone=dirt	ms=0.10	meshes=2
830.9	DECO	si=57	zone=dirt	ms=0.20	meshes=7
831.1	DECO	si=58	zone=dirt	ms=0.20	meshes=13
831.3	DECO	si=59	zone=dirt	ms=0.10	meshes=4
831.4	DECO	si=60	zone=dirt	ms=0.10	meshes=5
831.6	DECO	si=61	zone=dirt	ms=0.20	meshes=7
831.8	DECO	si=62	zone=dirt	ms=0.20	meshes=13
832.0	DECO	si=63	zone=dirt	ms=0.20	meshes=2
832.1	DECO	si=64	zone=dirt	ms=0.10	meshes=8
832.2	DECO	si=65	zone=dirt	ms=0.10	meshes=4
832.5	DECO	si=66	zone=dirt	ms=0.30	meshes=13
832.7	DECO	si=67	zone=dirt	ms=0.20	meshes=6
832.9	DECO	si=68	zone=dirt	ms=0.20	meshes=7
833.1	DECO	si=69	zone=dirt	ms=0.20	meshes=15
833.3	DECO	si=70	zone=dirt	ms=0.20	meshes=14
433.0	ZONE_CHANGE	→ mountains	si=50	zoneLeft=31
433.0	ZONE_CHANGE	→ buildings	si=82	zoneLeft=48
433.0	ZONE_CHANGE	→ buildings	si=131	zoneLeft=30
433.0	ZONE_CHANGE	→ buildings	si=162	zoneLeft=45
445.3	DECO	si=0	zone=trees	ms=1.60	meshes=10
445.9	DECO	si=1	zone=trees	ms=0.60	meshes=10
447.0	DECO	si=2	zone=trees	ms=1.10	meshes=10
447.7	DECO	si=3	zone=trees	ms=0.60	meshes=13
448.3	DECO	si=4	zone=trees	ms=0.60	meshes=12
449.2	DECO	si=5	zone=trees	ms=0.90	meshes=12
449.5	DECO	si=6	zone=trees	ms=0.30	meshes=10
449.9	DECO	si=7	zone=trees	ms=0.40	meshes=10
450.4	DECO	si=8	zone=trees	ms=0.50	meshes=13
450.8	DECO	si=9	zone=trees	ms=0.40	meshes=10
451.2	DECO	si=10	zone=trees	ms=0.40	meshes=11
451.7	DECO	si=11	zone=trees	ms=0.50	meshes=13
452.1	DECO	si=12	zone=trees	ms=0.40	meshes=13
452.6	DECO	si=13	zone=trees	ms=0.50	meshes=14
453.1	DECO	si=14	zone=trees	ms=0.50	meshes=13
453.5	DECO	si=15	zone=trees	ms=0.40	meshes=11
453.9	DECO	si=16	zone=trees	ms=0.40	meshes=10
454.3	DECO	si=17	zone=trees	ms=0.40	meshes=11
454.8	DECO	si=18	zone=trees	ms=0.50	meshes=12
455.2	DECO	si=19	zone=trees	ms=0.40	meshes=13
455.8	DECO	si=20	zone=trees	ms=0.60	meshes=14
456.3	DECO	si=21	zone=trees	ms=0.50	meshes=12
456.8	DECO	si=22	zone=trees	ms=0.50	meshes=13
457.2	DECO	si=23	zone=trees	ms=0.40	meshes=10
457.6	DECO	si=24	zone=trees	ms=0.40	meshes=10
458.0	DECO	si=25	zone=trees	ms=0.40	meshes=11
458.5	DECO	si=26	zone=trees	ms=0.50	meshes=13
459.0	DECO	si=27	zone=trees	ms=0.50	meshes=14
459.4	DECO	si=28	zone=trees	ms=0.40	meshes=13
459.7	DECO	si=29	zone=trees	ms=0.30	meshes=12
460.3	DECO	si=30	zone=trees	ms=0.60	meshes=12
462.4	DECO	si=31	zone=trees	ms=2.10	meshes=11
462.9	DECO	si=32	zone=trees	ms=0.50	meshes=12
463.3	DECO	si=33	zone=trees	ms=0.40	meshes=12
463.7	DECO	si=34	zone=trees	ms=0.40	meshes=14
464.2	DECO	si=35	zone=trees	ms=0.50	meshes=14
464.8	DECO	si=36	zone=trees	ms=0.60	meshes=14
465.2	DECO	si=37	zone=trees	ms=0.40	meshes=14
465.7	DECO	si=38	zone=trees	ms=0.50	meshes=12
466.1	DECO	si=39	zone=trees	ms=0.40	meshes=12
466.6	DECO	si=40	zone=trees	ms=0.50	meshes=15
467.1	DECO	si=41	zone=trees	ms=0.50	meshes=14
470.7	DECO	si=42	zone=buildings	ms=3.60	meshes=7
471.2	DECO	si=43	zone=trees	ms=0.50	meshes=15
471.7	DECO	si=44	zone=trees	ms=0.50	meshes=13
472.1	DECO	si=45	zone=trees	ms=0.40	meshes=12
472.8	DECO	si=46	zone=trees	ms=0.70	meshes=15
473.2	DECO	si=47	zone=trees	ms=0.40	meshes=13
473.8	DECO	si=48	zone=trees	ms=0.60	meshes=13
474.2	DECO	si=49	zone=trees	ms=0.40	meshes=14
479.2	DECO	si=50	zone=mountains	ms=5.00	meshes=10
479.8	DECO	si=51	zone=mountains	ms=0.60	meshes=14
480.5	DECO	si=52	zone=mountains	ms=0.70	meshes=18
481.0	DECO	si=53	zone=mountains	ms=0.40	meshes=10
481.8	DECO	si=54	zone=mountains	ms=0.80	meshes=14
482.4	DECO	si=55	zone=mountains	ms=0.60	meshes=10
483.1	DECO	si=56	zone=mountains	ms=0.70	meshes=18
483.6	DECO	si=57	zone=mountains	ms=0.50	meshes=10
484.2	DECO	si=58	zone=mountains	ms=0.60	meshes=14
484.9	DECO	si=59	zone=mountains	ms=0.70	meshes=18
485.5	DECO	si=60	zone=mountains	ms=0.60	meshes=10
486.2	DECO	si=61	zone=mountains	ms=0.70	meshes=14
486.6	DECO	si=62	zone=mountains	ms=0.40	meshes=10
487.1	DECO	si=63	zone=mountains	ms=0.50	meshes=14
487.6	DECO	si=64	zone=mountains	ms=0.50	meshes=14
488.2	DECO	si=65	zone=mountains	ms=0.60	meshes=14
488.8	DECO	si=66	zone=mountains	ms=0.60	meshes=14
489.3	DECO	si=67	zone=mountains	ms=0.50	meshes=14
490.0	DECO	si=68	zone=mountains	ms=0.70	meshes=18
490.6	DECO	si=69	zone=mountains	ms=0.60	meshes=10
493.5	DECO	si=70	zone=mountains	ms=2.90	meshes=10
471.3	ZONE_CHANGE	→ trees	si=50	zoneLeft=40
471.3	ZONE_CHANGE	→ dirt	si=91	zoneLeft=41
471.4	ZONE_CHANGE	→ buildings	si=133	zoneLeft=32
471.4	ZONE_CHANGE	→ trees	si=166	zoneLeft=38
488.1	DECO	si=0	zone=trees	ms=3.00	meshes=11
489.2	DECO	si=1	zone=trees	ms=1.10	meshes=12
489.9	DECO	si=2	zone=trees	ms=0.70	meshes=8
492.5	DECO	si=3	zone=trees	ms=2.60	meshes=13
493.7	DECO	si=4	zone=trees	ms=1.20	meshes=12
494.5	DECO	si=5	zone=trees	ms=0.80	meshes=13
494.9	DECO	si=6	zone=trees	ms=0.40	meshes=10
495.3	DECO	si=7	zone=trees	ms=0.40	meshes=10
495.8	DECO	si=8	zone=trees	ms=0.50	meshes=13
496.2	DECO	si=9	zone=trees	ms=0.40	meshes=10
496.6	DECO	si=10	zone=trees	ms=0.40	meshes=13
497.1	DECO	si=11	zone=trees	ms=0.50	meshes=12
497.6	DECO	si=12	zone=trees	ms=0.50	meshes=13
498.1	DECO	si=13	zone=trees	ms=0.50	meshes=10
498.4	DECO	si=14	zone=trees	ms=0.30	meshes=11
498.9	DECO	si=15	zone=trees	ms=0.50	meshes=13
499.4	DECO	si=16	zone=trees	ms=0.50	meshes=12
499.7	DECO	si=17	zone=trees	ms=0.30	meshes=11
500.2	DECO	si=18	zone=trees	ms=0.50	meshes=13
500.7	DECO	si=19	zone=trees	ms=0.50	meshes=14
501.1	DECO	si=20	zone=trees	ms=0.40	meshes=11
501.5	DECO	si=21	zone=trees	ms=0.40	meshes=13
502.0	DECO	si=22	zone=trees	ms=0.50	meshes=14
502.6	DECO	si=23	zone=trees	ms=0.60	meshes=14
502.9	DECO	si=24	zone=trees	ms=0.30	meshes=10
503.5	DECO	si=25	zone=trees	ms=0.60	meshes=15
503.8	DECO	si=26	zone=trees	ms=0.30	meshes=10
504.3	DECO	si=27	zone=trees	ms=0.50	meshes=14
504.7	DECO	si=28	zone=trees	ms=0.40	meshes=11
505.1	DECO	si=29	zone=trees	ms=0.40	meshes=11
505.6	DECO	si=30	zone=trees	ms=0.50	meshes=14
506.1	DECO	si=31	zone=trees	ms=0.50	meshes=15
506.6	DECO	si=32	zone=trees	ms=0.50	meshes=12
507.0	DECO	si=33	zone=trees	ms=0.40	meshes=10
507.5	DECO	si=34	zone=trees	ms=0.50	meshes=15
507.9	DECO	si=35	zone=trees	ms=0.40	meshes=13
508.4	DECO	si=36	zone=trees	ms=0.50	meshes=11
508.7	DECO	si=37	zone=trees	ms=0.30	meshes=12
509.2	DECO	si=38	zone=trees	ms=0.50	meshes=13
509.8	DECO	si=39	zone=trees	ms=0.60	meshes=14
510.5	DECO	si=40	zone=trees	ms=0.70	meshes=13
511.3	DECO	si=41	zone=trees	ms=0.80	meshes=14
514.8	DECO	si=42	zone=buildings	ms=3.50	meshes=7
515.6	DECO	si=43	zone=trees	ms=0.80	meshes=14
516.4	DECO	si=44	zone=trees	ms=0.80	meshes=14
517.1	DECO	si=45	zone=trees	ms=0.70	meshes=13
517.7	DECO	si=46	zone=trees	ms=0.60	meshes=13
518.4	DECO	si=47	zone=trees	ms=0.70	meshes=14
519.3	DECO	si=48	zone=trees	ms=0.90	meshes=15
520.1	DECO	si=49	zone=trees	ms=0.80	meshes=16
520.8	DECO	si=50	zone=trees	ms=0.70	meshes=13
521.5	DECO	si=51	zone=trees	ms=0.70	meshes=14
522.2	DECO	si=52	zone=trees	ms=0.70	meshes=14
523.0	DECO	si=53	zone=trees	ms=0.80	meshes=12
523.7	DECO	si=54	zone=trees	ms=0.70	meshes=14
524.6	DECO	si=55	zone=trees	ms=0.90	meshes=14
525.1	DECO	si=56	zone=trees	ms=0.50	meshes=12
528.6	DECO	si=57	zone=trees	ms=3.50	meshes=13
529.6	DECO	si=58	zone=trees	ms=1.00	meshes=13
530.1	DECO	si=59	zone=trees	ms=0.50	meshes=14
530.6	DECO	si=60	zone=trees	ms=0.50	meshes=15
531.2	DECO	si=61	zone=trees	ms=0.60	meshes=14
531.8	DECO	si=62	zone=trees	ms=0.60	meshes=13
532.2	DECO	si=63	zone=trees	ms=0.40	meshes=13
532.9	DECO	si=64	zone=trees	ms=0.70	meshes=16
533.5	DECO	si=65	zone=trees	ms=0.60	meshes=16
533.9	DECO	si=66	zone=trees	ms=0.40	meshes=13
534.4	DECO	si=67	zone=trees	ms=0.50	meshes=13
535.0	DECO	si=68	zone=trees	ms=0.60	meshes=16
535.5	DECO	si=69	zone=trees	ms=0.40	meshes=12
536.0	DECO	si=70	zone=trees	ms=0.50	meshes=14
5255.3	SHADER_PROG	count=34	was=0	seg=2	zone=trees
24375.1	ZONE_CHANGE	→ buildings	si=205	zoneLeft=30
29661.5	ZONE_CHANGE	→ tunnel	si=236	zoneLeft=47
1862.4	ZONE_CHANGE	→ buildings	si=50	zoneLeft=42
1862.4	ZONE_CHANGE	→ buildings	si=93	zoneLeft=44
1862.5	ZONE_CHANGE	→ buildings	si=138	zoneLeft=43
1862.5	ZONE_CHANGE	→ dirt	si=182	zoneLeft=42
1880.5	DECO	si=0	zone=trees	ms=2.20	meshes=12
1881.6	DECO	si=1	zone=trees	ms=1.10	meshes=9
1882.9	DECO	si=2	zone=trees	ms=1.30	meshes=13
1884.2	DECO	si=3	zone=trees	ms=1.30	meshes=12
1885.5	DECO	si=4	zone=trees	ms=1.30	meshes=12
1886.4	DECO	si=5	zone=trees	ms=0.90	meshes=10
1887.6	DECO	si=6	zone=trees	ms=1.20	meshes=13
1888.4	DECO	si=7	zone=trees	ms=0.80	meshes=10
1889.6	DECO	si=8	zone=trees	ms=1.20	meshes=14
1893.9	DECO	si=9	zone=trees	ms=4.30	meshes=12
1894.4	DECO	si=10	zone=trees	ms=0.50	meshes=13
1895.0	DECO	si=11	zone=trees	ms=0.60	meshes=14
1895.4	DECO	si=12	zone=trees	ms=0.40	meshes=13
1895.9	DECO	si=13	zone=trees	ms=0.50	meshes=13
1896.3	DECO	si=14	zone=trees	ms=0.40	meshes=11
1896.6	DECO	si=15	zone=trees	ms=0.30	meshes=9
1897.1	DECO	si=16	zone=trees	ms=0.50	meshes=11
1897.5	DECO	si=17	zone=trees	ms=0.40	meshes=13
1898.0	DECO	si=18	zone=trees	ms=0.50	meshes=11
1898.4	DECO	si=19	zone=trees	ms=0.40	meshes=12
1898.7	DECO	si=20	zone=trees	ms=0.30	meshes=9
1899.1	DECO	si=21	zone=trees	ms=0.40	meshes=12
1899.6	DECO	si=22	zone=trees	ms=0.40	meshes=13
1900.0	DECO	si=23	zone=trees	ms=0.40	meshes=12
1900.4	DECO	si=24	zone=trees	ms=0.40	meshes=11
1901.3	DECO	si=25	zone=trees	ms=0.90	meshes=13
1901.7	DECO	si=26	zone=trees	ms=0.40	meshes=12
1902.0	DECO	si=27	zone=trees	ms=0.30	meshes=10
1902.5	DECO	si=28	zone=trees	ms=0.40	meshes=13
1903.0	DECO	si=29	zone=trees	ms=0.50	meshes=13
1903.4	DECO	si=30	zone=trees	ms=0.40	meshes=11
1903.9	DECO	si=31	zone=trees	ms=0.50	meshes=13
1904.4	DECO	si=32	zone=trees	ms=0.50	meshes=12
1904.9	DECO	si=33	zone=trees	ms=0.50	meshes=13
1905.2	DECO	si=34	zone=trees	ms=0.30	meshes=13
1906.5	DECO	si=35	zone=trees	ms=1.30	meshes=12
1906.9	DECO	si=36	zone=trees	ms=0.40	meshes=13
1907.3	DECO	si=37	zone=trees	ms=0.40	meshes=11
1907.8	DECO	si=38	zone=trees	ms=0.50	meshes=13
1908.1	DECO	si=39	zone=trees	ms=0.30	meshes=11
1908.5	DECO	si=40	zone=trees	ms=0.40	meshes=11
1908.8	DECO	si=41	zone=trees	ms=0.30	meshes=12
1912.1	DECO	si=42	zone=buildings	ms=3.30	meshes=6
1912.6	DECO	si=43	zone=trees	ms=0.50	meshes=12
1913.1	DECO	si=44	zone=trees	ms=0.50	meshes=15
1913.6	DECO	si=45	zone=trees	ms=0.50	meshes=14
1914.1	DECO	si=46	zone=trees	ms=0.50	meshes=14
1915.1	DECO	si=47	zone=trees	ms=1.00	meshes=12
1915.7	DECO	si=48	zone=trees	ms=0.60	meshes=13
1916.1	DECO	si=49	zone=trees	ms=0.40	meshes=13
1917.7	DECO	si=50	zone=buildings	ms=1.60	meshes=7
1918.9	DECO	si=51	zone=buildings	ms=1.20	meshes=7
1920.0	DECO	si=52	zone=buildings	ms=1.10	meshes=6
1920.7	DECO	si=53	zone=buildings	ms=0.70	meshes=7
1921.3	DECO	si=54	zone=buildings	ms=0.60	meshes=7
1921.9	DECO	si=55	zone=buildings	ms=0.60	meshes=7
1923.0	DECO	si=56	zone=buildings	ms=1.10	meshes=7
1924.3	DECO	si=57	zone=buildings	ms=1.30	meshes=6
1925.5	DECO	si=58	zone=buildings	ms=1.20	meshes=6
1926.4	DECO	si=59	zone=buildings	ms=0.90	meshes=6
1927.8	DECO	si=60	zone=buildings	ms=1.40	meshes=7
1928.8	DECO	si=61	zone=buildings	ms=1.00	meshes=7
1929.9	DECO	si=62	zone=buildings	ms=1.10	meshes=7
1930.8	DECO	si=63	zone=buildings	ms=0.90	meshes=7
1932.3	DECO	si=64	zone=buildings	ms=1.50	meshes=7
1933.8	DECO	si=65	zone=buildings	ms=1.50	meshes=6
1935.0	DECO	si=66	zone=buildings	ms=1.20	meshes=6
1936.0	DECO	si=67	zone=buildings	ms=1.00	meshes=7
1937.7	DECO	si=68	zone=buildings	ms=1.70	meshes=7
1939.6	DECO	si=69	zone=buildings	ms=1.90	meshes=6
1941.0	DECO	si=70	zone=buildings	ms=1.40	meshes=7
440.8	ZONE_CHANGE	→ trees	si=50	zoneLeft=38
440.9	ZONE_CHANGE	→ toxic	si=89	zoneLeft=41
440.9	ZONE_CHANGE	→ buildings	si=131	zoneLeft=29
440.9	ZONE_CHANGE	→ buildings	si=161	zoneLeft=46
451.4	DECO	si=0	zone=trees	ms=1.50	meshes=10
452.3	DECO	si=1	zone=trees	ms=0.90	meshes=9
452.9	DECO	si=2	zone=trees	ms=0.60	meshes=9
453.6	DECO	si=3	zone=trees	ms=0.70	meshes=12
454.6	DECO	si=4	zone=trees	ms=1.00	meshes=11
456.5	DECO	si=5	zone=trees	ms=1.80	meshes=14
456.8	DECO	si=6	zone=trees	ms=0.30	meshes=9
457.3	DECO	si=7	zone=trees	ms=0.50	meshes=11
457.9	DECO	si=8	zone=trees	ms=0.60	meshes=14
458.2	DECO	si=9	zone=trees	ms=0.30	meshes=10
458.9	DECO	si=10	zone=trees	ms=0.70	meshes=13
459.3	DECO	si=11	zone=trees	ms=0.40	meshes=11
459.8	DECO	si=12	zone=trees	ms=0.50	meshes=12
460.3	DECO	si=13	zone=trees	ms=0.50	meshes=12
460.8	DECO	si=14	zone=trees	ms=0.50	meshes=13
461.3	DECO	si=15	zone=trees	ms=0.50	meshes=12
461.8	DECO	si=16	zone=trees	ms=0.50	meshes=10
462.3	DECO	si=17	zone=trees	ms=0.50	meshes=13
462.7	DECO	si=18	zone=trees	ms=0.40	meshes=12
463.0	DECO	si=19	zone=trees	ms=0.30	meshes=10
463.6	DECO	si=20	zone=trees	ms=0.60	meshes=13
463.8	DECO	si=21	zone=trees	ms=0.20	meshes=10
464.3	DECO	si=22	zone=trees	ms=0.50	meshes=13
464.6	DECO	si=23	zone=trees	ms=0.30	meshes=11
465.2	DECO	si=24	zone=trees	ms=0.60	meshes=14
465.7	DECO	si=25	zone=trees	ms=0.50	meshes=14
466.2	DECO	si=26	zone=trees	ms=0.50	meshes=15
466.5	DECO	si=27	zone=trees	ms=0.30	meshes=10
467.2	DECO	si=28	zone=trees	ms=0.70	meshes=15
467.6	DECO	si=29	zone=trees	ms=0.40	meshes=13
468.2	DECO	si=30	zone=trees	ms=0.60	meshes=13
468.6	DECO	si=31	zone=trees	ms=0.40	meshes=13
469.0	DECO	si=32	zone=trees	ms=0.40	meshes=13
469.5	DECO	si=33	zone=trees	ms=0.50	meshes=12
469.9	DECO	si=34	zone=trees	ms=0.40	meshes=11
471.3	DECO	si=35	zone=trees	ms=1.40	meshes=12
471.8	DECO	si=36	zone=trees	ms=0.50	meshes=12
472.2	DECO	si=37	zone=trees	ms=0.40	meshes=12
472.6	DECO	si=38	zone=trees	ms=0.40	meshes=12
473.1	DECO	si=39	zone=trees	ms=0.50	meshes=13
473.6	DECO	si=40	zone=trees	ms=0.50	meshes=13
473.9	DECO	si=41	zone=trees	ms=0.30	meshes=12
477.5	DECO	si=42	zone=buildings	ms=3.60	meshes=7
478.1	DECO	si=43	zone=trees	ms=0.60	meshes=15
478.6	DECO	si=44	zone=trees	ms=0.50	meshes=15
479.0	DECO	si=45	zone=trees	ms=0.40	meshes=12
479.6	DECO	si=46	zone=trees	ms=0.60	meshes=14
479.9	DECO	si=47	zone=trees	ms=0.30	meshes=12
480.4	DECO	si=48	zone=trees	ms=0.50	meshes=13
480.8	DECO	si=49	zone=trees	ms=0.40	meshes=12
481.3	DECO	si=50	zone=trees	ms=0.50	meshes=13
481.8	DECO	si=51	zone=trees	ms=0.50	meshes=11
482.1	DECO	si=52	zone=trees	ms=0.30	meshes=13
482.7	DECO	si=53	zone=trees	ms=0.60	meshes=15
483.2	DECO	si=54	zone=trees	ms=0.50	meshes=15
483.7	DECO	si=55	zone=trees	ms=0.50	meshes=15
484.1	DECO	si=56	zone=trees	ms=0.40	meshes=13
484.6	DECO	si=57	zone=trees	ms=0.50	meshes=15
485.0	DECO	si=58	zone=trees	ms=0.40	meshes=13
485.5	DECO	si=59	zone=trees	ms=0.50	meshes=15
486.0	DECO	si=60	zone=trees	ms=0.50	meshes=15
487.6	DECO	si=61	zone=trees	ms=1.60	meshes=14
488.2	DECO	si=62	zone=trees	ms=0.60	meshes=17
488.7	DECO	si=63	zone=trees	ms=0.50	meshes=16
489.2	DECO	si=64	zone=trees	ms=0.50	meshes=14
489.7	DECO	si=65	zone=trees	ms=0.50	meshes=14
490.2	DECO	si=66	zone=trees	ms=0.50	meshes=17
490.7	DECO	si=67	zone=trees	ms=0.50	meshes=15
491.2	DECO	si=68	zone=trees	ms=0.50	meshes=13
491.7	DECO	si=69	zone=trees	ms=0.50	meshes=15
492.1	DECO	si=70	zone=trees	ms=0.40	meshes=13
3185.8	SHADER_PROG	count=34	was=0	seg=2	zone=trees
16626.2	DECO	si=71	zone=trees	ms=1.10	meshes=15
16792.2	DECO	si=72	zone=trees	ms=0.70	meshes=16
16959.1	DECO	si=73	zone=trees	ms=0.60	meshes=13
17125.8	DECO	si=74	zone=trees	ms=0.70	meshes=17
17292.5	DECO	si=75	zone=trees	ms=0.80	meshes=16
17459.5	DECO	si=76	zone=trees	ms=0.60	meshes=14
17626.1	DECO	si=77	zone=trees	ms=0.80	meshes=17
17792.4	DECO	si=78	zone=trees	ms=0.70	meshes=16
17960.2	DECO	si=79	zone=trees	ms=0.80	meshes=17
18126.1	DECO	si=80	zone=trees	ms=0.50	meshes=12
18293.3	DECO	si=81	zone=trees	ms=0.70	meshes=16
18460.1	DECO	si=82	zone=trees	ms=0.60	meshes=14
18627.2	DECO	si=83	zone=trees	ms=1.00	meshes=17
18793.6	DECO	si=84	zone=trees	ms=0.70	meshes=17
18960.4	DECO	si=85	zone=trees	ms=0.70	meshes=16
19127.3	DECO	si=86	zone=trees	ms=0.70	meshes=15
19294.9	DECO	si=87	zone=trees	ms=0.80	meshes=19
19460.7	DECO	si=88	zone=trees	ms=0.50	meshes=14
25028.0	SHADER_PROG	count=51	was=34	seg=24	zone=trees
25282.2	DECO	si=90	zone=toxic	ms=0.50	meshes=2
25848.7	DECO	si=91	zone=toxic	ms=0.30	meshes=2
26016.1	DECO	si=92	zone=toxic	ms=0.20	meshes=2
26183.1	DECO	si=93	zone=toxic	ms=0.30	meshes=2
26348.9	DECO	si=94	zone=toxic	ms=0.20	meshes=2
26515.7	DECO	si=95	zone=toxic	ms=0.10	meshes=2
26682.8	DECO	si=96	zone=toxic	ms=0.30	meshes=2
26849.5	DECO	si=97	zone=toxic	ms=0.10	meshes=2
27016.5	DECO	si=98	zone=toxic	ms=0.10	meshes=2
27183.3	DECO	si=99	zone=toxic	ms=0.30	meshes=2
27349.8	DECO	si=100	zone=toxic	ms=0.20	meshes=2
27516.8	DECO	si=101	zone=toxic	ms=0.20	meshes=2
27683.6	DECO	si=102	zone=toxic	ms=0.20	meshes=2
27850.7	DECO	si=103	zone=toxic	ms=0.10	meshes=2
28017.2	DECO	si=104	zone=toxic	ms=0.10	meshes=2
28184.6	DECO	si=105	zone=toxic	ms=0.30	meshes=2
28350.5	DECO	si=106	zone=toxic	ms=0.20	meshes=2
28517.9	DECO	si=107	zone=toxic	ms=0.10	meshes=2
28685.2	DECO	si=108	zone=toxic	ms=0.30	meshes=2
28851.1	DECO	si=109	zone=toxic	ms=0.20	meshes=2
29018.1	DECO	si=110	zone=toxic	ms=0.20	meshes=2
33711.0	SHADER_PROG	count=64	was=51	seg=46	zone=trees
33838.3	DECO	si=112	zone=toxic	ms=0.00	meshes=2
34005.5	DECO	si=113	zone=toxic	ms=0.10	meshes=2
34172.7	DECO	si=114	zone=toxic	ms=0.30	meshes=2
34339.3	DECO	si=115	zone=toxic	ms=0.20	meshes=2
34339.3	SHADER_PROG	count=65	was=64	seg=50	zone=trees
34505.8	DECO	si=116	zone=toxic	ms=0.10	meshes=2
34672.7	DECO	si=117	zone=toxic	ms=0.30	meshes=2
34839.1	DECO	si=118	zone=toxic	ms=0.10	meshes=2
35006.4	DECO	si=119	zone=toxic	ms=0.10	meshes=2
35173.0	DECO	si=120	zone=toxic	ms=0.30	meshes=2
35339.6	DECO	si=121	zone=toxic	ms=0.10	meshes=2
35506.1	DECO	si=122	zone=toxic	ms=0.00	meshes=2
35673.1	DECO	si=123	zone=toxic	ms=0.10	meshes=2
35840.2	DECO	si=124	zone=toxic	ms=0.20	meshes=2
36006.6	DECO	si=125	zone=toxic	ms=0.10	meshes=2
36173.5	DECO	si=126	zone=toxic	ms=0.20	meshes=2
36340.8	DECO	si=127	zone=toxic	ms=0.10	meshes=2
36507.4	DECO	si=128	zone=toxic	ms=0.20	meshes=2
36674.3	DECO	si=129	zone=toxic	ms=0.20	meshes=2
36841.5	DECO	si=130	zone=toxic	ms=0.20	meshes=2
37010.0	DECO	si=131	zone=buildings	ms=2.20	meshes=6
37176.3	DECO	si=132	zone=buildings	ms=1.70	meshes=7
37341.0	ZONE_CHANGE	→ buildings	si=208	zoneLeft=30
37342.9	DECO	si=133	zone=buildings	ms=1.30	meshes=7
37509.5	DECO	si=134	zone=buildings	ms=1.10	meshes=6
37676.6	DECO	si=135	zone=buildings	ms=1.10	meshes=7
37842.9	DECO	si=136	zone=buildings	ms=1.50	meshes=7
38009.8	DECO	si=137	zone=buildings	ms=1.20	meshes=7
38176.7	DECO	si=138	zone=buildings	ms=1.50	meshes=6
38343.9	DECO	si=139	zone=buildings	ms=2.20	meshes=7
38511.1	DECO	si=140	zone=buildings	ms=2.10	meshes=7
38677.2	DECO	si=141	zone=buildings	ms=1.70	meshes=7
38845.4	DECO	si=142	zone=buildings	ms=2.80	meshes=7
39013.2	DECO	si=143	zone=buildings	ms=3.20	meshes=7
39177.6	DECO	si=144	zone=buildings	ms=1.80	meshes=6
39346.0	DECO	si=145	zone=buildings	ms=2.90	meshes=7
39514.4	DECO	si=146	zone=buildings	ms=4.10	meshes=6
39892.9	SHADER_PROG	count=66	was=65	seg=81	zone=trees
40012.4	DECO	si=147	zone=buildings	ms=2.50	meshes=7
40306.3	DECO	si=148	zone=buildings	ms=1.90	meshes=7
40306.4	SHADER_PROG	count=67	was=66	seg=83	zone=trees
40822.8	SHADER_PROG	count=68	was=67	seg=83	zone=trees
40910.6	SHADER_PROG	count=69	was=68	seg=83	zone=trees
40964.2	DECO	si=149	zone=buildings	ms=3.10	meshes=7
41557.4	SHADER_PROG	count=70	was=69	seg=84	zone=trees
41648.3	DECO	si=150	zone=buildings	ms=3.00	meshes=7
41814.5	DECO	si=151	zone=buildings	ms=3.00	meshes=7
41981.6	DECO	si=152	zone=buildings	ms=2.90	meshes=6
42150.2	DECO	si=153	zone=intersection	ms=3.90	meshes=37
42316.4	DECO	si=154	zone=buildings	ms=3.70	meshes=7
42481.9	DECO	si=155	zone=buildings	ms=2.70	meshes=7
42649.5	DECO	si=156	zone=buildings	ms=3.50	meshes=7
42815.8	DECO	si=157	zone=buildings	ms=2.50	meshes=6
42984.2	DECO	si=158	zone=buildings	ms=3.60	meshes=7
43149.8	DECO	si=159	zone=buildings	ms=2.90	meshes=7
43315.6	DECO	si=160	zone=buildings	ms=2.90	meshes=7
43481.9	DECO	si=161	zone=buildings	ms=2.30	meshes=7
43649.6	DECO	si=162	zone=buildings	ms=2.70	meshes=7
43816.1	DECO	si=163	zone=buildings	ms=2.80	meshes=7
43979.6	ZONE_CHANGE	→ tunnel	si=239	zoneLeft=48
43982.9	DECO	si=164	zone=buildings	ms=2.70	meshes=7
44148.5	DECO	si=165	zone=buildings	ms=1.80	meshes=7
44316.4	DECO	si=166	zone=buildings	ms=3.00	meshes=7
44482.4	DECO	si=167	zone=buildings	ms=2.10	meshes=7
44650.4	DECO	si=168	zone=buildings	ms=3.10	meshes=7
44816.1	DECO	si=169	zone=buildings	ms=2.10	meshes=7
44982.1	DECO	si=170	zone=buildings	ms=1.50	meshes=7
45149.5	DECO	si=171	zone=buildings	ms=1.60	meshes=6
45315.5	DECO	si=172	zone=buildings	ms=1.50	meshes=7
45483.9	DECO	si=173	zone=buildings	ms=2.30	meshes=7
45649.6	DECO	si=174	zone=buildings	ms=1.90	meshes=7
45818.4	DECO	si=175	zone=buildings	ms=3.40	meshes=7
45983.1	DECO	si=176	zone=intersection	ms=1.30	meshes=37
46149.7	DECO	si=177	zone=buildings	ms=1.70	meshes=7
46318.3	DECO	si=178	zone=buildings	ms=2.70	meshes=7
46484.1	DECO	si=179	zone=buildings	ms=2.30	meshes=6
46654.2	DECO	si=180	zone=buildings	ms=1.60	meshes=7
46816.9	DECO	si=181	zone=buildings	ms=1.50	meshes=6
46983.6	DECO	si=182	zone=buildings	ms=1.60	meshes=7
47151.2	DECO	si=183	zone=buildings	ms=1.70	meshes=7
47317.0	DECO	si=184	zone=buildings	ms=1.10	meshes=7
47501.6	DECO	si=185	zone=buildings	ms=2.00	meshes=7
47668.6	DECO	si=186	zone=buildings	ms=1.90	meshes=7
47835.3	DECO	si=187	zone=buildings	ms=2.20	meshes=6
48018.4	DECO	si=188	zone=buildings	ms=1.50	meshes=6
48185.1	DECO	si=189	zone=buildings	ms=1.80	meshes=6
48351.4	DECO	si=190	zone=buildings	ms=1.50	meshes=7
48519.3	DECO	si=191	zone=buildings	ms=2.60	meshes=6
48684.9	DECO	si=192	zone=buildings	ms=1.50	meshes=7
48852.0	DECO	si=193	zone=buildings	ms=1.80	meshes=7
49035.8	DECO	si=194	zone=buildings	ms=1.80	meshes=7
49202.6	DECO	si=195	zone=buildings	ms=2.00	meshes=7
49369.1	DECO	si=196	zone=buildings	ms=1.40	meshes=7
49536.2	DECO	si=197	zone=buildings	ms=1.90	meshes=6
49702.7	DECO	si=198	zone=buildings	ms=1.50	meshes=7
49870.1	DECO	si=199	zone=intersection	ms=2.00	meshes=37
50036.4	DECO	si=200	zone=buildings	ms=1.80	meshes=7
50203.2	DECO	si=201	zone=buildings	ms=1.70	meshes=7
50369.7	DECO	si=202	zone=buildings	ms=1.60	meshes=7
50536.9	DECO	si=203	zone=buildings	ms=1.60	meshes=7
50703.5	DECO	si=204	zone=buildings	ms=1.90	meshes=7
50874.0	DECO	si=205	zone=buildings	ms=1.60	meshes=7
51038.6	DECO	si=206	zone=buildings	ms=2.30	meshes=7
51204.3	DECO	si=207	zone=buildings	ms=1.70	meshes=7
51371.4	DECO	si=208	zone=buildings	ms=1.80	meshes=7
51538.0	DECO	si=209	zone=buildings	ms=1.70	meshes=7
51704.3	DECO	si=210	zone=buildings	ms=1.70	meshes=7
51871.4	DECO	si=211	zone=buildings	ms=1.70	meshes=7
52038.0	DECO	si=212	zone=buildings	ms=1.60	meshes=7
52202.7	ZONE_CHANGE	→ buildings	si=288	zoneLeft=49
52204.8	DECO	si=213	zone=buildings	ms=1.60	meshes=7
52371.7	DECO	si=214	zone=buildings	ms=2.20	meshes=7
52538.5	DECO	si=215	zone=buildings	ms=1.80	meshes=7
52706.4	DECO	si=216	zone=buildings	ms=2.90	meshes=7
52871.9	DECO	si=217	zone=buildings	ms=1.60	meshes=7
53039.7	DECO	si=218	zone=buildings	ms=2.10	meshes=7
53205.8	DECO	si=219	zone=buildings	ms=1.80	meshes=7
53373.0	DECO	si=220	zone=buildings	ms=1.90	meshes=7
53539.2	DECO	si=221	zone=buildings	ms=1.80	meshes=7
53705.8	DECO	si=222	zone=intersection	ms=1.30	meshes=37
53872.5	DECO	si=223	zone=buildings	ms=1.60	meshes=7
54056.0	DECO	si=224	zone=buildings	ms=1.10	meshes=7
54223.2	DECO	si=225	zone=buildings	ms=1.70	meshes=7
54389.5	DECO	si=226	zone=buildings	ms=0.80	meshes=7
54557.5	DECO	si=227	zone=buildings	ms=0.70	meshes=7
54723.0	DECO	si=228	zone=buildings	ms=0.90	meshes=7
54889.8	DECO	si=229	zone=buildings	ms=0.70	meshes=7
55057.1	DECO	si=230	zone=buildings	ms=1.10	meshes=7
55223.4	DECO	si=231	zone=buildings	ms=0.90	meshes=7
55398.1	DECO	si=232	zone=buildings	ms=0.90	meshes=7
55556.8	DECO	si=233	zone=buildings	ms=1.10	meshes=7
55724.1	DECO	si=234	zone=buildings	ms=1.20	meshes=6
55890.0	DECO	si=235	zone=buildings	ms=0.80	meshes=7
56057.0	DECO	si=236	zone=buildings	ms=0.70	meshes=6
56224.4	DECO	si=237	zone=buildings	ms=0.80	meshes=7
56390.8	DECO	si=238	zone=buildings	ms=0.70	meshes=7
56557.5	DECO	si=239	zone=tunnel	ms=0.70	meshes=27
56724.9	DECO	si=240	zone=tunnel	ms=0.50	meshes=27
56890.9	DECO	si=241	zone=tunnel	ms=0.50	meshes=27
57057.8	DECO	si=242	zone=tunnel	ms=0.50	meshes=27
57224.5	DECO	si=243	zone=tunnel	ms=0.40	meshes=27
57391.9	DECO	si=244	zone=tunnel	ms=0.40	meshes=27
57558.0	DECO	si=245	zone=tunnel	ms=0.40	meshes=27
57725.1	DECO	si=246	zone=tunnel	ms=0.40	meshes=27
57891.6	DECO	si=247	zone=tunnel	ms=0.40	meshes=27
58058.9	DECO	si=248	zone=tunnel	ms=0.50	meshes=27
58227.1	DECO	si=249	zone=tunnel	ms=0.40	meshes=27
58392.0	DECO	si=250	zone=tunnel	ms=0.40	meshes=27
58558.8	DECO	si=251	zone=tunnel	ms=0.40	meshes=27
58725.3	DECO	si=252	zone=tunnel	ms=0.40	meshes=27
58892.1	DECO	si=253	zone=tunnel	ms=0.40	meshes=27
59059.6	DECO	si=254	zone=tunnel	ms=0.50	meshes=27
59226.2	DECO	si=255	zone=tunnel	ms=0.40	meshes=27
59393.0	DECO	si=256	zone=tunnel	ms=0.50	meshes=27
59567.2	DECO	si=257	zone=tunnel	ms=0.50	meshes=27
59730.4	DECO	si=258	zone=tunnel	ms=0.40	meshes=27
59897.0	DECO	si=259	zone=tunnel	ms=0.60	meshes=27
60060.4	DECO	si=260	zone=tunnel	ms=0.50	meshes=27
60226.7	DECO	si=261	zone=tunnel	ms=0.40	meshes=27
60393.9	DECO	si=262	zone=tunnel	ms=0.40	meshes=27
60559.1	ZONE_CHANGE	→ buildings	si=338	zoneLeft=43
60560.2	DECO	si=263	zone=tunnel	ms=0.30	meshes=27
60727.4	DECO	si=264	zone=tunnel	ms=0.40	meshes=27
60893.7	DECO	si=265	zone=tunnel	ms=0.40	meshes=27
61060.9	DECO	si=266	zone=tunnel	ms=0.40	meshes=27
61227.3	DECO	si=267	zone=tunnel	ms=0.40	meshes=27
61394.2	DECO	si=268	zone=tunnel	ms=0.40	meshes=27
61561.1	DECO	si=269	zone=tunnel	ms=0.50	meshes=27
61727.7	DECO	si=270	zone=tunnel	ms=0.40	meshes=27
61894.6	DECO	si=271	zone=tunnel	ms=0.50	meshes=27
62061.3	DECO	si=272	zone=tunnel	ms=0.40	meshes=27
62228.8	DECO	si=273	zone=tunnel	ms=0.80	meshes=27
62395.1	DECO	si=274	zone=tunnel	ms=0.40	meshes=27
62563.2	DECO	si=275	zone=tunnel	ms=0.70	meshes=27
62728.6	DECO	si=276	zone=tunnel	ms=0.40	meshes=27
62895.4	DECO	si=277	zone=tunnel	ms=0.30	meshes=27
63062.7	DECO	si=278	zone=tunnel	ms=0.40	meshes=27
63229.0	DECO	si=279	zone=tunnel	ms=0.40	meshes=27
63396.2	DECO	si=280	zone=tunnel	ms=0.50	meshes=27
63562.8	DECO	si=281	zone=tunnel	ms=0.50	meshes=27
63730.0	DECO	si=282	zone=tunnel	ms=0.50	meshes=27
63896.3	DECO	si=283	zone=tunnel	ms=0.50	meshes=27
64063.4	DECO	si=284	zone=tunnel	ms=0.40	meshes=27
64229.9	DECO	si=285	zone=tunnel	ms=0.40	meshes=27
64396.7	DECO	si=286	zone=tunnel	ms=0.50	meshes=27
64564.1	DECO	si=287	zone=tunnel	ms=0.50	meshes=27
64730.5	DECO	si=288	zone=buildings	ms=0.70	meshes=7
64897.6	DECO	si=289	zone=buildings	ms=0.70	meshes=7
65064.3	DECO	si=290	zone=buildings	ms=0.90	meshes=7
65231.1	DECO	si=291	zone=buildings	ms=0.90	meshes=7
65397.6	DECO	si=292	zone=buildings	ms=0.70	meshes=7
65564.3	DECO	si=293	zone=buildings	ms=0.70	meshes=7
65732.0	DECO	si=294	zone=buildings	ms=0.90	meshes=7
65898.5	DECO	si=295	zone=buildings	ms=0.90	meshes=7
66066.1	DECO	si=296	zone=buildings	ms=1.20	meshes=7
66231.6	DECO	si=297	zone=buildings	ms=0.60	meshes=7
66399.1	DECO	si=298	zone=buildings	ms=0.60	meshes=7
66565.6	DECO	si=299	zone=buildings	ms=0.50	meshes=7
66733.2	DECO	si=300	zone=buildings	ms=1.10	meshes=7
66898.8	DECO	si=301	zone=buildings	ms=0.60	meshes=7
67065.6	DECO	si=302	zone=buildings	ms=0.60	meshes=5
67232.4	DECO	si=303	zone=buildings	ms=0.60	meshes=7
67399.7	DECO	si=304	zone=buildings	ms=0.50	meshes=6
67566.5	DECO	si=305	zone=buildings	ms=0.90	meshes=6
67732.9	DECO	si=306	zone=buildings	ms=0.60	meshes=7
67899.0	ZONE_CHANGE	→ toxic	si=382	zoneLeft=29
67900.3	DECO	si=307	zone=buildings	ms=0.60	meshes=6
68066.5	DECO	si=308	zone=buildings	ms=0.70	meshes=7
68233.1	DECO	si=309	zone=buildings	ms=0.70	meshes=6
68400.1	DECO	si=310	zone=intersection	ms=0.60	meshes=37
68566.8	DECO	si=311	zone=buildings	ms=0.60	meshes=6
68733.6	DECO	si=312	zone=buildings	ms=0.60	meshes=7
68900.5	DECO	si=313	zone=buildings	ms=0.60	meshes=7
69067.4	DECO	si=314	zone=buildings	ms=0.60	meshes=7
69234.4	DECO	si=315	zone=buildings	ms=0.70	meshes=7
69401.3	DECO	si=316	zone=buildings	ms=0.60	meshes=7
69567.7	DECO	si=317	zone=buildings	ms=0.50	meshes=7
69734.8	DECO	si=318	zone=buildings	ms=0.60	meshes=6
69901.2	DECO	si=319	zone=buildings	ms=0.50	meshes=7
70067.9	DECO	si=320	zone=buildings	ms=0.60	meshes=7
70234.9	DECO	si=321	zone=buildings	ms=0.50	meshes=7
70401.7	DECO	si=322	zone=buildings	ms=0.60	meshes=7
70569.3	DECO	si=323	zone=buildings	ms=0.90	meshes=6
70735.4	DECO	si=324	zone=buildings	ms=0.80	meshes=7
70903.2	DECO	si=325	zone=buildings	ms=1.10	meshes=7
71068.6	DECO	si=326	zone=buildings	ms=0.60	meshes=7
71235.5	DECO	si=327	zone=buildings	ms=0.60	meshes=7
71402.5	DECO	si=328	zone=buildings	ms=0.60	meshes=6
71569.0	DECO	si=329	zone=buildings	ms=0.60	meshes=7
71737.1	DECO	si=330	zone=buildings	ms=0.50	meshes=7
71902.8	DECO	si=331	zone=buildings	ms=0.60	meshes=7
72069.6	DECO	si=332	zone=buildings	ms=0.60	meshes=7
72236.5	DECO	si=333	zone=intersection	ms=0.50	meshes=37
72403.1	DECO	si=334	zone=buildings	ms=0.60	meshes=7
72570.4	DECO	si=335	zone=buildings	ms=0.60	meshes=7
72736.8	DECO	si=336	zone=buildings	ms=0.60	meshes=7
72902.5	ZONE_CHANGE	→ buildings	si=412	zoneLeft=29
72903.8	DECO	si=337	zone=buildings	ms=0.70	meshes=7
73070.6	DECO	si=338	zone=buildings	ms=0.50	meshes=6
73237.8	DECO	si=339	zone=buildings	ms=0.50	meshes=7
73404.4	DECO	si=340	zone=buildings	ms=0.50	meshes=6
73571.3	DECO	si=341	zone=buildings	ms=0.60	meshes=7
73737.5	DECO	si=342	zone=buildings	ms=0.60	meshes=7
73904.9	DECO	si=343	zone=buildings	ms=0.70	meshes=7
74071.5	DECO	si=344	zone=buildings	ms=0.70	meshes=7
74239.4	DECO	si=345	zone=buildings	ms=0.70	meshes=7
74411.0	DECO	si=346	zone=buildings	ms=0.70	meshes=7
74584.9	DECO	si=347	zone=buildings	ms=0.60	meshes=7
74755.8	DECO	si=348	zone=buildings	ms=0.70	meshes=7
74922.1	DECO	si=349	zone=buildings	ms=0.60	meshes=7
75089.3	DECO	si=350	zone=buildings	ms=0.50	meshes=7
75255.6	DECO	si=351	zone=buildings	ms=0.60	meshes=7
75430.9	DECO	si=352	zone=buildings	ms=0.60	meshes=7
75599.9	DECO	si=353	zone=buildings	ms=0.50	meshes=7
75760.8	DECO	si=354	zone=buildings	ms=0.70	meshes=7
75949.7	DECO	si=355	zone=buildings	ms=0.80	meshes=7
76106.2	DECO	si=356	zone=intersection	ms=0.40	meshes=37
76272.9	DECO	si=357	zone=buildings	ms=0.70	meshes=6
76439.7	DECO	si=358	zone=buildings	ms=0.60	meshes=6
76606.6	DECO	si=359	zone=buildings	ms=0.70	meshes=7
76773.6	DECO	si=360	zone=buildings	ms=0.70	meshes=6
76942.5	DECO	si=361	zone=buildings	ms=0.50	meshes=7
77107.4	DECO	si=362	zone=buildings	ms=0.60	meshes=7
77274.6	DECO	si=363	zone=buildings	ms=0.60	meshes=6
77443.1	DECO	si=364	zone=buildings	ms=0.50	meshes=7
77607.4	DECO	si=365	zone=buildings	ms=0.60	meshes=7
77774.7	DECO	si=366	zone=buildings	ms=0.50	meshes=7
77940.1	ZONE_CHANGE	→ buildings	si=442	zoneLeft=44
77941.9	DECO	si=367	zone=buildings	ms=1.20	meshes=7
78107.8	DECO	si=368	zone=buildings	ms=0.60	meshes=6
78274.8	DECO	si=369	zone=buildings	ms=0.60	meshes=6
78441.6	DECO	si=370	zone=buildings	ms=0.50	meshes=7
78608.4	DECO	si=371	zone=buildings	ms=0.60	meshes=6
78775.4	DECO	si=372	zone=buildings	ms=0.60	meshes=7
78942.0	DECO	si=373	zone=buildings	ms=0.60	meshes=7
79108.5	DECO	si=374	zone=buildings	ms=0.50	meshes=7
79275.3	DECO	si=375	zone=buildings	ms=0.70	meshes=7
79442.2	DECO	si=376	zone=buildings	ms=0.70	meshes=7
79609.5	DECO	si=377	zone=buildings	ms=1.20	meshes=6
79776.6	DECO	si=378	zone=buildings	ms=1.30	meshes=7
79943.9	DECO	si=379	zone=intersection	ms=1.30	meshes=37
80110.3	DECO	si=380	zone=buildings	ms=1.50	meshes=6
80276.3	DECO	si=381	zone=buildings	ms=0.50	meshes=6
87259.6	SHADER_PROG	count=85	was=70	seg=317	zone=buildings
87420.0	DECO	si=383	zone=toxic	ms=0.10	meshes=2
87581.9	DECO	si=384	zone=toxic	ms=0.30	meshes=2
87748.6	DECO	si=385	zone=toxic	ms=0.10	meshes=2
87891.1	SHADER_PROG	count=86	was=85	seg=320	zone=buildings
87922.8	DECO	si=386	zone=toxic	ms=0.00	meshes=2
88082.1	DECO	si=387	zone=toxic	ms=0.30	meshes=2
88249.1	DECO	si=388	zone=toxic	ms=0.10	meshes=2
88415.3	DECO	si=389	zone=toxic	ms=0.20	meshes=2
88588.4	DECO	si=390	zone=toxic	ms=0.20	meshes=2
88749.0	DECO	si=391	zone=toxic	ms=0.10	meshes=2
88916.2	DECO	si=392	zone=toxic	ms=0.10	meshes=2
89083.8	DECO	si=393	zone=toxic	ms=0.30	meshes=2
89249.5	DECO	si=394	zone=toxic	ms=0.10	meshes=2
89416.3	DECO	si=395	zone=toxic	ms=0.10	meshes=2
89583.8	DECO	si=396	zone=toxic	ms=0.20	meshes=2
89777.9	DECO	si=397	zone=toxic	ms=0.20	meshes=2
89933.8	DECO	si=398	zone=toxic	ms=0.20	meshes=2
90100.6	DECO	si=399	zone=toxic	ms=0.10	meshes=2
90284.3	DECO	si=400	zone=toxic	ms=0.10	meshes=2
136938.0	DECO	si=401	zone=toxic	ms=0.20	meshes=2
137121.0	DECO	si=402	zone=toxic	ms=0.20	meshes=2
137288.4	DECO	si=403	zone=toxic	ms=0.10	meshes=2
145494.9	SHADER_PROG	count=101	was=86	seg=339	zone=buildings
145659.4	DECO	si=405	zone=toxic	ms=0.20	meshes=2
145869.5	DECO	si=406	zone=toxic	ms=0.10	meshes=2
145917.6	SHADER_PROG	count=102	was=101	seg=341	zone=buildings
146096.6	DECO	si=407	zone=toxic	ms=0.10	meshes=2
146262.6	SHADER_PROG	count=103	was=102	seg=342	zone=buildings
146279.1	DECO	si=408	zone=toxic	ms=0.20	meshes=2
146445.9	DECO	si=409	zone=toxic	ms=0.10	meshes=2
146612.4	DECO	si=410	zone=toxic	ms=0.10	meshes=2
146787.1	DECO	si=411	zone=toxic	ms=0.30	meshes=2
146843.0	SHADER_PROG	count=104	was=103	seg=346	zone=buildings
146944.8	ZONE_CHANGE	→ tunnel	si=487	zoneLeft=39
146946.3	DECO	si=412	zone=buildings	ms=0.80	meshes=7
147112.8	DECO	si=413	zone=buildings	ms=0.60	meshes=6
147280.2	DECO	si=414	zone=buildings	ms=0.70	meshes=7
147446.4	DECO	si=415	zone=buildings	ms=0.50	meshes=6
147613.4	DECO	si=416	zone=buildings	ms=0.70	meshes=7
147780.1	DECO	si=417	zone=buildings	ms=0.60	meshes=7
147947.2	DECO	si=418	zone=buildings	ms=0.80	meshes=7
148113.8	DECO	si=419	zone=buildings	ms=0.80	meshes=7
148280.7	DECO	si=420	zone=buildings	ms=0.60	meshes=7
148447.7	DECO	si=421	zone=buildings	ms=0.90	meshes=7
148614.5	DECO	si=422	zone=buildings	ms=0.80	meshes=7
148781.5	DECO	si=423	zone=buildings	ms=0.80	meshes=6
148947.8	DECO	si=424	zone=buildings	ms=0.50	meshes=7
149114.5	DECO	si=425	zone=buildings	ms=0.50	meshes=7
149282.1	DECO	si=426	zone=buildings	ms=0.70	meshes=7
149448.6	DECO	si=427	zone=buildings	ms=0.90	meshes=7
149615.6	DECO	si=428	zone=buildings	ms=1.00	meshes=7
149782.3	DECO	si=429	zone=buildings	ms=0.70	meshes=7
149948.8	DECO	si=430	zone=buildings	ms=0.70	meshes=7
150115.4	DECO	si=431	zone=buildings	ms=0.70	meshes=7
150282.7	DECO	si=432	zone=buildings	ms=0.80	meshes=7
150449.2	DECO	si=433	zone=buildings	ms=0.80	meshes=7
150616.4	DECO	si=434	zone=intersection	ms=0.80	meshes=37
150782.4	DECO	si=435	zone=buildings	ms=0.60	meshes=7
150949.5	DECO	si=436	zone=buildings	ms=0.60	meshes=7
151116.4	DECO	si=437	zone=buildings	ms=0.70	meshes=7
151283.2	DECO	si=438	zone=buildings	ms=0.60	meshes=6
151449.7	DECO	si=439	zone=buildings	ms=0.70	meshes=7
151617.2	DECO	si=440	zone=buildings	ms=0.70	meshes=7
151783.5	DECO	si=441	zone=buildings	ms=0.60	meshes=7
151950.4	DECO	si=442	zone=buildings	ms=0.80	meshes=7
152118.3	DECO	si=443	zone=buildings	ms=1.40	meshes=7
152283.6	DECO	si=444	zone=buildings	ms=0.60	meshes=7
152450.6	DECO	si=445	zone=buildings	ms=0.70	meshes=6
152617.5	DECO	si=446	zone=buildings	ms=0.50	meshes=7
152784.4	DECO	si=447	zone=buildings	ms=0.70	meshes=7
152950.8	DECO	si=448	zone=buildings	ms=0.50	meshes=6
153117.6	DECO	si=449	zone=buildings	ms=0.60	meshes=7
153284.3	DECO	si=450	zone=buildings	ms=0.40	meshes=7
153452.3	DECO	si=451	zone=buildings	ms=1.00	meshes=7
153617.0	ZONE_CHANGE	→ dirt	si=527	zoneLeft=48
153618.2	DECO	si=452	zone=buildings	ms=0.70	meshes=7
153785.3	DECO	si=453	zone=buildings	ms=0.60	meshes=7
153951.9	DECO	si=454	zone=buildings	ms=0.70	meshes=7
154118.9	DECO	si=455	zone=buildings	ms=0.90	meshes=7
154285.9	DECO	si=456	zone=buildings	ms=0.90	meshes=7
154452.4	DECO	si=457	zone=intersection	ms=0.60	meshes=37
154619.0	DECO	si=458	zone=buildings	ms=0.70	meshes=7
154785.6	DECO	si=459	zone=buildings	ms=0.70	meshes=7
154954.2	DECO	si=460	zone=buildings	ms=1.40	meshes=7
155119.6	DECO	si=461	zone=buildings	ms=0.80	meshes=7
155286.4	DECO	si=462	zone=buildings	ms=0.60	meshes=7
155453.0	DECO	si=463	zone=buildings	ms=0.80	meshes=7
155620.9	DECO	si=464	zone=buildings	ms=1.10	meshes=7
155787.0	DECO	si=465	zone=buildings	ms=1.00	meshes=7
155953.7	DECO	si=466	zone=buildings	ms=0.90	meshes=7
156120.5	DECO	si=467	zone=buildings	ms=1.00	meshes=7
156286.9	DECO	si=468	zone=buildings	ms=0.70	meshes=7
156453.6	DECO	si=469	zone=buildings	ms=0.70	meshes=7
156621.2	DECO	si=470	zone=buildings	ms=0.80	meshes=7
156621.5	SHADER_PROG	count=103	was=104	seg=405	zone=toxic
156787.5	DECO	si=471	zone=buildings	ms=0.70	meshes=7
156954.3	DECO	si=472	zone=buildings	ms=0.70	meshes=5
157121.1	DECO	si=473	zone=buildings	ms=0.80	meshes=7
157287.8	DECO	si=474	zone=buildings	ms=0.70	meshes=7
157454.8	DECO	si=475	zone=buildings	ms=0.70	meshes=7
157621.9	DECO	si=476	zone=buildings	ms=0.70	meshes=7
157788.5	DECO	si=477	zone=buildings	ms=0.50	meshes=7
157954.8	DECO	si=478	zone=buildings	ms=0.60	meshes=6
158123.6	DECO	si=479	zone=buildings	ms=0.60	meshes=6
158288.1	DECO	si=480	zone=intersection	ms=0.40	meshes=37
158455.6	DECO	si=481	zone=buildings	ms=0.60	meshes=5
158622.4	DECO	si=482	zone=buildings	ms=0.60	meshes=6
158789.5	DECO	si=483	zone=buildings	ms=0.70	meshes=7
158955.5	DECO	si=484	zone=buildings	ms=0.50	meshes=7
159122.5	DECO	si=485	zone=buildings	ms=0.60	meshes=7
159289.3	DECO	si=486	zone=buildings	ms=0.60	meshes=6
159455.6	DECO	si=487	zone=tunnel	ms=0.40	meshes=27
159623.4	DECO	si=488	zone=tunnel	ms=0.50	meshes=27
159790.0	DECO	si=489	zone=tunnel	ms=0.40	meshes=27
159956.2	DECO	si=490	zone=tunnel	ms=0.40	meshes=27
160135.0	DECO	si=491	zone=tunnel	ms=0.70	meshes=27
160307.4	DECO	si=492	zone=tunnel	ms=0.60	meshes=27
160490.6	DECO	si=493	zone=tunnel	ms=0.50	meshes=27
160656.8	DECO	si=494	zone=tunnel	ms=0.50	meshes=27
160824.1	DECO	si=495	zone=tunnel	ms=0.60	meshes=27
161002.5	DECO	si=496	zone=tunnel	ms=0.50	meshes=27
161167.2	DECO	si=497	zone=tunnel	ms=0.60	meshes=27
161333.0	DECO	si=498	zone=tunnel	ms=0.50	meshes=27
161501.9	DECO	si=499	zone=tunnel	ms=0.50	meshes=27
161675.0	DECO	si=500	zone=tunnel	ms=0.50	meshes=27
161849.9	ZONE_CHANGE	→ dirt	si=576	zoneLeft=46
161850.7	DECO	si=501	zone=tunnel	ms=0.40	meshes=27
162023.9	DECO	si=502	zone=tunnel	ms=0.50	meshes=27
162196.2	DECO	si=503	zone=tunnel	ms=0.40	meshes=27
162368.7	DECO	si=504	zone=tunnel	ms=0.40	meshes=27
162369.0	SHADER_PROG	count=102	was=103	seg=439	zone=buildings
162539.8	DECO	si=505	zone=tunnel	ms=0.50	meshes=27
162714.3	DECO	si=506	zone=tunnel	ms=0.40	meshes=27
162885.7	DECO	si=507	zone=tunnel	ms=0.40	meshes=27
163056.4	DECO	si=508	zone=tunnel	ms=0.50	meshes=27
163224.9	DECO	si=509	zone=tunnel	ms=0.40	meshes=27
163394.5	DECO	si=510	zone=tunnel	ms=0.50	meshes=27
163563.8	DECO	si=511	zone=tunnel	ms=0.40	meshes=27
163732.5	DECO	si=512	zone=tunnel	ms=0.50	meshes=27
163895.7	DECO	si=513	zone=tunnel	ms=0.40	meshes=27
164059.4	DECO	si=514	zone=tunnel	ms=0.40	meshes=27
164226.7	DECO	si=515	zone=tunnel	ms=0.50	meshes=27
164394.3	DECO	si=516	zone=tunnel	ms=0.40	meshes=27
164560.8	DECO	si=517	zone=tunnel	ms=0.40	meshes=27
164727.1	DECO	si=518	zone=tunnel	ms=0.40	meshes=27
164893.7	DECO	si=519	zone=tunnel	ms=0.50	meshes=27
165061.1	DECO	si=520	zone=tunnel	ms=0.50	meshes=27
165227.1	DECO	si=521	zone=tunnel	ms=0.40	meshes=27
165394.4	DECO	si=522	zone=tunnel	ms=0.50	meshes=27
165563.9	DECO	si=523	zone=tunnel	ms=0.40	meshes=27
165728.1	DECO	si=524	zone=tunnel	ms=0.40	meshes=27
165894.2	DECO	si=525	zone=tunnel	ms=0.40	meshes=27
166061.1	DECO	si=526	zone=tunnel	ms=0.40	meshes=27
166230.8	DECO	si=527	zone=dirt	ms=0.30	meshes=4
166394.7	DECO	si=528	zone=dirt	ms=0.30	meshes=13
166561.8	DECO	si=529	zone=dirt	ms=0.10	meshes=8
166728.4	DECO	si=530	zone=dirt	ms=0.20	meshes=12
166895.7	DECO	si=531	zone=dirt	ms=0.20	meshes=14
167062.0	DECO	si=532	zone=dirt	ms=0.10	meshes=6
167228.6	DECO	si=533	zone=dirt	ms=0.10	meshes=2
167395.4	DECO	si=534	zone=dirt	ms=0.20	meshes=15
167562.1	DECO	si=535	zone=dirt	ms=0.20	meshes=5
167729.2	DECO	si=536	zone=dirt	ms=0.10	meshes=4
167896.5	DECO	si=537	zone=dirt	ms=0.30	meshes=8
168062.9	DECO	si=538	zone=dirt	ms=0.10	meshes=9
169830.6	DECO	si=539	zone=dirt	ms=0.20	meshes=11
172048.9	DECO	si=540	zone=dirt	ms=0.10	meshes=12
172249.4	DECO	si=541	zone=dirt	ms=0.20	meshes=10
172415.8	DECO	si=542	zone=dirt	ms=0.10	meshes=8
172582.5	DECO	si=543	zone=dirt	ms=0.00	meshes=2
172749.3	DECO	si=544	zone=dirt	ms=0.10	meshes=2
172916.2	DECO	si=545	zone=dirt	ms=0.10	meshes=10
173083.0	DECO	si=546	zone=dirt	ms=0.20	meshes=7
173250.2	DECO	si=547	zone=dirt	ms=0.20	meshes=6
173416.0	ZONE_CHANGE	→ buildings	si=623	zoneLeft=31
173416.7	DECO	si=548	zone=dirt	ms=0.10	meshes=5
173584.0	DECO	si=549	zone=dirt	ms=0.20	meshes=15
173750.4	DECO	si=550	zone=dirt	ms=0.10	meshes=5
173917.3	DECO	si=551	zone=dirt	ms=0.20	meshes=11
174084.7	DECO	si=552	zone=dirt	ms=0.20	meshes=6
174251.5	DECO	si=553	zone=dirt	ms=0.20	meshes=11
174537.1	SHADER_PROG	count=103	was=102	seg=488	zone=tunnel
174567.8	DECO	si=554	zone=dirt	ms=0.20	meshes=12
174734.5	DECO	si=555	zone=dirt	ms=0.10	meshes=14
174902.1	DECO	si=556	zone=dirt	ms=0.20	meshes=16
175068.9	DECO	si=557	zone=dirt	ms=0.20	meshes=8
175234.8	DECO	si=558	zone=dirt	ms=0.20	meshes=11
175401.6	DECO	si=559	zone=dirt	ms=0.20	meshes=6
175568.6	DECO	si=560	zone=dirt	ms=0.20	meshes=5
175735.7	DECO	si=561	zone=dirt	ms=0.20	meshes=6
175902.0	DECO	si=562	zone=dirt	ms=0.10	meshes=12
176069.3	DECO	si=563	zone=dirt	ms=0.20	meshes=11
176236.5	DECO	si=564	zone=dirt	ms=0.20	meshes=15
176403.0	DECO	si=565	zone=dirt	ms=0.30	meshes=10
176569.4	DECO	si=566	zone=dirt	ms=0.10	meshes=4
176736.9	DECO	si=567	zone=dirt	ms=0.20	meshes=16
176903.7	DECO	si=568	zone=dirt	ms=0.10	meshes=9
177070.0	DECO	si=569	zone=dirt	ms=0.30	meshes=14
177237.6	DECO	si=570	zone=dirt	ms=0.30	meshes=10
177403.6	DECO	si=571	zone=dirt	ms=0.20	meshes=5
177570.5	DECO	si=572	zone=dirt	ms=0.10	meshes=2
177737.9	DECO	si=573	zone=dirt	ms=0.30	meshes=7
177903.8	DECO	si=574	zone=dirt	ms=0.20	meshes=9
178070.9	DECO	si=575	zone=dirt	ms=0.30	meshes=6
178238.5	DECO	si=576	zone=dirt	ms=0.30	meshes=5
178404.7	DECO	si=577	zone=dirt	ms=0.20	meshes=10
178572.2	DECO	si=578	zone=dirt	ms=0.40	meshes=6
178739.3	DECO	si=579	zone=dirt	ms=0.20	meshes=5
178739.4	SHADER_PROG	count=102	was=103	seg=514	zone=tunnel
178904.4	ZONE_CHANGE	→ tunnel	si=655	zoneLeft=47
178905.9	DECO	si=580	zone=dirt	ms=0.30	meshes=6
179072.1	DECO	si=581	zone=dirt	ms=0.10	meshes=8
179239.7	DECO	si=582	zone=dirt	ms=0.30	meshes=9
179406.4	DECO	si=583	zone=dirt	ms=0.60	meshes=10
179572.3	DECO	si=584	zone=dirt	ms=0.10	meshes=2
179739.3	DECO	si=585	zone=dirt	ms=0.20	meshes=2
179905.5	DECO	si=586	zone=dirt	ms=0.20	meshes=7
180073.6	DECO	si=587	zone=dirt	ms=0.40	meshes=9
180240.8	DECO	si=588	zone=dirt	ms=0.50	meshes=13
180406.5	DECO	si=589	zone=dirt	ms=0.30	meshes=11
180574.0	DECO	si=590	zone=dirt	ms=0.60	meshes=8
180740.0	DECO	si=591	zone=dirt	ms=0.20	meshes=8
180906.5	DECO	si=592	zone=dirt	ms=0.20	meshes=2
181090.2	DECO	si=593	zone=dirt	ms=0.30	meshes=11
181289.6	DECO	si=594	zone=dirt	ms=0.10	meshes=10
181474.3	DECO	si=595	zone=dirt	ms=0.40	meshes=16
181657.2	DECO	si=596	zone=dirt	ms=0.30	meshes=8
181857.8	DECO	si=597	zone=dirt	ms=0.20	meshes=6
182040.8	DECO	si=598	zone=dirt	ms=0.20	meshes=8
182225.0	DECO	si=599	zone=dirt	ms=0.40	meshes=11
182424.8	DECO	si=600	zone=dirt	ms=0.20	meshes=4
182608.5	DECO	si=601	zone=dirt	ms=0.20	meshes=9
182791.5	DECO	si=602	zone=dirt	ms=0.20	meshes=13
182992.7	DECO	si=603	zone=dirt	ms=0.50	meshes=12
183175.0	DECO	si=604	zone=dirt	ms=0.30	meshes=10
183376.2	DECO	si=605	zone=dirt	ms=0.20	meshes=12
183558.8	DECO	si=606	zone=dirt	ms=0.20	meshes=10
183742.6	DECO	si=607	zone=dirt	ms=0.30	meshes=7
183942.5	DECO	si=608	zone=dirt	ms=0.30	meshes=14
184126.4	DECO	si=609	zone=dirt	ms=0.30	meshes=7
184309.3	DECO	si=610	zone=dirt	ms=0.20	meshes=8
184509.3	DECO	si=611	zone=dirt	ms=0.20	meshes=5
184693.0	DECO	si=612	zone=dirt	ms=0.10	meshes=10
184877.7	DECO	si=613	zone=dirt	ms=0.40	meshes=13
185077.0	DECO	si=614	zone=dirt	ms=0.20	meshes=5
185261.7	DECO	si=615	zone=dirt	ms=0.40	meshes=8
185460.1	DECO	si=616	zone=dirt	ms=0.10	meshes=12
185643.7	DECO	si=617	zone=dirt	ms=0.30	meshes=12
185827.6	DECO	si=618	zone=dirt	ms=0.20	meshes=15
186027.4	DECO	si=619	zone=dirt	ms=0.10	meshes=6
186210.3	DECO	si=620	zone=dirt	ms=0.10	meshes=11
186394.2	DECO	si=621	zone=dirt	ms=0.20	meshes=11
186594.0	DECO	si=622	zone=dirt	ms=0.10	meshes=17
186779.3	DECO	si=623	zone=buildings	ms=1.70	meshes=7
186962.3	DECO	si=624	zone=buildings	ms=1.40	meshes=7
187164.4	DECO	si=625	zone=buildings	ms=2.40	meshes=7
187345.5	DECO	si=626	zone=buildings	ms=1.00	meshes=5
187546.2	DECO	si=627	zone=buildings	ms=1.20	meshes=7
187727.7	ZONE_CHANGE	→ buildings	si=703	zoneLeft=44
187728.9	DECO	si=628	zone=buildings	ms=0.90	meshes=7
187913.5	DECO	si=629	zone=buildings	ms=1.60	meshes=7
188113.2	DECO	si=630	zone=buildings	ms=1.10	meshes=7
188297.7	DECO	si=631	zone=buildings	ms=1.70	meshes=6
188479.5	DECO	si=632	zone=buildings	ms=1.10	meshes=7
188682.1	DECO	si=633	zone=buildings	ms=2.10	meshes=7
188864.0	DECO	si=634	zone=buildings	ms=1.20	meshes=7
189047.5	DECO	si=635	zone=buildings	ms=1.60	meshes=7
189247.0	DECO	si=636	zone=buildings	ms=1.20	meshes=7
189431.0	DECO	si=637	zone=buildings	ms=1.20	meshes=7
189630.7	DECO	si=638	zone=buildings	ms=1.00	meshes=6
189815.2	DECO	si=639	zone=buildings	ms=1.60	meshes=7
189997.9	DECO	si=640	zone=buildings	ms=1.40	meshes=7
190199.3	DECO	si=641	zone=buildings	ms=1.70	meshes=7
190380.9	DECO	si=642	zone=buildings	ms=0.60	meshes=6
190566.8	DECO	si=643	zone=buildings	ms=2.00	meshes=7
190765.3	DECO	si=644	zone=buildings	ms=1.40	meshes=7
190947.9	DECO	si=645	zone=intersection	ms=0.80	meshes=37
191136.2	DECO	si=646	zone=buildings	ms=3.10	meshes=7
191332.6	DECO	si=647	zone=buildings	ms=1.20	meshes=6
191516.1	DECO	si=648	zone=buildings	ms=1.30	meshes=7
191716.6	DECO	si=649	zone=buildings	ms=1.40	meshes=7
191899.5	DECO	si=650	zone=buildings	ms=1.00	meshes=7
192083.3	DECO	si=651	zone=buildings	ms=1.00	meshes=7
192282.6	DECO	si=652	zone=buildings	ms=0.90	meshes=7
192466.5	DECO	si=653	zone=buildings	ms=1.00	meshes=7
192565.3	SHADER_PROG	count=103	was=102	seg=588	zone=dirt
192649.7	DECO	si=654	zone=buildings	ms=0.80	meshes=7
192850.0	DECO	si=655	zone=tunnel	ms=0.70	meshes=27
193032.8	DECO	si=656	zone=tunnel	ms=0.40	meshes=27
193216.5	DECO	si=657	zone=tunnel	ms=0.60	meshes=27
193417.0	DECO	si=658	zone=tunnel	ms=0.50	meshes=27
193599.8	DECO	si=659	zone=tunnel	ms=0.50	meshes=27
193800.1	DECO	si=660	zone=tunnel	ms=0.50	meshes=27
193983.5	DECO	si=661	zone=tunnel	ms=0.50	meshes=27
194167.5	DECO	si=662	zone=tunnel	ms=0.60	meshes=27
194367.1	DECO	si=663	zone=tunnel	ms=0.40	meshes=27
194550.7	DECO	si=664	zone=tunnel	ms=0.50	meshes=27
194734.0	DECO	si=665	zone=tunnel	ms=0.40	meshes=27
194934.5	DECO	si=666	zone=tunnel	ms=0.50	meshes=27
195118.1	DECO	si=667	zone=tunnel	ms=0.70	meshes=27
195301.1	DECO	si=668	zone=tunnel	ms=0.60	meshes=27
195501.2	DECO	si=669	zone=tunnel	ms=0.40	meshes=27
195684.7	DECO	si=670	zone=tunnel	ms=0.50	meshes=27
195885.3	DECO	si=671	zone=tunnel	ms=0.50	meshes=27
196068.6	DECO	si=672	zone=tunnel	ms=0.50	meshes=27
196251.5	ZONE_CHANGE	→ trees	si=748	zoneLeft=49
196252.4	DECO	si=673	zone=tunnel	ms=0.50	meshes=27
196452.8	DECO	si=674	zone=tunnel	ms=0.50	meshes=27
196636.2	DECO	si=675	zone=tunnel	ms=0.50	meshes=27
196818.9	DECO	si=676	zone=tunnel	ms=0.50	meshes=27
197019.6	DECO	si=677	zone=tunnel	ms=0.60	meshes=27
197202.6	DECO	si=678	zone=tunnel	ms=0.50	meshes=27
197386.3	DECO	si=679	zone=tunnel	ms=0.50	meshes=27
197586.2	DECO	si=680	zone=tunnel	ms=0.40	meshes=27
197769.8	DECO	si=681	zone=tunnel	ms=0.50	meshes=27
197970.3	DECO	si=682	zone=tunnel	ms=0.60	meshes=27
198153.4	DECO	si=683	zone=tunnel	ms=0.50	meshes=27
198337.4	DECO	si=684	zone=tunnel	ms=0.60	meshes=27
198537.6	DECO	si=685	zone=tunnel	ms=0.40	meshes=27
198720.6	DECO	si=686	zone=tunnel	ms=0.60	meshes=27
198904.1	DECO	si=687	zone=tunnel	ms=0.50	meshes=27
199104.6	DECO	si=688	zone=tunnel	ms=0.50	meshes=27
199270.7	DECO	si=689	zone=tunnel	ms=0.40	meshes=27
199437.5	DECO	si=690	zone=tunnel	ms=0.40	meshes=27
199611.4	DECO	si=691	zone=tunnel	ms=0.50	meshes=27
199771.7	DECO	si=692	zone=tunnel	ms=0.50	meshes=27
199938.4	DECO	si=693	zone=tunnel	ms=0.40	meshes=27
200105.2	DECO	si=694	zone=tunnel	ms=0.40	meshes=27
200271.9	DECO	si=695	zone=tunnel	ms=0.50	meshes=27
200438.6	DECO	si=696	zone=tunnel	ms=0.50	meshes=27
200605.2	DECO	si=697	zone=tunnel	ms=0.40	meshes=27
200772.5	DECO	si=698	zone=tunnel	ms=0.50	meshes=27
200939.0	DECO	si=699	zone=tunnel	ms=0.40	meshes=27
201105.7	DECO	si=700	zone=tunnel	ms=0.30	meshes=27
201272.5	DECO	si=701	zone=tunnel	ms=0.40	meshes=27
201439.4	DECO	si=702	zone=tunnel	ms=0.40	meshes=27
201606.9	DECO	si=703	zone=buildings	ms=0.80	meshes=6
201773.1	DECO	si=704	zone=buildings	ms=0.70	meshes=7
201940.1	DECO	si=705	zone=buildings	ms=0.70	meshes=7
202106.6	DECO	si=706	zone=buildings	ms=0.60	meshes=7
202274.2	DECO	si=707	zone=buildings	ms=0.80	meshes=7
202440.9	DECO	si=708	zone=buildings	ms=1.10	meshes=6
202608.1	DECO	si=709	zone=buildings	ms=1.20	meshes=6
202773.9	DECO	si=710	zone=buildings	ms=0.70	meshes=7
202941.0	DECO	si=711	zone=buildings	ms=0.70	meshes=7
203107.7	DECO	si=712	zone=buildings	ms=0.70	meshes=6
203275.5	DECO	si=713	zone=buildings	ms=1.30	meshes=7
203441.4	DECO	si=714	zone=buildings	ms=0.60	meshes=7
203609.0	DECO	si=715	zone=buildings	ms=1.20	meshes=7
203775.0	DECO	si=716	zone=buildings	ms=0.70	meshes=7
203941.4	DECO	si=717	zone=buildings	ms=0.50	meshes=7
204109.0	DECO	si=718	zone=buildings	ms=0.60	meshes=6
204308.8	DECO	si=719	zone=buildings	ms=0.70	meshes=6
204559.2	DECO	si=720	zone=buildings	ms=0.80	meshes=7
204775.9	DECO	si=721	zone=buildings	ms=0.50	meshes=7
204942.7	DECO	si=722	zone=buildings	ms=0.70	meshes=7
205107.9	ZONE_CHANGE	→ buildings	si=798	zoneLeft=29
205108.9	DECO	si=723	zone=buildings	ms=0.50	meshes=7
205275.8	DECO	si=724	zone=buildings	ms=0.50	meshes=7
205443.1	DECO	si=725	zone=intersection	ms=0.70	meshes=37
205610.6	DECO	si=726	zone=buildings	ms=1.10	meshes=7
205776.5	DECO	si=727	zone=buildings	ms=0.60	meshes=7
205944.1	DECO	si=728	zone=buildings	ms=1.00	meshes=7
206110.9	DECO	si=729	zone=buildings	ms=0.90	meshes=7
206291.1	DECO	si=730	zone=buildings	ms=1.10	meshes=7
206460.1	DECO	si=731	zone=buildings	ms=0.50	meshes=7
206627.1	DECO	si=732	zone=buildings	ms=0.70	meshes=6
206793.7	DECO	si=733	zone=buildings	ms=0.50	meshes=7
206961.0	DECO	si=734	zone=buildings	ms=0.50	meshes=7
207127.9	DECO	si=735	zone=buildings	ms=0.70	meshes=6
207294.6	DECO	si=736	zone=buildings	ms=0.60	meshes=7
207461.5	DECO	si=737	zone=buildings	ms=0.50	meshes=7
207628.5	DECO	si=738	zone=buildings	ms=1.00	meshes=7
207795.9	DECO	si=739	zone=buildings	ms=0.90	meshes=7
207962.1	DECO	si=740	zone=buildings	ms=0.90	meshes=7
208128.9	DECO	si=741	zone=buildings	ms=0.60	meshes=7
208295.4	DECO	si=742	zone=buildings	ms=0.70	meshes=6
208462.0	DECO	si=743	zone=buildings	ms=0.60	meshes=7
208629.3	DECO	si=744	zone=buildings	ms=0.80	meshes=7
208795.5	DECO	si=745	zone=buildings	ms=0.60	meshes=7
208962.7	DECO	si=746	zone=buildings	ms=0.60	meshes=7
209129.0	DECO	si=747	zone=buildings	ms=0.70	meshes=7
209296.5	DECO	si=748	zone=trees	ms=1.30	meshes=37
209463.6	DECO	si=749	zone=trees	ms=1.40	meshes=38
209630.4	DECO	si=750	zone=trees	ms=1.20	meshes=36
209796.9	DECO	si=751	zone=trees	ms=1.30	meshes=36
209964.1	DECO	si=752	zone=trees	ms=1.10	meshes=30
210129.1	ZONE_CHANGE	→ buildings	si=828	zoneLeft=43
210131.5	DECO	si=753	zone=trees	ms=1.80	meshes=37
210297.6	DECO	si=754	zone=trees	ms=1.30	meshes=38
210464.1	DECO	si=755	zone=trees	ms=1.20	meshes=29
210630.9	DECO	si=756	zone=trees	ms=1.20	meshes=30
210797.7	DECO	si=757	zone=trees	ms=1.20	meshes=33
210965.0	DECO	si=758	zone=trees	ms=1.60	meshes=34
211131.2	DECO	si=759	zone=trees	ms=1.20	meshes=30
211297.8	DECO	si=760	zone=trees	ms=1.00	meshes=30
211465.3	DECO	si=761	zone=trees	ms=1.30	meshes=38
211634.1	DECO	si=762	zone=trees	ms=1.30	meshes=31
211801.9	DECO	si=763	zone=trees	ms=1.20	meshes=33
211969.3	DECO	si=764	zone=trees	ms=1.20	meshes=33
212138.5	DECO	si=765	zone=trees	ms=1.30	meshes=33
212310.4	DECO	si=766	zone=trees	ms=1.10	meshes=31
212565.6	SHADER_PROG	count=104	was=103	seg=701	zone=tunnel
212658.5	DECO	si=767	zone=trees	ms=1.50	meshes=36
212845.8	DECO	si=768	zone=trees	ms=1.30	meshes=37
213042.2	DECO	si=769	zone=trees	ms=1.10	meshes=31
213246.4	DECO	si=770	zone=trees	ms=1.00	meshes=30
213454.3	DECO	si=771	zone=trees	ms=0.90	meshes=27
213664.2	DECO	si=772	zone=trees	ms=1.40	meshes=36
213875.7	DECO	si=773	zone=trees	ms=1.10	meshes=28
214084.7	DECO	si=774	zone=trees	ms=1.20	meshes=33
214298.5	DECO	si=775	zone=trees	ms=1.30	meshes=33
214515.1	DECO	si=776	zone=trees	ms=1.50	meshes=39
214736.1	DECO	si=777	zone=trees	ms=1.30	meshes=32
214956.0	DECO	si=778	zone=trees	ms=1.30	meshes=32
215178.6	DECO	si=779	zone=trees	ms=1.30	meshes=34
215399.0	DECO	si=780	zone=trees	ms=1.10	meshes=30
215615.6	DECO	si=781	zone=trees	ms=1.10	meshes=31
215837.7	DECO	si=782	zone=trees	ms=1.30	meshes=36
216069.7	DECO	si=783	zone=trees	ms=1.40	meshes=33
216297.3	DECO	si=784	zone=trees	ms=1.10	meshes=31
216526.1	DECO	si=785	zone=trees	ms=1.30	meshes=33
216762.5	DECO	si=786	zone=trees	ms=1.30	meshes=35
216991.2	DECO	si=787	zone=trees	ms=1.10	meshes=31
217193.3	DECO	si=788	zone=trees	ms=1.10	meshes=33
217412.0	DECO	si=789	zone=trees	ms=1.10	meshes=34
217650.1	DECO	si=790	zone=trees	ms=1.30	meshes=34
217895.8	DECO	si=791	zone=trees	ms=1.60	meshes=39
218142.0	DECO	si=792	zone=trees	ms=1.20	meshes=36
218393.1	DECO	si=793	zone=trees	ms=1.20	meshes=33
218647.0	DECO	si=794	zone=trees	ms=1.50	meshes=38
218907.4	DECO	si=795	zone=trees	ms=1.50	meshes=37
219169.9	DECO	si=796	zone=trees	ms=1.50	meshes=37
219426.3	ZONE_CHANGE	→ trees	si=872	zoneLeft=49
219429.9	DECO	si=797	zone=trees	ms=2.80	meshes=36
219692.7	DECO	si=798	zone=buildings	ms=0.70	meshes=7
219962.6	DECO	si=799	zone=buildings	ms=0.70	meshes=7
220235.9	DECO	si=800	zone=buildings	ms=0.80	meshes=7
220513.4	DECO	si=801	zone=buildings	ms=0.70	meshes=7
220786.4	DECO	si=802	zone=buildings	ms=0.70	meshes=7
221061.4	DECO	si=803	zone=buildings	ms=0.80	meshes=7
221335.1	DECO	si=804	zone=buildings	ms=0.80	meshes=7
221612.3	DECO	si=805	zone=buildings	ms=1.20	meshes=6
221890.6	DECO	si=806	zone=buildings	ms=0.70	meshes=7
222168.6	DECO	si=807	zone=buildings	ms=0.80	meshes=7
222445.8	DECO	si=808	zone=buildings	ms=0.80	meshes=7
222728.3	DECO	si=809	zone=buildings	ms=0.80	meshes=7
223003.6	DECO	si=810	zone=buildings	ms=0.80	meshes=7
223283.3	DECO	si=811	zone=buildings	ms=0.70	meshes=6
223564.6	DECO	si=812	zone=buildings	ms=0.60	meshes=7
223841.2	DECO	si=813	zone=buildings	ms=0.70	meshes=6
224112.0	DECO	si=814	zone=buildings	ms=0.70	meshes=7
224379.7	DECO	si=815	zone=buildings	ms=0.70	meshes=6
224644.2	DECO	si=816	zone=buildings	ms=0.60	meshes=7
224910.7	DECO	si=817	zone=buildings	ms=0.60	meshes=7
225180.7	DECO	si=818	zone=buildings	ms=0.60	meshes=7
225451.2	DECO	si=819	zone=buildings	ms=0.70	meshes=6
225715.7	DECO	si=820	zone=intersection	ms=0.60	meshes=37
225991.4	DECO	si=821	zone=buildings	ms=0.70	meshes=7
226260.5	DECO	si=822	zone=buildings	ms=0.60	meshes=7
226530.3	DECO	si=823	zone=buildings	ms=0.50	meshes=7
226794.4	DECO	si=824	zone=buildings	ms=0.60	meshes=7
227062.3	DECO	si=825	zone=buildings	ms=0.50	meshes=6
227323.8	DECO	si=826	zone=buildings	ms=0.60	meshes=7
227587.9	DECO	si=827	zone=buildings	ms=0.60	meshes=7
227853.3	DECO	si=828	zone=buildings	ms=0.60	meshes=7
228117.4	DECO	si=829	zone=buildings	ms=0.60	meshes=6
228380.2	DECO	si=830	zone=buildings	ms=0.80	meshes=7
228644.8	DECO	si=831	zone=buildings	ms=0.80	meshes=7
228909.0	DECO	si=832	zone=buildings	ms=0.50	meshes=6
229170.3	DECO	si=833	zone=buildings	ms=0.60	meshes=6
229425.5	DECO	si=834	zone=buildings	ms=0.70	meshes=7
229686.0	DECO	si=835	zone=buildings	ms=0.60	meshes=7
229941.3	DECO	si=836	zone=buildings	ms=0.60	meshes=6
230193.3	DECO	si=837	zone=buildings	ms=0.60	meshes=7
230444.1	DECO	si=838	zone=buildings	ms=0.50	meshes=7
230693.5	DECO	si=839	zone=buildings	ms=0.70	meshes=7
230939.6	DECO	si=840	zone=buildings	ms=0.50	meshes=7
231182.8	DECO	si=841	zone=buildings	ms=0.70	meshes=7
231430.7	DECO	si=842	zone=buildings	ms=0.70	meshes=7
231666.5	DECO	si=843	zone=intersection	ms=0.50	meshes=37
231897.4	DECO	si=844	zone=buildings	ms=0.60	meshes=7
232125.5	DECO	si=845	zone=buildings	ms=0.60	meshes=7
232351.3	DECO	si=846	zone=buildings	ms=0.60	meshes=7
232568.3	ZONE_CHANGE	→ tunnel	si=922	zoneLeft=39
232569.8	DECO	si=847	zone=buildings	ms=1.00	meshes=6
232784.4	DECO	si=848	zone=buildings	ms=0.50	meshes=7
232993.5	DECO	si=849	zone=buildings	ms=0.60	meshes=6
233198.9	DECO	si=850	zone=buildings	ms=0.60	meshes=7
233405.0	DECO	si=851	zone=buildings	ms=0.50	meshes=7
233617.5	DECO	si=852	zone=buildings	ms=0.60	meshes=6
233821.7	DECO	si=853	zone=buildings	ms=0.60	meshes=7
234023.4	DECO	si=854	zone=buildings	ms=0.50	meshes=7
234222.6	DECO	si=855	zone=buildings	ms=0.50	meshes=6
234428.8	DECO	si=856	zone=buildings	ms=0.90	meshes=7
234622.8	DECO	si=857	zone=buildings	ms=1.50	meshes=7
234821.8	DECO	si=858	zone=buildings	ms=0.60	meshes=7
235012.9	DECO	si=859	zone=buildings	ms=0.70	meshes=7
235200.9	DECO	si=860	zone=buildings	ms=0.60	meshes=7
235386.2	DECO	si=861	zone=buildings	ms=0.60	meshes=6
235569.1	DECO	si=862	zone=buildings	ms=0.60	meshes=7
235752.8	DECO	si=863	zone=buildings	ms=0.50	meshes=7
235934.4	DECO	si=864	zone=buildings	ms=0.60	meshes=7
236116.4	DECO	si=865	zone=buildings	ms=0.50	meshes=7
236297.6	DECO	si=866	zone=intersection	ms=0.50	meshes=37
236481.0	DECO	si=867	zone=buildings	ms=0.50	meshes=7
236662.3	DECO	si=868	zone=buildings	ms=0.50	meshes=7
236844.3	DECO	si=869	zone=buildings	ms=0.70	meshes=7
237025.3	DECO	si=870	zone=buildings	ms=0.60	meshes=7
237206.0	DECO	si=871	zone=buildings	ms=0.70	meshes=7
237386.8	DECO	si=872	zone=trees	ms=1.10	meshes=33
237567.9	DECO	si=873	zone=trees	ms=1.10	meshes=31
237748.9	DECO	si=874	zone=trees	ms=1.20	meshes=32
237929.8	DECO	si=875	zone=trees	ms=1.20	meshes=38
238111.9	DECO	si=876	zone=trees	ms=1.20	meshes=36
238297.6	DECO	si=877	zone=trees	ms=1.20	meshes=34
238484.0	DECO	si=878	zone=trees	ms=1.30	meshes=36
238673.0	DECO	si=879	zone=trees	ms=1.40	meshes=39
238862.0	DECO	si=880	zone=trees	ms=1.20	meshes=33
239042.8	DECO	si=881	zone=trees	ms=1.10	meshes=33
239224.4	DECO	si=882	zone=trees	ms=1.70	meshes=32
239402.4	DECO	si=883	zone=trees	ms=1.20	meshes=39
239584.0	DECO	si=884	zone=trees	ms=1.20	meshes=34
239766.6	DECO	si=885	zone=trees	ms=1.10	meshes=32
239947.0	DECO	si=886	zone=trees	ms=1.20	meshes=31
240128.2	ZONE_CHANGE	→ bridge	si=962	zoneLeft=40
240129.9	DECO	si=887	zone=trees	ms=1.30	meshes=36
240314.0	DECO	si=888	zone=trees	ms=1.00	meshes=32
240507.1	DECO	si=889	zone=trees	ms=1.20	meshes=30
240698.6	DECO	si=890	zone=trees	ms=1.60	meshes=38
240887.2	DECO	si=891	zone=trees	ms=1.20	meshes=32
241077.0	DECO	si=892	zone=trees	ms=1.30	meshes=40
241269.4	DECO	si=893	zone=trees	ms=1.20	meshes=33
241461.2	DECO	si=894	zone=trees	ms=1.80	meshes=36
241653.0	DECO	si=895	zone=trees	ms=1.40	meshes=36
241847.1	DECO	si=896	zone=trees	ms=1.10	meshes=34
242044.0	DECO	si=897	zone=trees	ms=1.30	meshes=35
242247.1	DECO	si=898	zone=trees	ms=1.20	meshes=31
242452.1	DECO	si=899	zone=trees	ms=1.20	meshes=32
242671.3	DECO	si=900	zone=trees	ms=1.00	meshes=28
242880.9	DECO	si=901	zone=trees	ms=1.00	meshes=32
243088.5	DECO	si=902	zone=trees	ms=1.50	meshes=39
243306.3	DECO	si=903	zone=trees	ms=1.20	meshes=31
243524.6	DECO	si=904	zone=trees	ms=1.50	meshes=37
243743.9	DECO	si=905	zone=trees	ms=1.30	meshes=36
243970.4	DECO	si=906	zone=trees	ms=1.10	meshes=34
244199.1	DECO	si=907	zone=trees	ms=1.50	meshes=39
244433.4	DECO	si=908	zone=trees	ms=1.20	meshes=37
244673.5	DECO	si=909	zone=trees	ms=1.50	meshes=37
244913.9	DECO	si=910	zone=trees	ms=1.50	meshes=39
245158.8	DECO	si=911	zone=trees	ms=1.20	meshes=34
245409.5	DECO	si=912	zone=trees	ms=1.30	meshes=37
245663.4	DECO	si=913	zone=trees	ms=1.20	meshes=34
245919.9	DECO	si=914	zone=trees	ms=1.10	meshes=32
246177.4	DECO	si=915	zone=trees	ms=1.10	meshes=30
246439.2	DECO	si=916	zone=trees	ms=1.30	meshes=35
246709.8	DECO	si=917	zone=trees	ms=1.20	meshes=33
246981.5	DECO	si=918	zone=trees	ms=1.30	meshes=38
247261.5	DECO	si=919	zone=trees	ms=1.10	meshes=32
247537.8	DECO	si=920	zone=trees	ms=1.20	meshes=34
247822.9	DECO	si=921	zone=trees	ms=1.10	meshes=32
248108.9	DECO	si=922	zone=tunnel	ms=0.50	meshes=27
248399.3	DECO	si=923	zone=tunnel	ms=0.50	meshes=27
248684.2	DECO	si=924	zone=tunnel	ms=0.60	meshes=27
248971.3	DECO	si=925	zone=tunnel	ms=0.60	meshes=27
249265.1	DECO	si=926	zone=tunnel	ms=0.50	meshes=27
249560.1	DECO	si=927	zone=tunnel	ms=0.50	meshes=27
249855.3	ZONE_CHANGE	→ dirt	si=1003	zoneLeft=44
249856.3	DECO	si=928	zone=tunnel	ms=0.60	meshes=27
250155.4	DECO	si=929	zone=tunnel	ms=0.40	meshes=27
250451.6	DECO	si=930	zone=tunnel	ms=0.50	meshes=27
250755.5	DECO	si=931	zone=tunnel	ms=0.50	meshes=27
251049.5	DECO	si=932	zone=tunnel	ms=0.60	meshes=27
251345.6	DECO	si=933	zone=tunnel	ms=0.30	meshes=27
251636.3	DECO	si=934	zone=tunnel	ms=0.50	meshes=27
251927.3	DECO	si=935	zone=tunnel	ms=0.40	meshes=27
252222.7	DECO	si=936	zone=tunnel	ms=0.60	meshes=27
252513.2	DECO	si=937	zone=tunnel	ms=0.50	meshes=27
252803.0	DECO	si=938	zone=tunnel	ms=0.50	meshes=27
253096.6	DECO	si=939	zone=tunnel	ms=0.60	meshes=27
253389.7	DECO	si=940	zone=tunnel	ms=0.60	meshes=27
253695.5	DECO	si=941	zone=tunnel	ms=0.50	meshes=27
253994.5	DECO	si=942	zone=tunnel	ms=0.50	meshes=27
254302.0	DECO	si=943	zone=tunnel	ms=0.60	meshes=27
254604.8	DECO	si=944	zone=tunnel	ms=0.50	meshes=27
254922.3	DECO	si=945	zone=tunnel	ms=0.50	meshes=27
255229.1	DECO	si=946	zone=tunnel	ms=0.40	meshes=27
255531.4	DECO	si=947	zone=tunnel	ms=0.50	meshes=27
255832.5	DECO	si=948	zone=tunnel	ms=0.60	meshes=27
256121.4	DECO	si=949	zone=tunnel	ms=0.50	meshes=27
256394.9	DECO	si=950	zone=tunnel	ms=0.50	meshes=27
256657.0	DECO	si=951	zone=tunnel	ms=0.50	meshes=27
256907.1	DECO	si=952	zone=tunnel	ms=0.50	meshes=27
257151.6	DECO	si=953	zone=tunnel	ms=0.40	meshes=27
257375.8	DECO	si=954	zone=tunnel	ms=0.50	meshes=27
257565.5	DECO	si=955	zone=tunnel	ms=0.40	meshes=27
257735.1	DECO	si=956	zone=tunnel	ms=0.40	meshes=27
257901.7	DECO	si=957	zone=tunnel	ms=0.50	meshes=27
258069.0	DECO	si=958	zone=tunnel	ms=0.50	meshes=27
258235.2	DECO	si=959	zone=tunnel	ms=0.50	meshes=27
258401.9	DECO	si=960	zone=tunnel	ms=0.50	meshes=27
258569.2	DECO	si=961	zone=tunnel	ms=0.60	meshes=27
258735.9	DECO	si=962	zone=bridge	ms=0.30	meshes=5
258736.0	SHADER_PROG	count=103	was=104	seg=897	zone=trees
258755.1	SHADER_PROG	count=104	was=103	seg=897	zone=trees
258902.0	DECO	si=963	zone=bridge	ms=0.00	meshes=4
259068.8	DECO	si=964	zone=bridge	ms=0.20	meshes=4
259239.9	DECO	si=965	zone=bridge	ms=0.00	meshes=4
259418.3	DECO	si=966	zone=bridge	ms=0.10	meshes=4
259608.2	DECO	si=967	zone=bridge	ms=0.10	meshes=4
259801.4	DECO	si=968	zone=bridge	ms=0.10	meshes=4
259992.5	DECO	si=969	zone=bridge	ms=0.10	meshes=4
260174.9	DECO	si=970	zone=bridge	ms=0.20	meshes=4
260353.0	DECO	si=971	zone=bridge	ms=0.20	meshes=4
260534.9	DECO	si=972	zone=bridge	ms=2.30	meshes=52
260737.7	ZONE_CHANGE	→ tunnel	si=1048	zoneLeft=32
260738.2	DECO	si=973	zone=bridge	ms=0.10	meshes=4
260935.3	DECO	si=974	zone=bridge	ms=0.00	meshes=4
261126.2	DECO	si=975	zone=bridge	ms=0.10	meshes=4
261316.9	DECO	si=976	zone=bridge	ms=0.00	meshes=4
261506.6	DECO	si=977	zone=bridge	ms=0.10	meshes=4
261694.4	DECO	si=978	zone=bridge	ms=0.00	meshes=4
261881.0	DECO	si=979	zone=bridge	ms=0.10	meshes=4
262047.0	DECO	si=980	zone=bridge	ms=0.10	meshes=4
262204.7	DECO	si=981	zone=bridge	ms=0.20	meshes=4
262371.1	DECO	si=982	zone=bridge	ms=0.10	meshes=4
262538.6	DECO	si=983	zone=bridge	ms=0.20	meshes=4
262706.7	DECO	si=984	zone=bridge	ms=1.90	meshes=52
264440.1	DECO	si=985	zone=bridge	ms=0.10	meshes=4
264723.5	DECO	si=986	zone=bridge	ms=0.00	meshes=4
264890.2	DECO	si=987	zone=bridge	ms=0.00	meshes=4
265056.5	DECO	si=988	zone=bridge	ms=0.10	meshes=4
265240.1	DECO	si=989	zone=bridge	ms=0.10	meshes=4
265456.8	DECO	si=990	zone=bridge	ms=0.10	meshes=4
265724.0	DECO	si=991	zone=bridge	ms=0.10	meshes=4
265891.7	DECO	si=992	zone=bridge	ms=0.10	meshes=4
266058.1	DECO	si=993	zone=bridge	ms=0.20	meshes=4
266225.2	DECO	si=994	zone=bridge	ms=0.20	meshes=4
266391.3	DECO	si=995	zone=bridge	ms=0.20	meshes=4
266559.4	DECO	si=996	zone=bridge	ms=1.90	meshes=52
266724.7	DECO	si=997	zone=bridge	ms=0.00	meshes=4
266891.5	DECO	si=998	zone=bridge	ms=0.10	meshes=4
267058.2	DECO	si=999	zone=bridge	ms=0.10	meshes=4
267225.2	DECO	si=1000	zone=bridge	ms=0.00	meshes=4
267391.7	DECO	si=1001	zone=bridge	ms=0.10	meshes=4
267558.6	DECO	si=1002	zone=bridge	ms=0.10	meshes=5
267725.8	DECO	si=1003	zone=dirt	ms=0.10	meshes=2
267893.1	DECO	si=1004	zone=dirt	ms=0.20	meshes=8
268058.9	DECO	si=1005	zone=dirt	ms=0.10	meshes=8
268225.5	ZONE_CHANGE	→ buildings	si=1081	zoneLeft=29
268226.7	DECO	si=1006	zone=dirt	ms=0.30	meshes=13
268392.8	DECO	si=1007	zone=dirt	ms=0.20	meshes=2
268560.3	DECO	si=1008	zone=dirt	ms=0.10	meshes=9
268726.1	DECO	si=1009	zone=dirt	ms=0.10	meshes=17
268893.7	DECO	si=1010	zone=dirt	ms=0.20	meshes=17
269060.3	DECO	si=1011	zone=dirt	ms=0.10	meshes=12
269226.6	DECO	si=1012	zone=dirt	ms=0.10	meshes=2
269394.0	DECO	si=1013	zone=dirt	ms=0.20	meshes=13
269561.6	DECO	si=1014	zone=dirt	ms=0.30	meshes=10
269727.6	DECO	si=1015	zone=dirt	ms=0.30	meshes=7
269895.7	DECO	si=1016	zone=dirt	ms=0.60	meshes=9
270061.4	DECO	si=1017	zone=dirt	ms=0.30	meshes=9
270228.7	DECO	si=1018	zone=dirt	ms=0.30	meshes=13
270395.1	DECO	si=1019	zone=dirt	ms=0.20	meshes=5
270562.0	DECO	si=1020	zone=dirt	ms=0.20	meshes=10
270728.9	DECO	si=1021	zone=dirt	ms=0.40	meshes=12
270894.9	DECO	si=1022	zone=dirt	ms=0.20	meshes=10
271079.3	DECO	si=1023	zone=dirt	ms=0.40	meshes=10
271262.9	DECO	si=1024	zone=dirt	ms=0.30	meshes=9
271430.1	DECO	si=1025	zone=dirt	ms=0.30	meshes=11
271596.9	DECO	si=1026	zone=dirt	ms=0.20	meshes=2
271763.7	DECO	si=1027	zone=dirt	ms=0.60	meshes=8
271963.9	DECO	si=1028	zone=dirt	ms=0.30	meshes=4
272181.0	DECO	si=1029	zone=dirt	ms=0.60	meshes=10
272480.0	DECO	si=1030	zone=dirt	ms=0.30	meshes=13
272664.2	DECO	si=1031	zone=dirt	ms=0.30	meshes=7
272830.4	DECO	si=1032	zone=dirt	ms=0.40	meshes=8
272997.3	DECO	si=1033	zone=dirt	ms=0.50	meshes=15
273164.4	DECO	si=1034	zone=dirt	ms=0.30	meshes=8
273330.3	DECO	si=1035	zone=dirt	ms=0.20	meshes=8
273496.2	ZONE_CHANGE	→ toxic	si=1111	zoneLeft=29
273497.2	DECO	si=1036	zone=dirt	ms=0.20	meshes=11
273664.4	DECO	si=1037	zone=dirt	ms=0.30	meshes=16
273830.9	DECO	si=1038	zone=dirt	ms=0.20	meshes=6
273997.8	DECO	si=1039	zone=dirt	ms=0.30	meshes=9
274164.7	DECO	si=1040	zone=dirt	ms=0.30	meshes=9
274331.9	DECO	si=1041	zone=dirt	ms=0.50	meshes=13
274498.8	DECO	si=1042	zone=dirt	ms=0.30	meshes=9
274665.5	DECO	si=1043	zone=dirt	ms=0.50	meshes=12
274832.1	DECO	si=1044	zone=dirt	ms=0.30	meshes=8
274998.6	DECO	si=1045	zone=dirt	ms=0.30	meshes=8
275166.1	DECO	si=1046	zone=dirt	ms=0.40	meshes=8
275333.5	DECO	si=1047	zone=dirt	ms=0.50	meshes=14
275500.5	DECO	si=1048	zone=tunnel	ms=1.10	meshes=27
275667.5	DECO	si=1049	zone=tunnel	ms=1.20	meshes=27
275833.7	DECO	si=1050	zone=tunnel	ms=1.40	meshes=27
276001.8	DECO	si=1051	zone=tunnel	ms=1.60	meshes=27
276167.7	DECO	si=1052	zone=tunnel	ms=1.20	meshes=27
276335.5	DECO	si=1053	zone=tunnel	ms=1.80	meshes=27
276503.4	DECO	si=1054	zone=tunnel	ms=1.60	meshes=27
276668.4	DECO	si=1055	zone=tunnel	ms=1.80	meshes=27
276835.4	DECO	si=1056	zone=tunnel	ms=1.60	meshes=27
277001.6	DECO	si=1057	zone=tunnel	ms=1.30	meshes=27
277169.0	DECO	si=1058	zone=tunnel	ms=1.80	meshes=27
277335.0	DECO	si=1059	zone=tunnel	ms=1.10	meshes=27
277501.3	DECO	si=1060	zone=tunnel	ms=1.00	meshes=27
277668.9	DECO	si=1061	zone=tunnel	ms=1.20	meshes=27
277834.4	DECO	si=1062	zone=tunnel	ms=0.80	meshes=27
278001.5	DECO	si=1063	zone=tunnel	ms=1.10	meshes=27
278167.7	DECO	si=1064	zone=tunnel	ms=0.70	meshes=27
278335.3	DECO	si=1065	zone=tunnel	ms=0.90	meshes=27
278500.7	ZONE_CHANGE	→ trees	si=1141	zoneLeft=35
278502.5	DECO	si=1066	zone=tunnel	ms=1.10	meshes=27
278671.7	DECO	si=1067	zone=tunnel	ms=2.40	meshes=27
278836.1	DECO	si=1068	zone=tunnel	ms=1.20	meshes=27
279035.6	DECO	si=1069	zone=tunnel	ms=1.00	meshes=27
279254.1	DECO	si=1070	zone=tunnel	ms=1.30	meshes=27
279585.1	DECO	si=1071	zone=tunnel	ms=0.40	meshes=27
947.0	ZONE_CHANGE	→ buildings	si=50	zoneLeft=35
947.0	ZONE_CHANGE	→ mountains	si=86	zoneLeft=44
947.0	ZONE_CHANGE	→ toxic	si=131	zoneLeft=41
947.1	ZONE_CHANGE	→ trees	si=173	zoneLeft=37
959.9	DECO	si=0	zone=trees	ms=1.60	meshes=10
961.0	DECO	si=1	zone=trees	ms=1.10	meshes=10
962.4	DECO	si=2	zone=trees	ms=1.40	meshes=13
963.3	DECO	si=3	zone=trees	ms=0.90	meshes=10
964.4	DECO	si=4	zone=trees	ms=1.10	meshes=11
965.6	DECO	si=5	zone=trees	ms=1.20	meshes=12
966.9	DECO	si=6	zone=trees	ms=1.30	meshes=13
967.8	DECO	si=7	zone=trees	ms=0.90	meshes=12
968.6	DECO	si=8	zone=trees	ms=0.80	meshes=10
969.5	DECO	si=9	zone=trees	ms=0.90	meshes=12
970.6	DECO	si=10	zone=trees	ms=1.10	meshes=10
971.7	DECO	si=11	zone=trees	ms=1.10	meshes=12
972.6	DECO	si=12	zone=trees	ms=0.90	meshes=12
973.7	DECO	si=13	zone=trees	ms=1.10	meshes=14
974.8	DECO	si=14	zone=trees	ms=1.00	meshes=12
994.6	DECO	si=15	zone=trees	ms=19.80	meshes=11
995.2	DECO	si=16	zone=trees	ms=0.60	meshes=12
995.9	DECO	si=17	zone=trees	ms=0.70	meshes=11
996.4	DECO	si=18	zone=trees	ms=0.40	meshes=10
996.8	DECO	si=19	zone=trees	ms=0.40	meshes=10
997.5	DECO	si=20	zone=trees	ms=0.70	meshes=14
998.1	DECO	si=21	zone=trees	ms=0.60	meshes=15
998.5	DECO	si=22	zone=trees	ms=0.40	meshes=12
999.1	DECO	si=23	zone=trees	ms=0.60	meshes=15
999.6	DECO	si=24	zone=trees	ms=0.50	meshes=12
1000.3	DECO	si=25	zone=trees	ms=0.70	meshes=14
1000.7	DECO	si=26	zone=trees	ms=0.40	meshes=12
1001.4	DECO	si=27	zone=trees	ms=0.70	meshes=15
1001.8	DECO	si=28	zone=trees	ms=0.40	meshes=13
1002.3	DECO	si=29	zone=trees	ms=0.50	meshes=14
1002.8	DECO	si=30	zone=trees	ms=0.50	meshes=13
1003.4	DECO	si=31	zone=trees	ms=0.60	meshes=12
1003.8	DECO	si=32	zone=trees	ms=0.40	meshes=13
1004.5	DECO	si=33	zone=trees	ms=0.70	meshes=13
1005.2	DECO	si=34	zone=trees	ms=0.70	meshes=13
1005.7	DECO	si=35	zone=trees	ms=0.50	meshes=11
1006.4	DECO	si=36	zone=trees	ms=0.70	meshes=13
1006.8	DECO	si=37	zone=trees	ms=0.40	meshes=11
1007.6	DECO	si=38	zone=trees	ms=0.80	meshes=15
1008.2	DECO	si=39	zone=trees	ms=0.60	meshes=13
1008.6	DECO	si=40	zone=trees	ms=0.40	meshes=11
1009.1	DECO	si=41	zone=trees	ms=0.50	meshes=12
1013.3	DECO	si=42	zone=buildings	ms=4.20	meshes=7
1014.0	DECO	si=43	zone=trees	ms=0.70	meshes=13
1014.7	DECO	si=44	zone=trees	ms=0.70	meshes=16
1015.3	DECO	si=45	zone=trees	ms=0.60	meshes=13
1015.9	DECO	si=46	zone=trees	ms=0.60	meshes=13
1016.5	DECO	si=47	zone=trees	ms=0.60	meshes=15
1017.1	DECO	si=48	zone=trees	ms=0.60	meshes=13
1017.7	DECO	si=49	zone=trees	ms=0.60	meshes=16
1018.5	DECO	si=50	zone=buildings	ms=0.80	meshes=7
1019.4	DECO	si=51	zone=buildings	ms=0.90	meshes=7
1020.2	DECO	si=52	zone=buildings	ms=0.80	meshes=7
1020.8	DECO	si=53	zone=buildings	ms=0.60	meshes=7
1021.8	DECO	si=54	zone=buildings	ms=1.00	meshes=7
1022.3	DECO	si=55	zone=buildings	ms=0.50	meshes=7
1023.0	DECO	si=56	zone=buildings	ms=0.60	meshes=7
1024.0	DECO	si=57	zone=buildings	ms=1.00	meshes=7
1025.4	DECO	si=58	zone=buildings	ms=1.40	meshes=7
1026.7	DECO	si=59	zone=buildings	ms=1.30	meshes=6
1028.7	DECO	si=60	zone=buildings	ms=2.00	meshes=7
1030.4	DECO	si=61	zone=buildings	ms=1.70	meshes=7
1031.7	DECO	si=62	zone=buildings	ms=1.30	meshes=6
1032.7	DECO	si=63	zone=buildings	ms=1.00	meshes=7
1034.0	DECO	si=64	zone=buildings	ms=1.30	meshes=7
1035.2	DECO	si=65	zone=buildings	ms=1.20	meshes=7
1036.5	DECO	si=66	zone=buildings	ms=1.30	meshes=7
1037.8	DECO	si=67	zone=buildings	ms=1.30	meshes=7
1039.2	DECO	si=68	zone=buildings	ms=1.40	meshes=7
1040.3	DECO	si=69	zone=buildings	ms=1.10	meshes=7
1042.0	DECO	si=70	zone=buildings	ms=1.70	meshes=7
496.2	ZONE_CHANGE	→ buildings	si=50	zoneLeft=44
496.3	ZONE_CHANGE	→ bridge	si=95	zoneLeft=37
496.3	ZONE_CHANGE	→ buildings	si=133	zoneLeft=33
496.3	ZONE_CHANGE	→ mountains	si=167	zoneLeft=42
509.2	DECO	si=0	zone=trees	ms=1.70	meshes=13
510.3	DECO	si=1	zone=trees	ms=1.00	meshes=11
511.4	DECO	si=2	zone=trees	ms=1.10	meshes=12
512.2	DECO	si=3	zone=trees	ms=0.80	meshes=9
513.2	DECO	si=4	zone=trees	ms=1.00	meshes=13
513.8	DECO	si=5	zone=trees	ms=0.60	meshes=10
514.2	DECO	si=6	zone=trees	ms=0.30	meshes=9
514.8	DECO	si=7	zone=trees	ms=0.60	meshes=14
515.8	DECO	si=8	zone=trees	ms=1.00	meshes=13
516.3	DECO	si=9	zone=trees	ms=0.50	meshes=12
516.9	DECO	si=10	zone=trees	ms=0.60	meshes=12
517.6	DECO	si=11	zone=trees	ms=0.70	meshes=11
518.4	DECO	si=12	zone=trees	ms=0.80	meshes=12
519.1	DECO	si=13	zone=trees	ms=0.70	meshes=14
519.7	DECO	si=14	zone=trees	ms=0.60	meshes=11
520.5	DECO	si=15	zone=trees	ms=0.80	meshes=14
521.3	DECO	si=16	zone=trees	ms=0.70	meshes=12
521.9	DECO	si=17	zone=trees	ms=0.60	meshes=12
522.6	DECO	si=18	zone=trees	ms=0.70	meshes=12
523.2	DECO	si=19	zone=trees	ms=0.60	meshes=11
523.9	DECO	si=20	zone=trees	ms=0.70	meshes=14
524.5	DECO	si=21	zone=trees	ms=0.60	meshes=11
524.9	DECO	si=22	zone=trees	ms=0.40	meshes=12
525.6	DECO	si=23	zone=trees	ms=0.70	meshes=12
526.3	DECO	si=24	zone=trees	ms=0.70	meshes=10
526.9	DECO	si=25	zone=trees	ms=0.60	meshes=12
527.6	DECO	si=26	zone=trees	ms=0.60	meshes=13
528.1	DECO	si=27	zone=trees	ms=0.50	meshes=13
528.8	DECO	si=28	zone=trees	ms=0.70	meshes=10
529.4	DECO	si=29	zone=trees	ms=0.60	meshes=14
529.9	DECO	si=30	zone=trees	ms=0.50	meshes=10
530.8	DECO	si=31	zone=trees	ms=0.90	meshes=14
531.6	DECO	si=32	zone=trees	ms=0.80	meshes=14
532.2	DECO	si=33	zone=trees	ms=0.60	meshes=12
532.8	DECO	si=34	zone=trees	ms=0.60	meshes=14
533.3	DECO	si=35	zone=trees	ms=0.50	meshes=12
535.7	DECO	si=36	zone=trees	ms=2.40	meshes=12
536.3	DECO	si=37	zone=trees	ms=0.60	meshes=13
536.7	DECO	si=38	zone=trees	ms=0.40	meshes=12
537.4	DECO	si=39	zone=trees	ms=0.70	meshes=12
537.8	DECO	si=40	zone=trees	ms=0.40	meshes=13
538.5	DECO	si=41	zone=trees	ms=0.70	meshes=16
541.9	DECO	si=42	zone=buildings	ms=3.40	meshes=5
542.5	DECO	si=43	zone=trees	ms=0.60	meshes=12
543.0	DECO	si=44	zone=trees	ms=0.50	meshes=11
543.7	DECO	si=45	zone=trees	ms=0.70	meshes=13
544.3	DECO	si=46	zone=trees	ms=0.60	meshes=13
544.8	DECO	si=47	zone=trees	ms=0.50	meshes=14
545.4	DECO	si=48	zone=trees	ms=0.60	meshes=14
546.1	DECO	si=49	zone=trees	ms=0.70	meshes=15
546.9	DECO	si=50	zone=buildings	ms=0.80	meshes=6
548.3	DECO	si=51	zone=buildings	ms=1.40	meshes=7
549.0	DECO	si=52	zone=buildings	ms=0.70	meshes=6
550.0	DECO	si=53	zone=buildings	ms=1.00	meshes=7
550.7	DECO	si=54	zone=buildings	ms=0.70	meshes=7
551.8	DECO	si=55	zone=buildings	ms=1.10	meshes=7
552.5	DECO	si=56	zone=buildings	ms=0.70	meshes=7
555.5	DECO	si=57	zone=buildings	ms=3.00	meshes=7
562.7	DECO	si=58	zone=buildings	ms=7.20	meshes=7
565.2	DECO	si=59	zone=buildings	ms=2.50	meshes=7
566.9	DECO	si=60	zone=buildings	ms=1.70	meshes=7
569.2	DECO	si=61	zone=buildings	ms=2.30	meshes=7
571.4	DECO	si=62	zone=buildings	ms=2.20	meshes=7
573.1	DECO	si=63	zone=buildings	ms=1.60	meshes=7
575.2	DECO	si=64	zone=buildings	ms=2.10	meshes=7
576.8	DECO	si=65	zone=buildings	ms=1.50	meshes=7
578.6	DECO	si=66	zone=buildings	ms=1.80	meshes=7
580.7	DECO	si=67	zone=buildings	ms=2.00	meshes=7
583.2	DECO	si=68	zone=buildings	ms=2.50	meshes=7
585.1	DECO	si=69	zone=buildings	ms=1.90	meshes=7
587.3	DECO	si=70	zone=buildings	ms=2.20	meshes=7
1427.1	SHADER_PROG	count=34	was=0	seg=2	zone=trees
13769.6	DECO	si=71	zone=buildings	ms=2.00	meshes=7
13918.9	DECO	si=72	zone=intersection	ms=1.70	meshes=7
14052.8	DECO	si=73	zone=buildings	ms=2.10	meshes=7
14218.9	DECO	si=74	zone=buildings	ms=1.50	meshes=6
14386.5	DECO	si=75	zone=buildings	ms=2.10	meshes=7
14552.4	DECO	si=76	zone=buildings	ms=1.60	meshes=7
14720.3	DECO	si=77	zone=buildings	ms=2.00	meshes=6
14886.6	DECO	si=78	zone=buildings	ms=1.70	meshes=6
15053.2	DECO	si=79	zone=buildings	ms=2.10	meshes=7
15219.9	DECO	si=80	zone=buildings	ms=1.50	meshes=7
15386.5	DECO	si=81	zone=buildings	ms=1.70	meshes=7
15554.2	DECO	si=82	zone=buildings	ms=1.80	meshes=7
15721.0	DECO	si=83	zone=buildings	ms=2.10	meshes=7
15888.5	DECO	si=84	zone=buildings	ms=2.50	meshes=7
16070.7	DECO	si=85	zone=buildings	ms=1.70	meshes=7
16237.9	DECO	si=86	zone=buildings	ms=2.10	meshes=7
16405.0	DECO	si=87	zone=buildings	ms=1.80	meshes=7
16570.6	DECO	si=88	zone=buildings	ms=1.50	meshes=7
16737.9	DECO	si=89	zone=buildings	ms=2.00	meshes=7
16904.9	DECO	si=90	zone=buildings	ms=1.60	meshes=7
17071.5	DECO	si=91	zone=buildings	ms=1.90	meshes=7
17238.5	DECO	si=92	zone=buildings	ms=1.60	meshes=7
17405.0	DECO	si=93	zone=buildings	ms=1.60	meshes=7
17571.7	DECO	si=94	zone=buildings	ms=1.50	meshes=7
17737.2	DECO	si=95	zone=bridge	ms=0.40	meshes=5
17755.3	SHADER_PROG	count=35	was=34	seg=30	zone=trees
17906.2	DECO	si=96	zone=bridge	ms=2.10	meshes=52
18075.1	DECO	si=97	zone=bridge	ms=0.10	meshes=4
18266.5	DECO	si=98	zone=bridge	ms=0.10	meshes=4
18421.4	DECO	si=99	zone=bridge	ms=0.10	meshes=4
18588.0	DECO	si=100	zone=bridge	ms=0.10	meshes=4
18754.4	DECO	si=101	zone=bridge	ms=0.10	meshes=4
18921.2	DECO	si=102	zone=bridge	ms=0.10	meshes=4
19088.2	DECO	si=103	zone=bridge	ms=0.10	meshes=4
19255.4	DECO	si=104	zone=bridge	ms=0.00	meshes=4
19421.8	DECO	si=105	zone=bridge	ms=0.10	meshes=4
19588.3	DECO	si=106	zone=bridge	ms=0.00	meshes=4
19755.4	DECO	si=107	zone=bridge	ms=0.10	meshes=4
19924.6	DECO	si=108	zone=bridge	ms=1.90	meshes=52
20089.3	DECO	si=109	zone=bridge	ms=0.20	meshes=4
20256.5	DECO	si=110	zone=bridge	ms=0.10	meshes=4
20422.7	DECO	si=111	zone=bridge	ms=0.10	meshes=4
20589.4	DECO	si=112	zone=bridge	ms=0.10	meshes=4
20756.2	DECO	si=113	zone=bridge	ms=0.10	meshes=4
20922.8	DECO	si=114	zone=bridge	ms=0.10	meshes=4
21090.5	DECO	si=115	zone=bridge	ms=0.10	meshes=4
21257.2	DECO	si=116	zone=bridge	ms=0.10	meshes=4
21423.7	DECO	si=117	zone=bridge	ms=0.20	meshes=4
21590.4	DECO	si=118	zone=bridge	ms=0.20	meshes=4
21756.9	DECO	si=119	zone=bridge	ms=0.10	meshes=4
21925.7	DECO	si=120	zone=bridge	ms=1.80	meshes=52
22090.6	DECO	si=121	zone=bridge	ms=0.10	meshes=4
22258.1	DECO	si=122	zone=bridge	ms=0.10	meshes=4
22424.0	DECO	si=123	zone=bridge	ms=0.10	meshes=4
22591.1	DECO	si=124	zone=bridge	ms=0.00	meshes=4
22758.3	DECO	si=125	zone=bridge	ms=0.10	meshes=4
22924.4	DECO	si=126	zone=bridge	ms=0.10	meshes=4
23091.3	DECO	si=127	zone=bridge	ms=0.10	meshes=4
23258.5	DECO	si=128	zone=bridge	ms=0.10	meshes=4
23425.2	DECO	si=129	zone=bridge	ms=0.00	meshes=4
23591.8	DECO	si=130	zone=bridge	ms=0.10	meshes=4
23758.3	DECO	si=131	zone=bridge	ms=0.10	meshes=4
23927.5	DECO	si=132	zone=bridge	ms=1.80	meshes=53
24093.7	DECO	si=133	zone=buildings	ms=1.90	meshes=7
24260.0	DECO	si=134	zone=buildings	ms=1.40	meshes=7
24425.2	ZONE_CHANGE	→ buildings	si=210	zoneLeft=30
24427.0	DECO	si=135	zone=buildings	ms=1.10	meshes=7
24594.3	DECO	si=136	zone=buildings	ms=1.70	meshes=7
24761.1	DECO	si=137	zone=buildings	ms=1.90	meshes=6
24928.7	DECO	si=138	zone=buildings	ms=2.00	meshes=7
25095.3	DECO	si=139	zone=buildings	ms=1.90	meshes=7
25261.7	DECO	si=140	zone=buildings	ms=1.50	meshes=7
25428.6	DECO	si=141	zone=buildings	ms=2.20	meshes=7
25594.9	DECO	si=142	zone=buildings	ms=1.50	meshes=7
25760.8	DECO	si=143	zone=buildings	ms=0.70	meshes=6
25928.3	DECO	si=144	zone=buildings	ms=0.80	meshes=6
26095.4	DECO	si=145	zone=buildings	ms=1.20	meshes=7
26261.4	DECO	si=146	zone=buildings	ms=0.90	meshes=5
26428.9	DECO	si=147	zone=buildings	ms=1.00	meshes=7
26595.2	DECO	si=148	zone=buildings	ms=0.90	meshes=7
26762.1	DECO	si=149	zone=buildings	ms=0.90	meshes=7
26929.7	DECO	si=150	zone=buildings	ms=1.60	meshes=7
27098.6	DECO	si=151	zone=buildings	ms=1.50	meshes=7
27263.1	DECO	si=152	zone=buildings	ms=1.10	meshes=7
27429.9	DECO	si=153	zone=buildings	ms=1.20	meshes=7
27595.9	DECO	si=154	zone=buildings	ms=0.70	meshes=7
27764.9	DECO	si=155	zone=intersection	ms=1.70	meshes=7
27932.3	DECO	si=156	zone=buildings	ms=2.20	meshes=7
28097.1	DECO	si=157	zone=buildings	ms=0.70	meshes=6
28264.2	DECO	si=158	zone=buildings	ms=1.30	meshes=7
28431.6	DECO	si=159	zone=buildings	ms=1.40	meshes=7
28599.5	DECO	si=160	zone=buildings	ms=2.60	meshes=7
28764.7	DECO	si=161	zone=buildings	ms=1.30	meshes=7
28933.4	DECO	si=162	zone=buildings	ms=2.00	meshes=7
29099.0	DECO	si=163	zone=buildings	ms=1.70	meshes=7
29264.9	DECO	si=164	zone=buildings	ms=1.80	meshes=6
29432.3	DECO	si=165	zone=buildings	ms=1.70	meshes=7
29596.3	ZONE_CHANGE	→ trees	si=241	zoneLeft=48
29600.2	DECO	si=166	zone=buildings	ms=2.70	meshes=7
29774.7	DECO	si=167	zone=mountains	ms=10.60	meshes=18
29931.0	DECO	si=168	zone=mountains	ms=0.80	meshes=14
30098.2	DECO	si=169	zone=mountains	ms=0.90	meshes=18
30264.9	DECO	si=170	zone=mountains	ms=0.60	meshes=10
30431.5	DECO	si=171	zone=mountains	ms=0.90	meshes=18
30598.2	DECO	si=172	zone=mountains	ms=0.40	meshes=14
30765.1	DECO	si=173	zone=mountains	ms=0.70	meshes=14
30931.7	DECO	si=174	zone=mountains	ms=0.60	meshes=14
31098.6	DECO	si=175	zone=mountains	ms=0.70	meshes=18
31265.3	DECO	si=176	zone=mountains	ms=0.50	meshes=10
31432.6	DECO	si=177	zone=mountains	ms=0.30	meshes=10
31598.5	DECO	si=178	zone=mountains	ms=0.40	meshes=14
31765.5	DECO	si=179	zone=mountains	ms=0.40	meshes=14
31933.3	DECO	si=180	zone=mountains	ms=0.90	meshes=18
32099.8	DECO	si=181	zone=mountains	ms=0.60	meshes=18
32266.2	DECO	si=182	zone=mountains	ms=0.60	meshes=14
32432.6	DECO	si=183	zone=mountains	ms=0.40	meshes=10
32599.3	DECO	si=184	zone=mountains	ms=0.60	meshes=18
32766.5	DECO	si=185	zone=mountains	ms=0.40	meshes=10
32933.1	DECO	si=186	zone=mountains	ms=0.60	meshes=18
33102.6	DECO	si=187	zone=mountains	ms=2.70	meshes=10
33266.4	DECO	si=188	zone=mountains	ms=0.60	meshes=18
33434.2	DECO	si=189	zone=mountains	ms=0.50	meshes=14
33599.9	DECO	si=190	zone=mountains	ms=0.40	meshes=10
33767.4	DECO	si=191	zone=mountains	ms=0.40	meshes=14
33933.6	DECO	si=192	zone=mountains	ms=0.50	meshes=14
34100.5	DECO	si=193	zone=mountains	ms=0.60	meshes=14
34267.1	DECO	si=194	zone=mountains	ms=0.40	meshes=10
34434.5	DECO	si=195	zone=mountains	ms=0.30	meshes=10
34601.0	DECO	si=196	zone=mountains	ms=0.40	meshes=14
34767.5	DECO	si=197	zone=mountains	ms=0.40	meshes=14
34934.7	DECO	si=198	zone=mountains	ms=0.40	meshes=14
35101.6	DECO	si=199	zone=mountains	ms=0.50	meshes=14
35267.8	DECO	si=200	zone=mountains	ms=0.30	meshes=10
35435.0	DECO	si=201	zone=mountains	ms=0.50	meshes=14
35601.7	DECO	si=202	zone=mountains	ms=0.60	meshes=14
35768.9	DECO	si=203	zone=mountains	ms=0.60	meshes=18
35935.2	DECO	si=204	zone=mountains	ms=0.40	meshes=10
36103.5	DECO	si=205	zone=mountains	ms=0.90	meshes=18
36269.3	DECO	si=206	zone=mountains	ms=0.50	meshes=10
36438.2	DECO	si=207	zone=mountains	ms=3.00	meshes=18
36602.6	DECO	si=208	zone=mountains	ms=0.60	meshes=18
36769.1	DECO	si=209	zone=mountains	ms=0.50	meshes=14
36937.4	DECO	si=210	zone=buildings	ms=1.50	meshes=7
37103.2	DECO	si=211	zone=buildings	ms=0.70	meshes=7
37270.4	DECO	si=212	zone=buildings	ms=0.80	meshes=7
37436.7	DECO	si=213	zone=buildings	ms=0.60	meshes=7
37604.4	DECO	si=214	zone=buildings	ms=1.30	meshes=7
37769.1	ZONE_CHANGE	→ trees	si=290	zoneLeft=47
37770.4	DECO	si=215	zone=buildings	ms=0.90	meshes=6
37938.1	DECO	si=216	zone=buildings	ms=0.90	meshes=7
38104.2	DECO	si=217	zone=buildings	ms=0.90	meshes=7
38271.1	DECO	si=218	zone=buildings	ms=1.30	meshes=7
38437.7	DECO	si=219	zone=buildings	ms=0.60	meshes=7
38605.0	DECO	si=220	zone=buildings	ms=0.90	meshes=7
38771.7	DECO	si=221	zone=buildings	ms=1.10	meshes=7
38938.6	DECO	si=222	zone=buildings	ms=1.20	meshes=6
39106.2	DECO	si=223	zone=buildings	ms=1.30	meshes=7
39272.0	DECO	si=224	zone=buildings	ms=0.80	meshes=7
39438.8	DECO	si=225	zone=buildings	ms=0.90	meshes=7
39605.7	DECO	si=226	zone=buildings	ms=1.00	meshes=7
39772.7	DECO	si=227	zone=buildings	ms=1.00	meshes=7
39939.4	DECO	si=228	zone=buildings	ms=1.10	meshes=7
40106.2	DECO	si=229	zone=buildings	ms=1.10	meshes=7
40272.7	DECO	si=230	zone=buildings	ms=0.80	meshes=7
40441.1	DECO	si=231	zone=buildings	ms=1.40	meshes=6
40606.8	DECO	si=232	zone=intersection	ms=0.90	meshes=7
40776.7	DECO	si=233	zone=buildings	ms=2.50	meshes=7
40941.8	DECO	si=234	zone=buildings	ms=1.40	meshes=7
41107.4	DECO	si=235	zone=buildings	ms=1.10	meshes=7
41274.6	DECO	si=236	zone=buildings	ms=1.30	meshes=7
41441.3	DECO	si=237	zone=buildings	ms=1.50	meshes=7
41607.8	DECO	si=238	zone=buildings	ms=1.20	meshes=7
41774.9	DECO	si=239	zone=buildings	ms=1.30	meshes=6
41941.7	DECO	si=240	zone=buildings	ms=1.20	meshes=7
42109.2	DECO	si=241	zone=trees	ms=1.80	meshes=22
42276.3	DECO	si=242	zone=trees	ms=2.30	meshes=24
42440.9	DECO	si=243	zone=trees	ms=0.80	meshes=23
42608.4	DECO	si=244	zone=trees	ms=1.40	meshes=24
42775.3	DECO	si=245	zone=trees	ms=1.30	meshes=21
42941.4	DECO	si=246	zone=trees	ms=1.00	meshes=24
43110.7	DECO	si=247	zone=trees	ms=2.60	meshes=21
43276.6	DECO	si=248	zone=trees	ms=1.90	meshes=25
43441.9	DECO	si=249	zone=trees	ms=0.90	meshes=21
43608.5	DECO	si=250	zone=trees	ms=0.90	meshes=23
43775.8	DECO	si=251	zone=trees	ms=1.10	meshes=24
43943.1	DECO	si=252	zone=trees	ms=1.70	meshes=28
44109.6	DECO	si=253	zone=trees	ms=0.90	meshes=22
44276.0	DECO	si=254	zone=trees	ms=1.00	meshes=20
44443.4	DECO	si=255	zone=trees	ms=1.10	meshes=27
44610.1	DECO	si=256	zone=trees	ms=1.20	meshes=22
44776.3	DECO	si=257	zone=trees	ms=1.00	meshes=23
44943.5	DECO	si=258	zone=trees	ms=1.40	meshes=26
45110.0	DECO	si=259	zone=trees	ms=0.80	meshes=24
45277.4	DECO	si=260	zone=trees	ms=1.30	meshes=23
45443.6	DECO	si=261	zone=trees	ms=0.90	meshes=24
45610.8	DECO	si=262	zone=trees	ms=0.80	meshes=23
45776.5	ZONE_CHANGE	→ mountains	si=338	zoneLeft=39
45777.8	DECO	si=263	zone=trees	ms=0.70	meshes=20
45944.1	DECO	si=264	zone=trees	ms=0.90	meshes=22
46110.8	DECO	si=265	zone=trees	ms=1.20	meshes=26
46277.4	DECO	si=266	zone=trees	ms=1.00	meshes=24
46444.8	DECO	si=267	zone=trees	ms=1.10	meshes=23
46611.1	DECO	si=268	zone=trees	ms=0.90	meshes=24
46780.1	DECO	si=269	zone=trees	ms=1.00	meshes=28
46946.2	DECO	si=270	zone=trees	ms=0.90	meshes=21
47111.5	DECO	si=271	zone=trees	ms=0.80	meshes=21
47278.7	DECO	si=272	zone=trees	ms=0.90	meshes=25
47448.8	DECO	si=273	zone=trees	ms=1.00	meshes=28
47623.0	DECO	si=274	zone=trees	ms=1.10	meshes=25
47811.6	DECO	si=275	zone=trees	ms=1.20	meshes=26
47994.6	DECO	si=276	zone=trees	ms=1.20	meshes=26
48180.6	DECO	si=277	zone=trees	ms=1.40	meshes=26
48363.4	DECO	si=278	zone=trees	ms=0.80	meshes=24
48550.5	DECO	si=279	zone=trees	ms=0.80	meshes=26
48742.2	DECO	si=280	zone=trees	ms=1.10	meshes=28
48930.7	DECO	si=281	zone=trees	ms=1.10	meshes=29
49129.1	DECO	si=282	zone=trees	ms=1.10	meshes=24
49331.5	DECO	si=283	zone=trees	ms=1.10	meshes=29
49523.6	DECO	si=284	zone=trees	ms=0.90	meshes=22
49726.6	DECO	si=285	zone=trees	ms=1.20	meshes=26
49929.1	DECO	si=286	zone=trees	ms=0.90	meshes=27
50139.5	DECO	si=287	zone=trees	ms=0.90	meshes=24
50344.8	DECO	si=288	zone=trees	ms=0.90	meshes=26
50563.5	DECO	si=289	zone=trees	ms=1.10	meshes=27
50775.6	DECO	si=290	zone=trees	ms=1.10	meshes=28
50992.2	DECO	si=291	zone=trees	ms=1.00	meshes=28
51209.8	DECO	si=292	zone=trees	ms=1.10	meshes=27
51428.1	DECO	si=293	zone=trees	ms=2.10	meshes=29
51651.8	DECO	si=294	zone=trees	ms=1.00	meshes=26
51872.9	DECO	si=295	zone=trees	ms=1.10	meshes=28
52096.1	DECO	si=296	zone=trees	ms=1.10	meshes=25
52320.3	DECO	si=297	zone=trees	ms=1.10	meshes=25
52545.7	DECO	si=298	zone=trees	ms=1.20	meshes=32
52778.1	DECO	si=299	zone=trees	ms=1.40	meshes=31
53010.0	DECO	si=300	zone=trees	ms=1.20	meshes=26
53245.0	DECO	si=301	zone=trees	ms=1.00	meshes=28
53478.9	DECO	si=302	zone=trees	ms=1.00	meshes=26
53711.3	ZONE_CHANGE	→ tunnel	si=378	zoneLeft=40
53712.9	DECO	si=303	zone=trees	ms=1.20	meshes=31
53947.3	DECO	si=304	zone=trees	ms=1.20	meshes=28
54182.2	DECO	si=305	zone=trees	ms=1.40	meshes=27
54417.2	DECO	si=306	zone=trees	ms=1.30	meshes=26
54651.2	DECO	si=307	zone=trees	ms=1.20	meshes=30
54888.8	DECO	si=308	zone=trees	ms=1.20	meshes=28
55128.0	DECO	si=309	zone=trees	ms=1.10	meshes=29
55369.3	DECO	si=310	zone=trees	ms=1.10	meshes=27
55613.6	DECO	si=311	zone=trees	ms=1.00	meshes=25
55856.6	DECO	si=312	zone=trees	ms=1.20	meshes=29
56103.3	DECO	si=313	zone=trees	ms=1.20	meshes=27
56356.5	DECO	si=314	zone=trees	ms=1.00	meshes=26
56614.3	DECO	si=315	zone=trees	ms=1.10	meshes=24
56867.8	DECO	si=316	zone=trees	ms=1.20	meshes=27
57121.6	DECO	si=317	zone=trees	ms=1.10	meshes=29
57375.9	DECO	si=318	zone=trees	ms=1.00	meshes=22
57628.8	DECO	si=319	zone=trees	ms=1.20	meshes=31
57886.2	DECO	si=320	zone=trees	ms=1.40	meshes=30
58144.0	DECO	si=321	zone=trees	ms=1.10	meshes=27
58406.7	DECO	si=322	zone=trees	ms=1.30	meshes=27
58666.4	DECO	si=323	zone=trees	ms=1.60	meshes=31
58931.6	DECO	si=324	zone=trees	ms=0.90	meshes=23
59206.4	DECO	si=325	zone=trees	ms=1.10	meshes=26
59489.7	DECO	si=326	zone=trees	ms=1.10	meshes=31
59770.6	DECO	si=327	zone=trees	ms=1.20	meshes=30
60069.4	DECO	si=328	zone=trees	ms=1.10	meshes=27
60363.8	DECO	si=329	zone=trees	ms=1.20	meshes=33
60660.2	DECO	si=330	zone=trees	ms=1.00	meshes=25
60953.4	DECO	si=331	zone=trees	ms=0.90	meshes=27
61248.7	DECO	si=332	zone=trees	ms=1.10	meshes=24
61543.4	DECO	si=333	zone=trees	ms=1.20	meshes=28
61842.3	DECO	si=334	zone=trees	ms=1.20	meshes=28
62142.7	DECO	si=335	zone=trees	ms=1.70	meshes=25
62445.2	DECO	si=336	zone=trees	ms=1.00	meshes=25
62738.6	DECO	si=337	zone=trees	ms=1.10	meshes=31
63035.9	DECO	si=338	zone=mountains	ms=2.70	meshes=10
63326.0	DECO	si=339	zone=mountains	ms=0.30	meshes=10
63612.5	DECO	si=340	zone=mountains	ms=0.50	meshes=18
63893.3	DECO	si=341	zone=mountains	ms=0.30	meshes=10
64184.0	DECO	si=342	zone=mountains	ms=0.30	meshes=10
64462.3	DECO	si=343	zone=mountains	ms=0.40	meshes=14
64733.0	ZONE_CHANGE	→ dirt	si=419	zoneLeft=35
64734.0	DECO	si=344	zone=mountains	ms=0.60	meshes=18
65001.9	DECO	si=345	zone=mountains	ms=0.30	meshes=10
65267.8	DECO	si=346	zone=mountains	ms=0.40	meshes=14
65527.6	DECO	si=347	zone=mountains	ms=0.40	meshes=14
65790.6	DECO	si=348	zone=mountains	ms=0.50	meshes=18
66050.2	DECO	si=349	zone=mountains	ms=0.60	meshes=18
66308.5	DECO	si=350	zone=mountains	ms=0.30	meshes=10
66562.7	DECO	si=351	zone=mountains	ms=0.50	meshes=18
66818.7	DECO	si=352	zone=mountains	ms=0.40	meshes=18
67073.4	DECO	si=353	zone=mountains	ms=0.40	meshes=18
67328.4	DECO	si=354	zone=mountains	ms=0.50	meshes=18
67574.3	DECO	si=355	zone=mountains	ms=0.40	meshes=10
67831.6	DECO	si=356	zone=mountains	ms=0.30	meshes=10
68084.9	DECO	si=357	zone=mountains	ms=0.40	meshes=18
68354.7	DECO	si=358	zone=mountains	ms=4.50	meshes=10
68611.1	DECO	si=359	zone=mountains	ms=0.50	meshes=18
68866.7	DECO	si=360	zone=mountains	ms=0.30	meshes=10
69122.3	DECO	si=361	zone=mountains	ms=0.50	meshes=14
69374.2	DECO	si=362	zone=mountains	ms=0.30	meshes=10
69621.3	DECO	si=363	zone=mountains	ms=0.30	meshes=10
69866.6	DECO	si=364	zone=mountains	ms=0.20	meshes=10
70107.7	DECO	si=365	zone=mountains	ms=0.40	meshes=18
70342.6	DECO	si=366	zone=mountains	ms=0.30	meshes=10
70576.8	DECO	si=367	zone=mountains	ms=0.30	meshes=10
70803.3	DECO	si=368	zone=mountains	ms=0.30	meshes=10
71025.2	DECO	si=369	zone=mountains	ms=0.60	meshes=18
71240.8	DECO	si=370	zone=mountains	ms=0.40	meshes=14
71448.9	DECO	si=371	zone=mountains	ms=0.20	meshes=10
71654.3	DECO	si=372	zone=mountains	ms=0.50	meshes=18
71858.4	DECO	si=373	zone=mountains	ms=0.30	meshes=14
72055.4	DECO	si=374	zone=mountains	ms=0.30	meshes=10
72247.1	DECO	si=375	zone=mountains	ms=0.40	meshes=18
72436.5	DECO	si=376	zone=mountains	ms=0.40	meshes=18
72621.4	DECO	si=377	zone=mountains	ms=0.30	meshes=10
72799.8	DECO	si=378	zone=tunnel	ms=0.40	meshes=6
72974.3	DECO	si=379	zone=tunnel	ms=0.30	meshes=6
73141.9	ZONE_CHANGE	→ trees	si=455	zoneLeft=29
73142.5	DECO	si=380	zone=tunnel	ms=0.20	meshes=6
73307.0	DECO	si=381	zone=tunnel	ms=0.30	meshes=6
73466.2	DECO	si=382	zone=tunnel	ms=0.20	meshes=6
73632.0	DECO	si=383	zone=tunnel	ms=0.20	meshes=6
73798.8	DECO	si=384	zone=tunnel	ms=0.20	meshes=6
73965.9	DECO	si=385	zone=tunnel	ms=0.20	meshes=6
74132.3	DECO	si=386	zone=tunnel	ms=0.10	meshes=6
74298.9	DECO	si=387	zone=tunnel	ms=0.20	meshes=6
74465.9	DECO	si=388	zone=tunnel	ms=0.10	meshes=6
74632.8	DECO	si=389	zone=tunnel	ms=0.10	meshes=6
74800.1	DECO	si=390	zone=tunnel	ms=0.30	meshes=6
74966.4	DECO	si=391	zone=tunnel	ms=0.20	meshes=6
75133.1	DECO	si=392	zone=tunnel	ms=0.10	meshes=6
75299.9	DECO	si=393	zone=tunnel	ms=0.20	meshes=6
75467.5	DECO	si=394	zone=tunnel	ms=0.20	meshes=6
75633.7	DECO	si=395	zone=tunnel	ms=0.10	meshes=6
75800.5	DECO	si=396	zone=tunnel	ms=0.20	meshes=6
76022.2	SHADER_PROG	count=36	was=35	seg=331	zone=trees
76066.9	DECO	si=397	zone=tunnel	ms=0.10	meshes=6
76234.0	DECO	si=398	zone=tunnel	ms=0.20	meshes=6
76400.8	DECO	si=399	zone=tunnel	ms=0.20	meshes=6
76567.3	DECO	si=400	zone=tunnel	ms=0.10	meshes=6
76734.3	DECO	si=401	zone=tunnel	ms=0.10	meshes=6
76901.6	DECO	si=402	zone=tunnel	ms=0.20	meshes=6
77069.0	DECO	si=403	zone=tunnel	ms=0.30	meshes=6
77243.1	DECO	si=404	zone=tunnel	ms=0.40	meshes=6
77401.7	DECO	si=405	zone=tunnel	ms=0.30	meshes=6
77569.4	DECO	si=406	zone=tunnel	ms=0.30	meshes=6
77735.7	DECO	si=407	zone=tunnel	ms=0.20	meshes=6
77902.3	DECO	si=408	zone=tunnel	ms=0.20	meshes=6
78069.2	DECO	si=409	zone=tunnel	ms=0.30	meshes=6
78235.4	ZONE_CHANGE	→ toxic	si=485	zoneLeft=35
78236.4	DECO	si=410	zone=tunnel	ms=0.20	meshes=6
78402.5	DECO	si=411	zone=tunnel	ms=0.30	meshes=6
78569.4	DECO	si=412	zone=tunnel	ms=0.20	meshes=6
78735.9	DECO	si=413	zone=tunnel	ms=0.10	meshes=6
78902.8	DECO	si=414	zone=tunnel	ms=0.10	meshes=6
79070.5	DECO	si=415	zone=tunnel	ms=0.20	meshes=6
79237.7	DECO	si=416	zone=tunnel	ms=0.40	meshes=6
79403.8	DECO	si=417	zone=tunnel	ms=0.30	meshes=6
79570.2	DECO	si=418	zone=tunnel	ms=0.20	meshes=6
79737.1	DECO	si=419	zone=dirt	ms=0.50	meshes=5
79904.2	DECO	si=420	zone=dirt	ms=0.40	meshes=14
80071.0	DECO	si=421	zone=dirt	ms=0.20	meshes=2
80237.4	DECO	si=422	zone=dirt	ms=0.30	meshes=10
80404.8	DECO	si=423	zone=dirt	ms=0.20	meshes=2
80571.4	DECO	si=424	zone=dirt	ms=0.30	meshes=5
80738.7	DECO	si=425	zone=dirt	ms=0.30	meshes=6
80905.4	DECO	si=426	zone=dirt	ms=0.30	meshes=9
81072.2	DECO	si=427	zone=dirt	ms=0.40	meshes=8
81239.3	DECO	si=428	zone=dirt	ms=0.40	meshes=8
81406.1	DECO	si=429	zone=dirt	ms=0.40	meshes=9
81572.4	DECO	si=430	zone=dirt	ms=0.50	meshes=4
81739.3	DECO	si=431	zone=dirt	ms=0.30	meshes=6
81906.8	DECO	si=432	zone=dirt	ms=0.30	meshes=7
82073.8	DECO	si=433	zone=dirt	ms=0.50	meshes=11
82239.5	DECO	si=434	zone=dirt	ms=0.40	meshes=10
82407.0	DECO	si=435	zone=dirt	ms=0.40	meshes=9
82573.9	DECO	si=436	zone=dirt	ms=0.40	meshes=7
82739.6	DECO	si=437	zone=dirt	ms=0.20	meshes=11
82907.3	DECO	si=438	zone=dirt	ms=0.20	meshes=2
83073.6	DECO	si=439	zone=dirt	ms=0.40	meshes=14
83241.5	DECO	si=440	zone=dirt	ms=0.20	meshes=2
83408.7	DECO	si=441	zone=dirt	ms=0.40	meshes=8
83574.5	DECO	si=442	zone=dirt	ms=0.40	meshes=17
83741.3	DECO	si=443	zone=dirt	ms=0.40	meshes=8
83892.7	SHADER_PROG	count=37	was=36	seg=378	zone=tunnel
84012.1	DECO	si=444	zone=dirt	ms=0.20	meshes=2
84176.7	DECO	si=445	zone=dirt	ms=0.40	meshes=7
84340.3	ZONE_CHANGE	→ buildings	si=521	zoneLeft=41
84342.6	DECO	si=446	zone=dirt	ms=0.60	meshes=10
84507.7	DECO	si=447	zone=dirt	ms=0.20	meshes=10
84676.0	DECO	si=448	zone=dirt	ms=0.50	meshes=4
84842.4	DECO	si=449	zone=dirt	ms=0.50	meshes=6
85007.5	DECO	si=450	zone=dirt	ms=0.10	meshes=10
85175.4	DECO	si=451	zone=dirt	ms=0.30	meshes=12
85342.3	DECO	si=452	zone=dirt	ms=0.30	meshes=8
85509.2	DECO	si=453	zone=dirt	ms=0.30	meshes=8
85676.1	DECO	si=454	zone=dirt	ms=0.20	meshes=4
85845.9	DECO	si=455	zone=trees	ms=3.40	meshes=30
86012.5	DECO	si=456	zone=trees	ms=2.90	meshes=28
86178.5	DECO	si=457	zone=trees	ms=2.80	meshes=28
86345.4	DECO	si=458	zone=trees	ms=2.40	meshes=33
86513.0	DECO	si=459	zone=trees	ms=3.30	meshes=27
86683.7	DECO	si=460	zone=trees	ms=6.80	meshes=36
86844.0	DECO	si=461	zone=trees	ms=1.70	meshes=35
87013.8	DECO	si=462	zone=trees	ms=3.60	meshes=38
87179.3	DECO	si=463	zone=trees	ms=2.70	meshes=35
87345.3	DECO	si=464	zone=trees	ms=2.30	meshes=34
87513.4	DECO	si=465	zone=trees	ms=2.70	meshes=31
87678.8	DECO	si=466	zone=trees	ms=2.40	meshes=33
87858.7	DECO	si=467	zone=trees	ms=12.90	meshes=40
88011.9	DECO	si=468	zone=trees	ms=1.70	meshes=34
88178.9	DECO	si=469	zone=trees	ms=1.70	meshes=27
88345.5	DECO	si=470	zone=trees	ms=1.80	meshes=38
88512.2	DECO	si=471	zone=trees	ms=1.80	meshes=32
88679.6	DECO	si=472	zone=trees	ms=1.70	meshes=30
88846.4	DECO	si=473	zone=trees	ms=2.20	meshes=34
89012.4	DECO	si=474	zone=trees	ms=1.70	meshes=31
89179.4	DECO	si=475	zone=trees	ms=1.80	meshes=34
89347.1	DECO	si=476	zone=trees	ms=2.30	meshes=33
89513.5	DECO	si=477	zone=trees	ms=2.30	meshes=36
89680.6	DECO	si=478	zone=trees	ms=2.00	meshes=34
89846.3	DECO	si=479	zone=trees	ms=1.60	meshes=33
90013.6	DECO	si=480	zone=trees	ms=1.90	meshes=36
90179.9	DECO	si=481	zone=trees	ms=1.70	meshes=35
90346.2	DECO	si=482	zone=trees	ms=1.40	meshes=37
90513.3	DECO	si=483	zone=trees	ms=1.70	meshes=41
90679.9	DECO	si=484	zone=trees	ms=1.40	meshes=34
93271.3	SHADER_PROG	count=50	was=37	seg=420	zone=dirt
93465.4	DECO	si=486	zone=toxic	ms=0.50	meshes=2
93648.2	DECO	si=487	zone=toxic	ms=0.20	meshes=2
93847.3	ZONE_CHANGE	→ trees	si=563	zoneLeft=30
93848.0	DECO	si=488	zone=toxic	ms=0.10	meshes=2
94031.9	DECO	si=489	zone=toxic	ms=0.20	meshes=2
94214.9	DECO	si=490	zone=toxic	ms=0.20	meshes=2
94416.0	DECO	si=491	zone=toxic	ms=0.30	meshes=2
94598.4	DECO	si=492	zone=toxic	ms=0.30	meshes=2
94782.3	DECO	si=493	zone=toxic	ms=0.10	meshes=2
94982.2	DECO	si=494	zone=toxic	ms=0.10	meshes=2
95168.1	DECO	si=495	zone=toxic	ms=0.20	meshes=2
95351.4	DECO	si=496	zone=toxic	ms=0.10	meshes=2
95549.3	DECO	si=497	zone=toxic	ms=0.10	meshes=2
95735.0	DECO	si=498	zone=toxic	ms=0.20	meshes=2
95941.0	DECO	si=499	zone=toxic	ms=0.10	meshes=2
96138.4	DECO	si=500	zone=toxic	ms=0.10	meshes=2
96342.6	DECO	si=501	zone=toxic	ms=0.20	meshes=2
96570.7	DECO	si=502	zone=toxic	ms=0.20	meshes=2
96784.3	DECO	si=503	zone=toxic	ms=0.10	meshes=2
97003.4	DECO	si=504	zone=toxic	ms=0.20	meshes=2
97245.6	DECO	si=505	zone=toxic	ms=0.10	meshes=2
97474.7	DECO	si=506	zone=toxic	ms=0.10	meshes=2
100334.5	SHADER_PROG	count=62	was=50	seg=442	zone=dirt
100544.6	SHADER_PROG	count=63	was=62	seg=442	zone=dirt
100607.6	DECO	si=508	zone=toxic	ms=0.10	meshes=2
100780.7	SHADER_PROG	count=64	was=63	seg=443	zone=dirt
100866.1	DECO	si=509	zone=toxic	ms=0.10	meshes=2
101107.4	DECO	si=510	zone=toxic	ms=0.20	meshes=2
101372.3	DECO	si=511	zone=toxic	ms=0.10	meshes=2
101615.5	DECO	si=512	zone=toxic	ms=0.10	meshes=2
101882.8	DECO	si=513	zone=toxic	ms=0.20	meshes=2
102124.5	DECO	si=514	zone=toxic	ms=0.00	meshes=2
102366.8	DECO	si=515	zone=toxic	ms=0.20	meshes=2
102625.4	DECO	si=516	zone=toxic	ms=0.30	meshes=2
102861.4	DECO	si=517	zone=toxic	ms=0.20	meshes=2
103092.0	DECO	si=518	zone=toxic	ms=0.20	meshes=2
103339.8	ZONE_CHANGE	→ buildings	si=594	zoneLeft=34
103340.5	DECO	si=519	zone=toxic	ms=0.20	meshes=2
103561.6	DECO	si=520	zone=toxic	ms=0.10	meshes=2
103756.1	DECO	si=521	zone=buildings	ms=0.80	meshes=7
103939.1	DECO	si=522	zone=buildings	ms=1.00	meshes=7
104118.3	DECO	si=523	zone=buildings	ms=0.80	meshes=7
104292.0	DECO	si=524	zone=buildings	ms=0.80	meshes=7
104458.6	DECO	si=525	zone=buildings	ms=1.00	meshes=7
104624.4	DECO	si=526	zone=buildings	ms=0.50	meshes=7
104791.0	DECO	si=527	zone=buildings	ms=0.60	meshes=7
104957.9	DECO	si=528	zone=buildings	ms=0.80	meshes=7
105124.1	DECO	si=529	zone=buildings	ms=0.70	meshes=7
105291.4	DECO	si=530	zone=buildings	ms=0.60	meshes=7
105458.3	DECO	si=531	zone=buildings	ms=0.60	meshes=7
105624.6	DECO	si=532	zone=buildings	ms=0.60	meshes=7
105791.9	DECO	si=533	zone=buildings	ms=1.00	meshes=7
105958.9	DECO	si=534	zone=buildings	ms=0.60	meshes=6
106125.1	DECO	si=535	zone=buildings	ms=0.70	meshes=7
106291.8	DECO	si=536	zone=buildings	ms=0.70	meshes=6
106458.5	DECO	si=537	zone=buildings	ms=0.60	meshes=7
106600.3	SHADER_PROG	count=65	was=64	seg=472	zone=trees
106948.9	DECO	si=538	zone=buildings	ms=0.70	meshes=7
107109.0	DECO	si=539	zone=buildings	ms=0.50	meshes=6
107275.8	DECO	si=540	zone=buildings	ms=0.70	meshes=6
107428.9	SHADER_PROG	count=66	was=65	seg=475	zone=trees
107600.4	DECO	si=541	zone=buildings	ms=0.70	meshes=7
107759.8	DECO	si=542	zone=buildings	ms=0.50	meshes=7
107856.7	SHADER_PROG	count=68	was=66	seg=477	zone=trees
108234.7	SHADER_PROG	count=69	was=68	seg=477	zone=trees
108660.4	DECO	si=543	zone=intersection	ms=0.60	meshes=7
108759.8	SHADER_PROG	count=70	was=69	seg=478	zone=trees
108827.7	DECO	si=544	zone=buildings	ms=0.60	meshes=7
108993.9	DECO	si=545	zone=buildings	ms=0.70	meshes=7
109160.5	DECO	si=546	zone=buildings	ms=0.60	meshes=7
109327.5	DECO	si=547	zone=buildings	ms=0.60	meshes=7
109494.8	DECO	si=548	zone=buildings	ms=0.70	meshes=6
109661.7	DECO	si=549	zone=buildings	ms=0.70	meshes=7
109828.5	DECO	si=550	zone=buildings	ms=0.90	meshes=7
109995.5	DECO	si=551	zone=buildings	ms=0.60	meshes=7
110162.1	DECO	si=552	zone=buildings	ms=0.80	meshes=7
110328.7	DECO	si=553	zone=buildings	ms=0.80	meshes=7
110494.2	ZONE_CHANGE	→ trees	si=629	zoneLeft=33
110495.4	DECO	si=554	zone=buildings	ms=0.60	meshes=7
110662.6	DECO	si=555	zone=buildings	ms=1.00	meshes=7
110829.1	DECO	si=556	zone=buildings	ms=0.60	meshes=7
110995.8	DECO	si=557	zone=buildings	ms=0.70	meshes=7
111162.5	DECO	si=558	zone=buildings	ms=0.80	meshes=7
111329.0	DECO	si=559	zone=buildings	ms=0.60	meshes=7
111495.9	DECO	si=560	zone=buildings	ms=0.60	meshes=7
111679.8	DECO	si=561	zone=buildings	ms=0.80	meshes=7
111846.6	DECO	si=562	zone=buildings	ms=0.70	meshes=6
112013.8	DECO	si=563	zone=trees	ms=1.60	meshes=34
112180.6	DECO	si=564	zone=trees	ms=1.20	meshes=31
112347.6	DECO	si=565	zone=trees	ms=1.30	meshes=31
112514.6	DECO	si=566	zone=trees	ms=1.30	meshes=29
112681.3	DECO	si=567	zone=trees	ms=1.60	meshes=37
112847.8	DECO	si=568	zone=trees	ms=1.50	meshes=38
113015.0	DECO	si=569	zone=trees	ms=1.20	meshes=30
113181.8	DECO	si=570	zone=trees	ms=1.50	meshes=29
113348.7	DECO	si=571	zone=trees	ms=1.40	meshes=31
113514.8	DECO	si=572	zone=trees	ms=1.30	meshes=33
113681.7	DECO	si=573	zone=trees	ms=1.30	meshes=33
113848.3	DECO	si=574	zone=trees	ms=1.30	meshes=29
114015.5	DECO	si=575	zone=trees	ms=1.50	meshes=36
114182.4	DECO	si=576	zone=trees	ms=1.10	meshes=31
114348.8	DECO	si=577	zone=trees	ms=1.40	meshes=35
114515.7	DECO	si=578	zone=trees	ms=1.30	meshes=32
114683.1	DECO	si=579	zone=trees	ms=1.40	meshes=37
114849.2	DECO	si=580	zone=trees	ms=1.40	meshes=36
115019.3	DECO	si=581	zone=trees	ms=1.10	meshes=34
115183.4	DECO	si=582	zone=trees	ms=1.30	meshes=33
115350.9	DECO	si=583	zone=trees	ms=1.20	meshes=33
115522.1	DECO	si=584	zone=trees	ms=1.40	meshes=39
115693.7	DECO	si=585	zone=trees	ms=1.20	meshes=36
115868.7	DECO	si=586	zone=trees	ms=1.40	meshes=33
116050.7	DECO	si=587	zone=trees	ms=1.40	meshes=33
116232.5	ZONE_CHANGE	→ buildings	si=663	zoneLeft=33
116234.4	DECO	si=588	zone=trees	ms=1.40	meshes=33
116421.1	DECO	si=589	zone=trees	ms=1.10	meshes=30
116609.1	DECO	si=590	zone=trees	ms=1.30	meshes=33
116802.9	DECO	si=591	zone=trees	ms=1.40	meshes=34
117003.8	DECO	si=592	zone=trees	ms=1.30	meshes=32
117208.7	DECO	si=593	zone=trees	ms=1.20	meshes=31
117415.2	DECO	si=594	zone=buildings	ms=0.90	meshes=7
117622.7	DECO	si=595	zone=buildings	ms=0.70	meshes=7
117833.6	DECO	si=596	zone=buildings	ms=0.80	meshes=7
118054.2	DECO	si=597	zone=buildings	ms=0.70	meshes=7
118272.3	DECO	si=598	zone=buildings	ms=0.70	meshes=7
118487.2	DECO	si=599	zone=buildings	ms=0.70	meshes=7
118705.6	DECO	si=600	zone=buildings	ms=0.70	meshes=7
118925.0	DECO	si=601	zone=buildings	ms=0.70	meshes=7
119147.7	DECO	si=602	zone=buildings	ms=0.80	meshes=7
119373.7	DECO	si=603	zone=buildings	ms=0.70	meshes=6
119598.6	DECO	si=604	zone=buildings	ms=1.00	meshes=7
119834.8	DECO	si=605	zone=buildings	ms=0.70	meshes=7
120080.3	DECO	si=606	zone=buildings	ms=1.00	meshes=6
120324.8	DECO	si=607	zone=buildings	ms=0.60	meshes=7
120574.1	DECO	si=608	zone=buildings	ms=1.40	meshes=7
120835.8	DECO	si=609	zone=buildings	ms=1.40	meshes=7
121099.0	DECO	si=610	zone=buildings	ms=1.60	meshes=7
121363.8	DECO	si=611	zone=buildings	ms=1.40	meshes=6
121635.1	DECO	si=612	zone=buildings	ms=1.90	meshes=7
121635.3	SHADER_PROG	count=69	was=70	seg=547	zone=buildings
121908.6	DECO	si=613	zone=buildings	ms=1.60	meshes=6
122180.3	DECO	si=614	zone=buildings	ms=1.10	meshes=7
122454.7	DECO	si=615	zone=buildings	ms=0.60	meshes=7
122722.4	DECO	si=616	zone=intersection	ms=0.60	meshes=7
122993.2	DECO	si=617	zone=buildings	ms=0.70	meshes=7
123262.0	DECO	si=618	zone=buildings	ms=0.50	meshes=7
123530.3	DECO	si=619	zone=buildings	ms=0.70	meshes=7
123795.1	DECO	si=620	zone=buildings	ms=1.00	meshes=7
124069.7	DECO	si=621	zone=buildings	ms=0.50	meshes=7
124330.1	ZONE_CHANGE	→ trees	si=697	zoneLeft=31
124331.7	DECO	si=622	zone=buildings	ms=1.00	meshes=7
124596.5	DECO	si=623	zone=buildings	ms=0.70	meshes=7
124854.5	DECO	si=624	zone=buildings	ms=0.70	meshes=6
125115.6	DECO	si=625	zone=buildings	ms=0.70	meshes=7
125368.5	DECO	si=626	zone=buildings	ms=0.60	meshes=7
125617.3	DECO	si=627	zone=buildings	ms=0.60	meshes=7
125863.3	DECO	si=628	zone=buildings	ms=0.60	meshes=7
126109.1	DECO	si=629	zone=trees	ms=1.40	meshes=36
126349.4	DECO	si=630	zone=trees	ms=1.60	meshes=38
126590.0	DECO	si=631	zone=trees	ms=1.30	meshes=35
126833.4	DECO	si=632	zone=trees	ms=1.30	meshes=37
1490578.1	DECO	si=633	zone=trees	ms=1.70	meshes=35
1490849.5	DECO	si=634	zone=trees	ms=2.00	meshes=38
1491081.5	DECO	si=635	zone=trees	ms=1.70	meshes=33
1491314.9	DECO	si=636	zone=trees	ms=1.40	meshes=32
1491544.9	DECO	si=637	zone=trees	ms=1.30	meshes=36
1491771.5	DECO	si=638	zone=trees	ms=1.10	meshes=31
1491998.5	DECO	si=639	zone=trees	ms=1.60	meshes=32
1492222.9	DECO	si=640	zone=trees	ms=1.70	meshes=38
1492442.9	DECO	si=641	zone=trees	ms=1.40	meshes=36
1492659.8	DECO	si=642	zone=trees	ms=1.70	meshes=35
1492892.8	DECO	si=643	zone=trees	ms=1.90	meshes=31
1493120.3	DECO	si=644	zone=trees	ms=1.20	meshes=31
1493341.1	DECO	si=645	zone=trees	ms=1.50	meshes=35
1493582.4	DECO	si=646	zone=trees	ms=0.80	meshes=27
1493848.2	DECO	si=647	zone=trees	ms=1.80	meshes=37
1494187.4	DECO	si=648	zone=trees	ms=1.80	meshes=36
611.0	ZONE_CHANGE	→ trees	si=77	zoneLeft=36
611.0	ZONE_CHANGE	→ tunnel	si=114	zoneLeft=43
611.1	ZONE_CHANGE	→ trees	si=158	zoneLeft=38
840.7	ZONE_CHANGE	→ mountains	si=77	zoneLeft=32
840.8	ZONE_CHANGE	→ buildings	si=110	zoneLeft=42
840.8	ZONE_CHANGE	→ tunnel	si=153	zoneLeft=36
579.2	ZONE_CHANGE	→ ether	si=77	zoneLeft=43
579.2	ZONE_CHANGE	→ trees	si=121	zoneLeft=38
579.3	ZONE_CHANGE	→ buildings	si=160	zoneLeft=35
536.6	ZONE_CHANGE	→ toxic	si=77	zoneLeft=32
536.7	ZONE_CHANGE	→ trees	si=110	zoneLeft=44
536.7	ZONE_CHANGE	→ buildings	si=155	zoneLeft=45
589.8	ZONE_CHANGE	→ buildings	si=77	zoneLeft=38
589.9	ZONE_CHANGE	→ mountains	si=116	zoneLeft=40
589.9	ZONE_CHANGE	→ tunnel	si=157	zoneLeft=46
556.0	ZONE_CHANGE	→ buildings	si=77	zoneLeft=39
556.0	ZONE_CHANGE	→ bridge	si=117	zoneLeft=45
556.0	ZONE_CHANGE	→ buildings	si=163	zoneLeft=30
546.0	ZONE_CHANGE	→ tunnel	si=77	zoneLeft=37
546.0	ZONE_CHANGE	→ buildings	si=115	zoneLeft=29
546.0	ZONE_CHANGE	→ trees	si=145	zoneLeft=45
809.5	ZONE_CHANGE	→ toxic	si=77	zoneLeft=35
809.6	ZONE_CHANGE	→ bridge	si=113	zoneLeft=46
809.6	ZONE_CHANGE	→ dirt	si=160	zoneLeft=43
812.7	ZONE_CHANGE	→ ether	si=77	zoneLeft=45
812.8	ZONE_CHANGE	→ trees	si=123	zoneLeft=40
812.8	ZONE_CHANGE	→ buildings	si=164	zoneLeft=31
840.7	DECO	si=0	zone=toxic	ms=16.90	meshes=2
841.0	DECO	si=1	zone=toxic	ms=0.30	meshes=2
841.1	DECO	si=2	zone=toxic	ms=0.10	meshes=2
845.1	DECO	si=3	zone=toxic	ms=3.90	meshes=2
845.3	DECO	si=4	zone=toxic	ms=0.20	meshes=2
845.5	DECO	si=5	zone=toxic	ms=0.20	meshes=2
845.7	DECO	si=6	zone=toxic	ms=0.20	meshes=2
845.8	DECO	si=7	zone=toxic	ms=0.10	meshes=2
846.0	DECO	si=8	zone=toxic	ms=0.20	meshes=2
846.2	DECO	si=9	zone=toxic	ms=0.20	meshes=2
846.3	DECO	si=10	zone=toxic	ms=0.10	meshes=2
846.4	DECO	si=11	zone=toxic	ms=0.10	meshes=2
846.6	DECO	si=12	zone=toxic	ms=0.20	meshes=2
846.8	DECO	si=13	zone=toxic	ms=0.20	meshes=2
846.9	DECO	si=14	zone=toxic	ms=0.10	meshes=2
847.1	DECO	si=15	zone=toxic	ms=0.20	meshes=2
847.2	DECO	si=16	zone=toxic	ms=0.10	meshes=2
847.3	DECO	si=17	zone=toxic	ms=0.10	meshes=2
847.5	DECO	si=18	zone=toxic	ms=0.20	meshes=2
847.6	DECO	si=19	zone=toxic	ms=0.10	meshes=2
847.6	DECO	si=20	zone=toxic	ms=0.00	meshes=2
847.8	DECO	si=21	zone=toxic	ms=0.20	meshes=2
855.9	DECO	si=22	zone=toxic	ms=8.10	meshes=2
856.0	DECO	si=23	zone=toxic	ms=0.10	meshes=2
856.1	DECO	si=24	zone=toxic	ms=0.10	meshes=2
856.2	DECO	si=25	zone=toxic	ms=0.10	meshes=2
856.3	DECO	si=26	zone=toxic	ms=0.10	meshes=2
856.4	DECO	si=27	zone=toxic	ms=0.10	meshes=2
856.5	DECO	si=28	zone=toxic	ms=0.10	meshes=2
856.6	DECO	si=29	zone=toxic	ms=0.10	meshes=2
856.8	DECO	si=30	zone=toxic	ms=0.20	meshes=2
856.8	DECO	si=31	zone=toxic	ms=0.00	meshes=2
856.9	DECO	si=32	zone=toxic	ms=0.10	meshes=2
857.0	DECO	si=33	zone=toxic	ms=0.10	meshes=2
857.1	DECO	si=34	zone=toxic	ms=0.10	meshes=2
857.2	DECO	si=35	zone=toxic	ms=0.10	meshes=2
857.4	DECO	si=36	zone=toxic	ms=0.20	meshes=2
857.9	DECO	si=37	zone=toxic	ms=0.50	meshes=2
857.9	DECO	si=38	zone=toxic	ms=0.00	meshes=2
858.1	DECO	si=39	zone=toxic	ms=0.20	meshes=2
858.1	DECO	si=40	zone=toxic	ms=0.00	meshes=2
858.3	DECO	si=41	zone=toxic	ms=0.20	meshes=2
861.2	DECO	si=42	zone=buildings	ms=2.90	meshes=7
861.4	DECO	si=43	zone=toxic	ms=0.20	meshes=2
869.6	DECO	si=44	zone=toxic	ms=8.20	meshes=2
869.7	DECO	si=45	zone=toxic	ms=0.10	meshes=2
869.8	DECO	si=46	zone=toxic	ms=0.10	meshes=2
869.8	DECO	si=47	zone=toxic	ms=0.00	meshes=2
870.0	DECO	si=48	zone=toxic	ms=0.20	meshes=2
870.1	DECO	si=49	zone=toxic	ms=0.10	meshes=2
870.1	DECO	si=50	zone=toxic	ms=0.00	meshes=2
870.3	DECO	si=51	zone=toxic	ms=0.20	meshes=2
870.4	DECO	si=52	zone=toxic	ms=0.10	meshes=2
870.5	DECO	si=53	zone=toxic	ms=0.10	meshes=2
870.6	DECO	si=54	zone=toxic	ms=0.10	meshes=2
870.7	DECO	si=55	zone=toxic	ms=0.10	meshes=2
870.7	DECO	si=56	zone=toxic	ms=0.00	meshes=2
870.8	DECO	si=57	zone=toxic	ms=0.10	meshes=2
871.0	DECO	si=58	zone=toxic	ms=0.20	meshes=2
871.0	DECO	si=59	zone=toxic	ms=0.00	meshes=2
871.2	DECO	si=60	zone=toxic	ms=0.20	meshes=2
871.3	DECO	si=61	zone=toxic	ms=0.10	meshes=2
871.3	DECO	si=62	zone=toxic	ms=0.00	meshes=2
871.8	DECO	si=63	zone=toxic	ms=0.50	meshes=2
871.9	DECO	si=64	zone=toxic	ms=0.10	meshes=2
872.0	DECO	si=65	zone=toxic	ms=0.10	meshes=2
879.9	DECO	si=66	zone=toxic	ms=7.90	meshes=2
879.9	DECO	si=67	zone=toxic	ms=0.00	meshes=2
880.1	DECO	si=68	zone=toxic	ms=0.20	meshes=2
880.2	DECO	si=69	zone=toxic	ms=0.10	meshes=2
880.3	DECO	si=70	zone=toxic	ms=0.10	meshes=2
441.6	ZONE_CHANGE	→ trees	si=77	zoneLeft=38
441.7	ZONE_CHANGE	→ buildings	si=116	zoneLeft=34
441.8	ZONE_CHANGE	→ bridge	si=151	zoneLeft=30
441.8	ZONE_CHANGE	→ buildings	si=182	zoneLeft=47
462.1	DECO	si=0	zone=toxic	ms=9.30	meshes=2
462.2	DECO	si=1	zone=toxic	ms=0.10	meshes=2
462.3	DECO	si=2	zone=toxic	ms=0.10	meshes=2
462.5	DECO	si=3	zone=toxic	ms=0.20	meshes=2
463.3	DECO	si=4	zone=toxic	ms=0.80	meshes=2
463.5	DECO	si=5	zone=toxic	ms=0.10	meshes=2
463.7	DECO	si=6	zone=toxic	ms=0.20	meshes=2
463.8	DECO	si=7	zone=toxic	ms=0.10	meshes=2
463.9	DECO	si=8	zone=toxic	ms=0.10	meshes=2
464.1	DECO	si=9	zone=toxic	ms=0.20	meshes=2
464.2	DECO	si=10	zone=toxic	ms=0.10	meshes=2
464.3	DECO	si=11	zone=toxic	ms=0.10	meshes=2
464.5	DECO	si=12	zone=toxic	ms=0.20	meshes=2
464.6	DECO	si=13	zone=toxic	ms=0.10	meshes=2
464.7	DECO	si=14	zone=toxic	ms=0.10	meshes=2
464.9	DECO	si=15	zone=toxic	ms=0.20	meshes=2
465.0	DECO	si=16	zone=toxic	ms=0.10	meshes=2
465.1	DECO	si=17	zone=toxic	ms=0.10	meshes=2
465.3	DECO	si=18	zone=toxic	ms=0.20	meshes=2
465.4	DECO	si=19	zone=toxic	ms=0.10	meshes=2
465.5	DECO	si=20	zone=toxic	ms=0.10	meshes=2
465.7	DECO	si=21	zone=toxic	ms=0.20	meshes=2
475.3	DECO	si=22	zone=toxic	ms=9.60	meshes=2
475.4	DECO	si=23	zone=toxic	ms=0.10	meshes=2
475.6	DECO	si=24	zone=toxic	ms=0.20	meshes=2
475.8	DECO	si=25	zone=toxic	ms=0.20	meshes=2
475.9	DECO	si=26	zone=toxic	ms=0.10	meshes=2
476.1	DECO	si=27	zone=toxic	ms=0.20	meshes=2
476.2	DECO	si=28	zone=toxic	ms=0.10	meshes=2
476.4	DECO	si=29	zone=toxic	ms=0.20	meshes=2
477.5	DECO	si=30	zone=toxic	ms=1.10	meshes=2
477.6	DECO	si=31	zone=toxic	ms=0.10	meshes=2
477.7	DECO	si=32	zone=toxic	ms=0.10	meshes=2
477.9	DECO	si=33	zone=toxic	ms=0.20	meshes=2
477.9	DECO	si=34	zone=toxic	ms=0.00	meshes=2
478.0	DECO	si=35	zone=toxic	ms=0.10	meshes=2
478.2	DECO	si=36	zone=toxic	ms=0.20	meshes=2
478.2	DECO	si=37	zone=toxic	ms=0.00	meshes=2
478.4	DECO	si=38	zone=toxic	ms=0.20	meshes=2
478.4	DECO	si=39	zone=toxic	ms=0.00	meshes=2
478.6	DECO	si=40	zone=toxic	ms=0.10	meshes=2
478.6	DECO	si=41	zone=toxic	ms=0.00	meshes=2
482.3	DECO	si=42	zone=buildings	ms=3.70	meshes=7
482.4	DECO	si=43	zone=toxic	ms=0.10	meshes=2
490.0	DECO	si=44	zone=toxic	ms=7.60	meshes=2
490.1	DECO	si=45	zone=toxic	ms=0.10	meshes=2
490.3	DECO	si=46	zone=toxic	ms=0.20	meshes=2
490.3	DECO	si=47	zone=toxic	ms=0.00	meshes=2
490.4	DECO	si=48	zone=toxic	ms=0.10	meshes=2
490.5	DECO	si=49	zone=toxic	ms=0.10	meshes=2
490.6	DECO	si=50	zone=toxic	ms=0.00	meshes=2
490.8	DECO	si=51	zone=toxic	ms=0.20	meshes=2
490.9	DECO	si=52	zone=toxic	ms=0.10	meshes=2
490.9	DECO	si=53	zone=toxic	ms=0.00	meshes=2
491.1	DECO	si=54	zone=toxic	ms=0.20	meshes=2
491.1	DECO	si=55	zone=toxic	ms=0.00	meshes=2
491.2	DECO	si=56	zone=toxic	ms=0.10	meshes=2
491.4	DECO	si=57	zone=toxic	ms=0.20	meshes=2
491.4	DECO	si=58	zone=toxic	ms=0.00	meshes=2
491.5	DECO	si=59	zone=toxic	ms=0.10	meshes=2
491.6	DECO	si=60	zone=toxic	ms=0.10	meshes=2
491.7	DECO	si=61	zone=toxic	ms=0.10	meshes=2
491.8	DECO	si=62	zone=toxic	ms=0.10	meshes=2
492.6	DECO	si=63	zone=toxic	ms=0.80	meshes=2
492.6	DECO	si=64	zone=toxic	ms=0.00	meshes=2
492.7	DECO	si=65	zone=toxic	ms=0.10	meshes=2
500.3	DECO	si=66	zone=toxic	ms=7.60	meshes=2
500.4	DECO	si=67	zone=toxic	ms=0.10	meshes=2
500.5	DECO	si=68	zone=toxic	ms=0.10	meshes=2
500.6	DECO	si=69	zone=toxic	ms=0.10	meshes=2
500.7	DECO	si=70	zone=toxic	ms=0.10	meshes=2
11228.9	SHADER_PROG	count=36	was=0	seg=2	zone=toxic
31156.2	DECO	si=71	zone=toxic	ms=0.30	meshes=2
31322.0	DECO	si=72	zone=toxic	ms=0.30	meshes=2
31489.6	DECO	si=73	zone=toxic	ms=0.10	meshes=2
31646.6	DECO	si=74	zone=toxic	ms=0.20	meshes=2
31813.5	DECO	si=75	zone=toxic	ms=0.40	meshes=2
31979.9	DECO	si=76	zone=toxic	ms=0.20	meshes=2
32149.5	DECO	si=77	zone=trees	ms=2.80	meshes=17
32331.8	DECO	si=78	zone=trees	ms=1.70	meshes=16
32498.6	DECO	si=79	zone=trees	ms=2.20	meshes=18
32665.4	DECO	si=80	zone=trees	ms=1.80	meshes=14
32848.5	DECO	si=81	zone=trees	ms=1.70	meshes=14
33048.3	DECO	si=82	zone=trees	ms=1.40	meshes=13
33231.6	DECO	si=83	zone=trees	ms=1.50	meshes=15
33465.6	DECO	si=84	zone=trees	ms=1.70	meshes=15
33765.9	DECO	si=85	zone=trees	ms=1.60	meshes=17
34251.1	DECO	si=86	zone=trees	ms=2.60	meshes=16
34482.9	DECO	si=87	zone=trees	ms=1.60	meshes=18
34649.3	DECO	si=88	zone=trees	ms=1.10	meshes=14
34816.1	DECO	si=89	zone=trees	ms=0.70	meshes=13
34982.5	DECO	si=90	zone=trees	ms=1.00	meshes=17
35153.9	DECO	si=91	zone=trees	ms=5.00	meshes=17
35316.9	DECO	si=92	zone=trees	ms=1.10	meshes=14
35484.7	DECO	si=93	zone=trees	ms=1.10	meshes=15
48913.4	SHADER_PROG	count=53	was=36	seg=28	zone=toxic
49001.7	SHADER_PROG	count=54	was=53	seg=28	zone=toxic
49116.7	SHADER_PROG	count=55	was=54	seg=28	zone=toxic
49177.6	DECO	si=94	zone=trees	ms=1.00	meshes=15
49927.9	DECO	si=95	zone=trees	ms=0.90	meshes=17
50096.5	DECO	si=96	zone=trees	ms=1.80	meshes=15
50261.2	DECO	si=97	zone=trees	ms=0.90	meshes=14
50428.5	DECO	si=98	zone=trees	ms=1.30	meshes=19
50612.8	DECO	si=99	zone=trees	ms=1.30	meshes=15
50811.9	DECO	si=100	zone=trees	ms=0.90	meshes=17
51045.0	DECO	si=101	zone=trees	ms=0.70	meshes=14
51313.4	DECO	si=102	zone=trees	ms=1.40	meshes=17
51480.3	DECO	si=103	zone=trees	ms=1.00	meshes=15
51662.5	DECO	si=104	zone=trees	ms=0.80	meshes=15
51863.2	DECO	si=105	zone=trees	ms=0.70	meshes=17
54816.0	DECO	si=106	zone=trees	ms=1.80	meshes=17
55148.7	DECO	si=107	zone=trees	ms=0.90	meshes=18
56349.6	DECO	si=108	zone=trees	ms=0.80	meshes=15
56632.9	DECO	si=109	zone=trees	ms=0.80	meshes=14
56799.6	DECO	si=110	zone=trees	ms=0.70	meshes=16
56966.8	DECO	si=111	zone=trees	ms=0.80	meshes=16
57133.9	DECO	si=112	zone=trees	ms=1.30	meshes=19
57300.6	DECO	si=113	zone=trees	ms=0.80	meshes=17
57467.2	DECO	si=114	zone=trees	ms=0.90	meshes=19
57636.2	DECO	si=115	zone=trees	ms=0.90	meshes=16
64624.1	SHADER_PROG	count=66	was=55	seg=50	zone=toxic
64792.2	DECO	si=116	zone=buildings	ms=2.80	meshes=7
64905.9	SHADER_PROG	count=67	was=66	seg=51	zone=toxic
65007.7	DECO	si=117	zone=buildings	ms=1.90	meshes=6
65257.1	DECO	si=118	zone=buildings	ms=1.30	meshes=7
65590.6	DECO	si=119	zone=buildings	ms=1.00	meshes=7
66107.4	DECO	si=120	zone=buildings	ms=0.90	meshes=7
66491.4	DECO	si=121	zone=buildings	ms=1.00	meshes=6
67074.8	DECO	si=122	zone=buildings	ms=0.80	meshes=7
67326.4	DECO	si=123	zone=buildings	ms=2.10	meshes=6
67709.8	DECO	si=124	zone=buildings	ms=1.70	meshes=7
69326.4	SHADER_PROG	count=66	was=67	seg=59	zone=toxic
99823.6	SHADER_PROG	count=68	was=66	seg=59	zone=toxic
104315.5	SHADER_PROG	count=72	was=68	seg=59	zone=toxic
142436.4	DECO	si=125	zone=buildings	ms=2.00	meshes=7
142653.0	DECO	si=126	zone=buildings	ms=1.80	meshes=7
142819.2	DECO	si=127	zone=buildings	ms=1.40	meshes=7
142987.3	DECO	si=128	zone=buildings	ms=2.30	meshes=6
143153.1	DECO	si=129	zone=buildings	ms=1.60	meshes=6
143320.0	DECO	si=130	zone=buildings	ms=1.90	meshes=6
143487.2	DECO	si=131	zone=buildings	ms=1.80	meshes=6
143653.6	DECO	si=132	zone=buildings	ms=1.70	meshes=7
143820.8	DECO	si=133	zone=buildings	ms=1.70	meshes=7
143987.3	DECO	si=134	zone=buildings	ms=2.00	meshes=7
144153.8	DECO	si=135	zone=buildings	ms=1.10	meshes=7
144321.6	DECO	si=136	zone=buildings	ms=1.80	meshes=6
144489.5	DECO	si=137	zone=buildings	ms=1.80	meshes=7
150105.7	SHADER_PROG	count=83	was=72	seg=72	zone=toxic
150151.1	SHADER_PROG	count=84	was=83	seg=72	zone=toxic
150972.5	SHADER_PROG	count=85	was=84	seg=72	zone=toxic
151553.4	DECO	si=138	zone=intersection	ms=1.40	meshes=7
151553.5	SHADER_PROG	count=86	was=85	seg=73	zone=toxic
151727.1	DECO	si=139	zone=buildings	ms=1.60	meshes=7
151910.5	DECO	si=140	zone=buildings	ms=1.60	meshes=6
152136.3	SHADER_PROG	count=87	was=86	seg=75	zone=toxic
152980.6	SHADER_PROG	count=88	was=87	seg=75	zone=toxic
153016.4	DECO	si=141	zone=buildings	ms=1.90	meshes=7
153934.9	SHADER_PROG	count=89	was=88	seg=76	zone=toxic
154038.8	DECO	si=142	zone=buildings	ms=2.30	meshes=6
154204.5	DECO	si=143	zone=buildings	ms=1.60	meshes=7
154370.3	DECO	si=144	zone=buildings	ms=1.30	meshes=6
154532.7	DECO	si=145	zone=buildings	ms=1.60	meshes=7
154631.5	SHADER_PROG	count=90	was=89	seg=80	zone=trees
154713.3	DECO	si=146	zone=buildings	ms=1.50	meshes=7
154887.5	DECO	si=147	zone=buildings	ms=1.80	meshes=7
155052.2	DECO	si=148	zone=buildings	ms=1.50	meshes=7
155214.4	DECO	si=149	zone=buildings	ms=1.50	meshes=5
155380.0	DECO	si=150	zone=buildings	ms=1.70	meshes=7
155553.4	DECO	si=151	zone=bridge	ms=0.40	meshes=5
155572.3	SHADER_PROG	count=91	was=90	seg=86	zone=trees
155717.6	DECO	si=152	zone=bridge	ms=0.10	meshes=4
155879.1	DECO	si=153	zone=bridge	ms=0.10	meshes=4
156047.6	DECO	si=154	zone=bridge	ms=0.10	meshes=4
156212.0	ZONE_CHANGE	→ bridge	si=230	zoneLeft=43
156212.5	DECO	si=155	zone=bridge	ms=0.10	meshes=4
156382.1	DECO	si=156	zone=bridge	ms=2.20	meshes=52
156546.0	DECO	si=157	zone=bridge	ms=0.20	meshes=4
156726.0	DECO	si=158	zone=bridge	ms=0.10	meshes=4
156889.0	DECO	si=159	zone=bridge	ms=0.10	meshes=4
163222.2	SHADER_PROG	count=107	was=91	seg=94	zone=trees
163424.7	DECO	si=160	zone=bridge	ms=0.00	meshes=4
163540.2	SHADER_PROG	count=108	was=107	seg=95	zone=trees
163635.4	DECO	si=161	zone=bridge	ms=0.20	meshes=4
163692.9	SHADER_PROG	count=107	was=108	seg=96	zone=trees
163885.2	DECO	si=162	zone=bridge	ms=0.10	meshes=4
164036.2	SHADER_PROG	count=106	was=107	seg=97	zone=trees
164051.5	DECO	si=163	zone=bridge	ms=0.10	meshes=4
164218.2	DECO	si=164	zone=bridge	ms=0.10	meshes=4
164386.0	DECO	si=165	zone=bridge	ms=0.20	meshes=4
164551.8	DECO	si=166	zone=bridge	ms=0.00	meshes=4
164718.5	DECO	si=167	zone=bridge	ms=0.00	meshes=4
164888.3	DECO	si=168	zone=bridge	ms=2.20	meshes=52
164888.4	SHADER_PROG	count=105	was=106	seg=103	zone=trees
165052.6	DECO	si=169	zone=bridge	ms=0.10	meshes=4
165219.3	DECO	si=170	zone=bridge	ms=0.10	meshes=4
165386.3	DECO	si=171	zone=bridge	ms=0.10	meshes=4
165553.1	DECO	si=172	zone=bridge	ms=0.00	meshes=4
165719.9	DECO	si=173	zone=bridge	ms=0.10	meshes=4
165886.7	DECO	si=174	zone=bridge	ms=0.10	meshes=4
166053.7	DECO	si=175	zone=bridge	ms=0.10	meshes=4
166220.4	DECO	si=176	zone=bridge	ms=0.20	meshes=4
166386.5	DECO	si=177	zone=bridge	ms=0.10	meshes=4
166553.8	DECO	si=178	zone=bridge	ms=0.00	meshes=4
166720.6	DECO	si=179	zone=bridge	ms=0.10	meshes=4
166889.4	DECO	si=180	zone=bridge	ms=1.90	meshes=52
167054.8	DECO	si=181	zone=bridge	ms=0.10	meshes=5
167222.7	DECO	si=182	zone=buildings	ms=1.70	meshes=7
167389.0	DECO	si=183	zone=buildings	ms=1.60	meshes=7
167556.4	DECO	si=184	zone=buildings	ms=1.40	meshes=7
167723.2	DECO	si=185	zone=buildings	ms=1.60	meshes=7
167889.7	DECO	si=186	zone=buildings	ms=1.90	meshes=6
168057.0	DECO	si=187	zone=buildings	ms=1.60	meshes=7
168223.2	DECO	si=188	zone=buildings	ms=1.30	meshes=7
168390.3	DECO	si=189	zone=buildings	ms=1.60	meshes=6
168556.4	DECO	si=190	zone=buildings	ms=1.50	meshes=6
168723.5	DECO	si=191	zone=buildings	ms=1.50	meshes=7
168890.8	DECO	si=192	zone=buildings	ms=1.80	meshes=7
169056.9	DECO	si=193	zone=buildings	ms=1.40	meshes=7
169223.8	DECO	si=194	zone=buildings	ms=1.70	meshes=6
169390.8	DECO	si=195	zone=buildings	ms=1.60	meshes=7
169557.7	DECO	si=196	zone=buildings	ms=1.50	meshes=7
169727.3	DECO	si=197	zone=buildings	ms=1.40	meshes=6
169891.9	DECO	si=198	zone=buildings	ms=2.60	meshes=7
170055.8	ZONE_CHANGE	→ buildings	si=274	zoneLeft=35
170057.8	DECO	si=199	zone=buildings	ms=1.70	meshes=5
170225.5	DECO	si=200	zone=buildings	ms=1.90	meshes=7
170391.6	DECO	si=201	zone=buildings	ms=1.80	meshes=6
170558.5	DECO	si=202	zone=buildings	ms=1.90	meshes=7
170725.8	DECO	si=203	zone=buildings	ms=2.00	meshes=7
170891.9	DECO	si=204	zone=intersection	ms=1.50	meshes=6
171059.4	DECO	si=205	zone=buildings	ms=2.00	meshes=7
171225.8	DECO	si=206	zone=buildings	ms=1.80	meshes=7
171393.2	DECO	si=207	zone=buildings	ms=2.40	meshes=7
171560.2	DECO	si=208	zone=buildings	ms=2.20	meshes=7
171725.6	DECO	si=209	zone=buildings	ms=0.90	meshes=7
171892.5	DECO	si=210	zone=buildings	ms=0.90	meshes=7
171892.7	SHADER_PROG	count=104	was=105	seg=145	zone=buildings
172059.2	DECO	si=211	zone=buildings	ms=1.00	meshes=7
172226.4	DECO	si=212	zone=buildings	ms=1.40	meshes=7
172393.2	DECO	si=213	zone=buildings	ms=0.90	meshes=5
172559.6	DECO	si=214	zone=buildings	ms=0.90	meshes=7
172727.3	DECO	si=215	zone=buildings	ms=1.20	meshes=7
172893.8	DECO	si=216	zone=buildings	ms=0.90	meshes=7
173060.0	DECO	si=217	zone=buildings	ms=0.80	meshes=7
173226.6	DECO	si=218	zone=buildings	ms=0.70	meshes=7
173393.4	DECO	si=219	zone=buildings	ms=0.70	meshes=6
173559.7	DECO	si=220	zone=buildings	ms=0.60	meshes=7
173727.0	DECO	si=221	zone=buildings	ms=0.80	meshes=7
173894.5	DECO	si=222	zone=buildings	ms=1.00	meshes=7
174061.2	DECO	si=223	zone=buildings	ms=1.10	meshes=7
174228.1	DECO	si=224	zone=buildings	ms=1.10	meshes=7
174394.2	DECO	si=225	zone=buildings	ms=0.80	meshes=7
174394.5	SHADER_PROG	count=103	was=104	seg=160	zone=bridge
174560.7	DECO	si=226	zone=buildings	ms=0.80	meshes=7
174727.2	DECO	si=227	zone=intersection	ms=0.60	meshes=6
174894.3	DECO	si=228	zone=buildings	ms=0.50	meshes=5
175061.1	DECO	si=229	zone=buildings	ms=0.70	meshes=6
175228.3	DECO	si=230	zone=bridge	ms=0.10	meshes=5
175394.2	DECO	si=231	zone=bridge	ms=0.20	meshes=4
175560.6	DECO	si=232	zone=bridge	ms=0.10	meshes=4
175727.7	DECO	si=233	zone=bridge	ms=0.00	meshes=4
175894.8	DECO	si=234	zone=bridge	ms=0.10	meshes=4
176060.5	ZONE_CHANGE	→ buildings	si=310	zoneLeft=42
176061.1	DECO	si=235	zone=bridge	ms=0.10	meshes=4
176228.7	DECO	si=236	zone=bridge	ms=0.10	meshes=4
176395.0	DECO	si=237	zone=bridge	ms=0.10	meshes=4
176562.0	DECO	si=238	zone=bridge	ms=0.00	meshes=4
176729.2	DECO	si=239	zone=bridge	ms=0.10	meshes=4
176897.1	DECO	si=240	zone=bridge	ms=2.00	meshes=52
177062.2	DECO	si=241	zone=bridge	ms=0.00	meshes=4
177229.2	DECO	si=242	zone=bridge	ms=0.00	meshes=4
177396.0	DECO	si=243	zone=bridge	ms=0.00	meshes=4
177562.8	DECO	si=244	zone=bridge	ms=0.00	meshes=4
177729.5	DECO	si=245	zone=bridge	ms=0.10	meshes=4
177896.2	DECO	si=246	zone=bridge	ms=0.10	meshes=4
178063.1	DECO	si=247	zone=bridge	ms=0.10	meshes=4
178229.3	DECO	si=248	zone=bridge	ms=0.10	meshes=4
178396.5	DECO	si=249	zone=bridge	ms=0.10	meshes=4
178562.9	DECO	si=250	zone=bridge	ms=0.10	meshes=4
178730.0	DECO	si=251	zone=bridge	ms=0.00	meshes=4
178899.0	DECO	si=252	zone=bridge	ms=2.00	meshes=52
179064.3	DECO	si=253	zone=bridge	ms=0.00	meshes=4
179230.3	DECO	si=254	zone=bridge	ms=0.10	meshes=4
179397.2	DECO	si=255	zone=bridge	ms=0.10	meshes=4
179563.9	DECO	si=256	zone=bridge	ms=0.00	meshes=4
179730.9	DECO	si=257	zone=bridge	ms=0.10	meshes=4
179898.4	DECO	si=258	zone=bridge	ms=0.10	meshes=4
180064.6	DECO	si=259	zone=bridge	ms=0.20	meshes=4
180231.5	DECO	si=260	zone=bridge	ms=0.10	meshes=4
180398.3	DECO	si=261	zone=bridge	ms=0.10	meshes=4
180565.5	DECO	si=262	zone=bridge	ms=0.00	meshes=4
180731.6	DECO	si=263	zone=bridge	ms=0.10	meshes=4
180900.2	DECO	si=264	zone=bridge	ms=1.90	meshes=52
181065.1	DECO	si=265	zone=bridge	ms=0.10	meshes=4
181231.8	DECO	si=266	zone=bridge	ms=0.20	meshes=4
181398.8	DECO	si=267	zone=bridge	ms=0.10	meshes=4
181565.8	DECO	si=268	zone=bridge	ms=0.10	meshes=4
181732.8	DECO	si=269	zone=bridge	ms=0.00	meshes=4
181899.3	DECO	si=270	zone=bridge	ms=0.10	meshes=4
182065.8	DECO	si=271	zone=bridge	ms=0.10	meshes=4
182232.5	DECO	si=272	zone=bridge	ms=0.10	meshes=4
182399.7	DECO	si=273	zone=bridge	ms=0.10	meshes=5
182567.4	DECO	si=274	zone=buildings	ms=0.90	meshes=6
182733.8	DECO	si=275	zone=buildings	ms=0.70	meshes=6
182900.7	DECO	si=276	zone=buildings	ms=0.70	meshes=7
183067.4	DECO	si=277	zone=buildings	ms=0.80	meshes=6
183233.0	ZONE_CHANGE	→ buildings	si=353	zoneLeft=44
183234.5	DECO	si=278	zone=buildings	ms=0.90	meshes=7
183401.2	DECO	si=279	zone=buildings	ms=0.80	meshes=6
183568.0	DECO	si=280	zone=buildings	ms=0.70	meshes=6
183735.2	DECO	si=281	zone=buildings	ms=1.00	meshes=7
183902.4	DECO	si=282	zone=buildings	ms=1.40	meshes=7
184069.0	DECO	si=283	zone=buildings	ms=1.00	meshes=6
184235.7	DECO	si=284	zone=buildings	ms=0.70	meshes=7
184402.5	DECO	si=285	zone=buildings	ms=1.00	meshes=6
184568.8	DECO	si=286	zone=buildings	ms=0.60	meshes=7
184736.4	DECO	si=287	zone=buildings	ms=0.90	meshes=7
184903.5	DECO	si=288	zone=buildings	ms=1.40	meshes=7
185070.6	DECO	si=289	zone=buildings	ms=1.10	meshes=7
185253.4	DECO	si=290	zone=buildings	ms=1.00	meshes=7
526.7	ZONE_CHANGE	→ trees	si=77	zoneLeft=43
526.8	ZONE_CHANGE	→ buildings	si=121	zoneLeft=45
526.8	ZONE_CHANGE	→ buildings	si=167	zoneLeft=45
550.4	DECO	si=0	zone=toxic	ms=11.30	meshes=2
550.4	DECO	si=1	zone=toxic	ms=0.00	meshes=2
550.6	DECO	si=2	zone=toxic	ms=0.10	meshes=2
550.8	DECO	si=3	zone=toxic	ms=0.20	meshes=2
550.9	DECO	si=4	zone=toxic	ms=0.10	meshes=2
551.0	DECO	si=5	zone=toxic	ms=0.10	meshes=2
551.2	DECO	si=6	zone=toxic	ms=0.20	meshes=2
551.3	DECO	si=7	zone=toxic	ms=0.10	meshes=2
551.4	DECO	si=8	zone=toxic	ms=0.10	meshes=2
551.6	DECO	si=9	zone=toxic	ms=0.20	meshes=2
551.7	DECO	si=10	zone=toxic	ms=0.10	meshes=2
551.9	DECO	si=11	zone=toxic	ms=0.20	meshes=2
552.0	DECO	si=12	zone=toxic	ms=0.10	meshes=2
552.2	DECO	si=13	zone=toxic	ms=0.20	meshes=2
552.3	DECO	si=14	zone=toxic	ms=0.10	meshes=2
552.4	DECO	si=15	zone=toxic	ms=0.10	meshes=2
552.5	DECO	si=16	zone=toxic	ms=0.10	meshes=2
552.6	DECO	si=17	zone=toxic	ms=0.10	meshes=2
552.8	DECO	si=18	zone=toxic	ms=0.20	meshes=2
552.9	DECO	si=19	zone=toxic	ms=0.10	meshes=2
553.0	DECO	si=20	zone=toxic	ms=0.10	meshes=2
553.2	DECO	si=21	zone=toxic	ms=0.20	meshes=2
560.8	DECO	si=22	zone=toxic	ms=7.60	meshes=2
560.9	DECO	si=23	zone=toxic	ms=0.10	meshes=2
561.0	DECO	si=24	zone=toxic	ms=0.10	meshes=2
561.1	DECO	si=25	zone=toxic	ms=0.10	meshes=2
561.2	DECO	si=26	zone=toxic	ms=0.10	meshes=2
561.3	DECO	si=27	zone=toxic	ms=0.10	meshes=2
561.4	DECO	si=28	zone=toxic	ms=0.10	meshes=2
561.5	DECO	si=29	zone=toxic	ms=0.10	meshes=2
561.6	DECO	si=30	zone=toxic	ms=0.10	meshes=2
561.7	DECO	si=31	zone=toxic	ms=0.10	meshes=2
561.8	DECO	si=32	zone=toxic	ms=0.10	meshes=2
561.9	DECO	si=33	zone=toxic	ms=0.10	meshes=2
562.0	DECO	si=34	zone=toxic	ms=0.10	meshes=2
562.0	DECO	si=35	zone=toxic	ms=0.00	meshes=2
562.2	DECO	si=36	zone=toxic	ms=0.20	meshes=2
562.2	DECO	si=37	zone=toxic	ms=0.00	meshes=2
562.3	DECO	si=38	zone=toxic	ms=0.10	meshes=2
562.5	DECO	si=39	zone=toxic	ms=0.20	meshes=2
562.6	DECO	si=40	zone=toxic	ms=0.10	meshes=2
562.6	DECO	si=41	zone=toxic	ms=0.00	meshes=2
565.4	DECO	si=42	zone=buildings	ms=2.80	meshes=7
565.5	DECO	si=43	zone=toxic	ms=0.10	meshes=2
575.4	DECO	si=44	zone=toxic	ms=9.90	meshes=2
575.6	DECO	si=45	zone=toxic	ms=0.20	meshes=2
575.7	DECO	si=46	zone=toxic	ms=0.10	meshes=2
575.8	DECO	si=47	zone=toxic	ms=0.10	meshes=2
575.8	DECO	si=48	zone=toxic	ms=0.00	meshes=2
576.0	DECO	si=49	zone=toxic	ms=0.20	meshes=2
576.0	DECO	si=50	zone=toxic	ms=0.00	meshes=2
576.1	DECO	si=51	zone=toxic	ms=0.10	meshes=2
576.3	DECO	si=52	zone=toxic	ms=0.20	meshes=2
576.3	DECO	si=53	zone=toxic	ms=0.00	meshes=2
576.5	DECO	si=54	zone=toxic	ms=0.20	meshes=2
576.5	DECO	si=55	zone=toxic	ms=0.00	meshes=2
576.5	DECO	si=56	zone=toxic	ms=0.00	meshes=2
576.7	DECO	si=57	zone=toxic	ms=0.20	meshes=2
576.8	DECO	si=58	zone=toxic	ms=0.10	meshes=2
576.8	DECO	si=59	zone=toxic	ms=0.00	meshes=2
577.0	DECO	si=60	zone=toxic	ms=0.20	meshes=2
577.1	DECO	si=61	zone=toxic	ms=0.10	meshes=2
577.1	DECO	si=62	zone=toxic	ms=0.00	meshes=2
577.3	DECO	si=63	zone=toxic	ms=0.20	meshes=2
577.3	DECO	si=64	zone=toxic	ms=0.00	meshes=2
577.5	DECO	si=65	zone=toxic	ms=0.20	meshes=2
584.8	DECO	si=66	zone=toxic	ms=7.30	meshes=2
584.9	DECO	si=67	zone=toxic	ms=0.10	meshes=2
585.0	DECO	si=68	zone=toxic	ms=0.10	meshes=2
585.2	DECO	si=69	zone=toxic	ms=0.20	meshes=2
585.2	DECO	si=70	zone=toxic	ms=0.00	meshes=2
476.1	ZONE_CHANGE	→ trees	si=77	zoneLeft=46
476.2	ZONE_CHANGE	→ buildings	si=124	zoneLeft=37
476.3	ZONE_CHANGE	→ buildings	si=162	zoneLeft=40
525.8	DECO	si=0	zone=toxic	ms=34.90	meshes=2
526.0	DECO	si=1	zone=toxic	ms=0.20	meshes=2
526.1	DECO	si=2	zone=toxic	ms=0.10	meshes=2
526.3	DECO	si=3	zone=toxic	ms=0.20	meshes=2
526.4	DECO	si=4	zone=toxic	ms=0.10	meshes=2
526.5	DECO	si=5	zone=toxic	ms=0.10	meshes=2
526.7	DECO	si=6	zone=toxic	ms=0.20	meshes=2
526.8	DECO	si=7	zone=toxic	ms=0.10	meshes=2
526.9	DECO	si=8	zone=toxic	ms=0.10	meshes=2
527.1	DECO	si=9	zone=toxic	ms=0.10	meshes=2
527.3	DECO	si=10	zone=toxic	ms=0.20	meshes=2
527.4	DECO	si=11	zone=toxic	ms=0.10	meshes=2
527.5	DECO	si=12	zone=toxic	ms=0.10	meshes=2
527.7	DECO	si=13	zone=toxic	ms=0.20	meshes=2
527.8	DECO	si=14	zone=toxic	ms=0.10	meshes=2
527.9	DECO	si=15	zone=toxic	ms=0.10	meshes=2
528.0	DECO	si=16	zone=toxic	ms=0.10	meshes=2
528.2	DECO	si=17	zone=toxic	ms=0.20	meshes=2
528.4	DECO	si=18	zone=toxic	ms=0.20	meshes=2
528.4	DECO	si=19	zone=toxic	ms=0.00	meshes=2
528.5	DECO	si=20	zone=toxic	ms=0.10	meshes=2
528.6	DECO	si=21	zone=toxic	ms=0.10	meshes=2
536.3	DECO	si=22	zone=toxic	ms=7.70	meshes=2
536.4	DECO	si=23	zone=toxic	ms=0.10	meshes=2
536.5	DECO	si=24	zone=toxic	ms=0.10	meshes=2
536.7	DECO	si=25	zone=toxic	ms=0.20	meshes=2
536.8	DECO	si=26	zone=toxic	ms=0.10	meshes=2
536.9	DECO	si=27	zone=toxic	ms=0.10	meshes=2
536.9	DECO	si=28	zone=toxic	ms=0.00	meshes=2
537.0	DECO	si=29	zone=toxic	ms=0.10	meshes=2
537.2	DECO	si=30	zone=toxic	ms=0.20	meshes=2
537.3	DECO	si=31	zone=toxic	ms=0.10	meshes=2
537.4	DECO	si=32	zone=toxic	ms=0.10	meshes=2
537.5	DECO	si=33	zone=toxic	ms=0.10	meshes=2
537.5	DECO	si=34	zone=toxic	ms=0.00	meshes=2
537.6	DECO	si=35	zone=toxic	ms=0.10	meshes=2
537.8	DECO	si=36	zone=toxic	ms=0.20	meshes=2
537.9	DECO	si=37	zone=toxic	ms=0.10	meshes=2
537.9	DECO	si=38	zone=toxic	ms=0.00	meshes=2
538.1	DECO	si=39	zone=toxic	ms=0.20	meshes=2
538.2	DECO	si=40	zone=toxic	ms=0.10	meshes=2
538.2	DECO	si=41	zone=toxic	ms=0.00	meshes=2
542.0	DECO	si=42	zone=buildings	ms=3.80	meshes=7
542.1	DECO	si=43	zone=toxic	ms=0.10	meshes=2
550.6	DECO	si=44	zone=toxic	ms=8.50	meshes=2
550.7	DECO	si=45	zone=toxic	ms=0.10	meshes=2
550.8	DECO	si=46	zone=toxic	ms=0.10	meshes=2
550.9	DECO	si=47	zone=toxic	ms=0.10	meshes=2
551.0	DECO	si=48	zone=toxic	ms=0.10	meshes=2
551.1	DECO	si=49	zone=toxic	ms=0.10	meshes=2
551.2	DECO	si=50	zone=toxic	ms=0.10	meshes=2
551.4	DECO	si=51	zone=toxic	ms=0.20	meshes=2
551.4	DECO	si=52	zone=toxic	ms=0.00	meshes=2
551.5	DECO	si=53	zone=toxic	ms=0.10	meshes=2
551.7	DECO	si=54	zone=toxic	ms=0.20	meshes=2
551.8	DECO	si=55	zone=toxic	ms=0.10	meshes=2
551.8	DECO	si=56	zone=toxic	ms=0.00	meshes=2
551.9	DECO	si=57	zone=toxic	ms=0.10	meshes=2
552.0	DECO	si=58	zone=toxic	ms=0.10	meshes=2
552.1	DECO	si=59	zone=toxic	ms=0.10	meshes=2
552.2	DECO	si=60	zone=toxic	ms=0.10	meshes=2
552.4	DECO	si=61	zone=toxic	ms=0.20	meshes=2
552.4	DECO	si=62	zone=toxic	ms=0.00	meshes=2
552.5	DECO	si=63	zone=toxic	ms=0.10	meshes=2
552.6	DECO	si=64	zone=toxic	ms=0.10	meshes=2
552.7	DECO	si=65	zone=toxic	ms=0.10	meshes=2
560.1	DECO	si=66	zone=toxic	ms=7.40	meshes=2
560.2	DECO	si=67	zone=toxic	ms=0.10	meshes=2
560.3	DECO	si=68	zone=toxic	ms=0.10	meshes=2
560.5	DECO	si=69	zone=toxic	ms=0.20	meshes=2
560.6	DECO	si=70	zone=toxic	ms=0.10	meshes=2
4527.5	SHADER_PROG	count=35	was=0	seg=2	zone=toxic
23067.0	DECO	si=71	zone=toxic	ms=0.50	meshes=2
23184.5	DECO	si=72	zone=toxic	ms=0.70	meshes=2
23299.9	DECO	si=73	zone=toxic	ms=0.20	meshes=2
23432.9	DECO	si=74	zone=toxic	ms=0.10	meshes=2
23583.3	DECO	si=75	zone=toxic	ms=0.40	meshes=2
23733.1	DECO	si=76	zone=toxic	ms=0.20	meshes=2
23885.9	DECO	si=77	zone=trees	ms=2.80	meshes=16
24052.0	DECO	si=78	zone=trees	ms=1.90	meshes=16
24218.2	DECO	si=79	zone=trees	ms=1.60	meshes=14
24384.7	DECO	si=80	zone=trees	ms=1.40	meshes=13
24552.1	DECO	si=81	zone=trees	ms=1.60	meshes=17
24718.1	DECO	si=82	zone=trees	ms=1.30	meshes=14
24885.4	DECO	si=83	zone=trees	ms=1.00	meshes=15
25069.2	DECO	si=84	zone=trees	ms=1.30	meshes=17
25236.0	DECO	si=85	zone=trees	ms=1.50	meshes=15
25403.3	DECO	si=86	zone=trees	ms=1.80	meshes=15
25569.1	DECO	si=87	zone=trees	ms=1.10	meshes=16
25753.2	DECO	si=88	zone=trees	ms=1.40	meshes=14
25935.6	DECO	si=89	zone=trees	ms=1.10	meshes=14
26102.7	DECO	si=90	zone=trees	ms=0.80	meshes=13
26269.2	DECO	si=91	zone=trees	ms=1.10	meshes=16
26436.5	DECO	si=92	zone=trees	ms=0.90	meshes=14
26604.4	DECO	si=93	zone=trees	ms=1.00	meshes=16
33568.2	SHADER_PROG	count=51	was=35	seg=28	zone=toxic
34580.1	SHADER_PROG	count=52	was=51	seg=28	zone=toxic
34742.5	DECO	si=94	zone=trees	ms=1.00	meshes=15
34891.7	SHADER_PROG	count=53	was=52	seg=29	zone=toxic
138074.8	DECO	si=95	zone=trees	ms=0.80	meshes=16
138308.3	DECO	si=96	zone=trees	ms=0.60	meshes=13
138475.8	DECO	si=97	zone=trees	ms=1.00	meshes=19
138642.4	DECO	si=98	zone=trees	ms=1.30	meshes=16
138809.1	DECO	si=99	zone=trees	ms=1.00	meshes=16
138975.7	DECO	si=100	zone=trees	ms=0.90	meshes=15
139142.5	DECO	si=101	zone=trees	ms=1.00	meshes=17
139311.1	DECO	si=102	zone=trees	ms=2.10	meshes=19
139476.3	DECO	si=103	zone=trees	ms=0.90	meshes=16
139643.3	DECO	si=104	zone=trees	ms=0.90	meshes=17
139811.1	DECO	si=105	zone=trees	ms=1.40	meshes=16
139977.0	DECO	si=106	zone=trees	ms=1.10	meshes=18
140145.2	DECO	si=107	zone=trees	ms=1.60	meshes=17
140310.7	DECO	si=108	zone=trees	ms=1.30	meshes=19
140478.0	DECO	si=109	zone=trees	ms=1.10	meshes=19
140643.5	DECO	si=110	zone=trees	ms=0.70	meshes=16
140827.8	DECO	si=111	zone=trees	ms=0.80	meshes=18
140993.9	DECO	si=112	zone=trees	ms=0.60	meshes=15
141160.9	DECO	si=113	zone=trees	ms=0.80	meshes=19
141327.6	DECO	si=114	zone=trees	ms=0.70	meshes=15
141496.0	DECO	si=115	zone=trees	ms=0.90	meshes=20
146072.7	SHADER_PROG	count=65	was=53	seg=50	zone=toxic
146248.9	DECO	si=116	zone=trees	ms=0.70	meshes=17
146415.0	DECO	si=117	zone=trees	ms=0.70	meshes=18
146581.6	DECO	si=118	zone=trees	ms=0.50	meshes=15
146748.5	DECO	si=119	zone=trees	ms=0.60	meshes=17
146915.3	DECO	si=120	zone=trees	ms=0.70	meshes=17
147082.5	DECO	si=121	zone=trees	ms=0.60	meshes=16
147249.2	DECO	si=122	zone=trees	ms=0.80	meshes=18
147416.1	DECO	si=123	zone=trees	ms=0.60	meshes=19
147584.2	DECO	si=124	zone=buildings	ms=2.60	meshes=7
147750.5	DECO	si=125	zone=buildings	ms=1.90	meshes=7
147916.6	DECO	si=126	zone=buildings	ms=1.40	meshes=6
148083.3	DECO	si=127	zone=buildings	ms=0.90	meshes=7
148248.8	ZONE_CHANGE	→ toxic	si=203	zoneLeft=45
148249.9	DECO	si=128	zone=buildings	ms=0.80	meshes=7
148417.1	DECO	si=129	zone=buildings	ms=0.80	meshes=7
148583.7	DECO	si=130	zone=buildings	ms=1.00	meshes=7
148751.2	DECO	si=131	zone=buildings	ms=1.90	meshes=7
148918.3	DECO	si=132	zone=buildings	ms=2.10	meshes=7
149085.0	DECO	si=133	zone=buildings	ms=1.70	meshes=7
149251.5	DECO	si=134	zone=buildings	ms=2.00	meshes=7
149418.2	DECO	si=135	zone=buildings	ms=1.10	meshes=7
149585.5	DECO	si=136	zone=buildings	ms=1.70	meshes=6
149754.4	DECO	si=137	zone=buildings	ms=1.80	meshes=6
153384.4	SHADER_PROG	count=76	was=65	seg=72	zone=toxic
173154.4	DECO	si=138	zone=buildings	ms=1.90	meshes=7
173388.0	DECO	si=139	zone=buildings	ms=2.00	meshes=6
173672.1	DECO	si=140	zone=buildings	ms=1.90	meshes=7
173836.5	SHADER_PROG	count=75	was=76	seg=75	zone=toxic
174038.7	DECO	si=141	zone=buildings	ms=1.60	meshes=6
174221.4	DECO	si=142	zone=buildings	ms=1.60	meshes=7
174388.4	DECO	si=143	zone=buildings	ms=1.40	meshes=7
174555.2	DECO	si=144	zone=buildings	ms=2.00	meshes=7
174734.2	DECO	si=145	zone=buildings	ms=2.30	meshes=7
174888.8	DECO	si=146	zone=intersection	ms=1.30	meshes=7
175032.1	SHADER_PROG	count=76	was=75	seg=81	zone=trees
175583.5	DECO	si=147	zone=buildings	ms=2.50	meshes=7
175696.1	SHADER_PROG	count=77	was=76	seg=82	zone=trees
175942.1	DECO	si=148	zone=buildings	ms=1.60	meshes=7
176106.7	DECO	si=149	zone=buildings	ms=2.00	meshes=7
176295.9	SHADER_PROG	count=79	was=77	seg=84	zone=trees
176838.1	SHADER_PROG	count=80	was=79	seg=84	zone=trees
177478.6	SHADER_PROG	count=81	was=80	seg=84	zone=trees
177515.9	DECO	si=150	zone=buildings	ms=1.60	meshes=7
177675.0	DECO	si=151	zone=buildings	ms=1.90	meshes=7
177841.0	DECO	si=152	zone=buildings	ms=1.60	meshes=6
178012.6	DECO	si=153	zone=buildings	ms=2.20	meshes=6
178191.7	DECO	si=154	zone=buildings	ms=1.50	meshes=7
178362.0	DECO	si=155	zone=buildings	ms=1.90	meshes=7
178507.2	SHADER_PROG	count=80	was=81	seg=90	zone=trees
178525.2	DECO	si=156	zone=buildings	ms=1.60	meshes=7
178691.5	DECO	si=157	zone=buildings	ms=1.70	meshes=7
178864.7	DECO	si=158	zone=buildings	ms=1.20	meshes=7
179027.5	DECO	si=159	zone=buildings	ms=1.90	meshes=7
183099.5	SHADER_PROG	count=96	was=80	seg=94	zone=trees
183315.1	DECO	si=160	zone=buildings	ms=1.60	meshes=7
183479.1	DECO	si=161	zone=buildings	ms=1.90	meshes=7
183649.6	DECO	si=162	zone=buildings	ms=1.80	meshes=6
183670.1	SHADER_PROG	count=97	was=96	seg=97	zone=trees
183813.2	DECO	si=163	zone=buildings	ms=1.80	meshes=6
183980.8	DECO	si=164	zone=buildings	ms=1.80	meshes=7
184161.3	DECO	si=165	zone=buildings	ms=2.80	meshes=7
184330.2	DECO	si=166	zone=buildings	ms=1.70	meshes=7
184496.2	DECO	si=167	zone=buildings	ms=1.60	meshes=7
184663.9	DECO	si=168	zone=buildings	ms=1.70	meshes=7
184664.0	SHADER_PROG	count=96	was=97	seg=103	zone=trees
184830.1	DECO	si=169	zone=intersection	ms=1.60	meshes=7
185001.1	DECO	si=170	zone=buildings	ms=1.60	meshes=6
185166.5	DECO	si=171	zone=buildings	ms=1.50	meshes=7
185330.9	DECO	si=172	zone=buildings	ms=1.90	meshes=7
185514.6	DECO	si=173	zone=buildings	ms=1.60	meshes=7
185679.1	ZONE_CHANGE	→ buildings	si=249	zoneLeft=32
185681.7	DECO	si=174	zone=buildings	ms=2.10	meshes=7
185852.9	DECO	si=175	zone=buildings	ms=1.70	meshes=7
186015.3	DECO	si=176	zone=buildings	ms=2.00	meshes=7
186185.0	DECO	si=177	zone=buildings	ms=2.40	meshes=7
186351.8	DECO	si=178	zone=buildings	ms=1.70	meshes=7
186531.7	DECO	si=179	zone=buildings	ms=1.80	meshes=7
186701.2	DECO	si=180	zone=buildings	ms=2.30	meshes=6
187348.9	DECO	si=181	zone=buildings	ms=1.50	meshes=5
187649.5	DECO	si=182	zone=buildings	ms=2.10	meshes=6
187822.8	DECO	si=183	zone=buildings	ms=1.70	meshes=7
188016.5	DECO	si=184	zone=buildings	ms=1.70	meshes=7
188190.7	DECO	si=185	zone=buildings	ms=1.60	meshes=7
188355.2	DECO	si=186	zone=buildings	ms=2.20	meshes=7
188549.0	DECO	si=187	zone=buildings	ms=1.90	meshes=6
188716.9	DECO	si=188	zone=buildings	ms=1.80	meshes=7
188883.2	DECO	si=189	zone=buildings	ms=1.70	meshes=7
192119.1	DECO	si=190	zone=buildings	ms=1.80	meshes=7
192435.8	DECO	si=191	zone=buildings	ms=1.30	meshes=7
193269.9	DECO	si=192	zone=intersection	ms=1.50	meshes=7
193720.1	DECO	si=193	zone=buildings	ms=1.50	meshes=7
194537.7	DECO	si=194	zone=buildings	ms=1.60	meshes=7
194738.1	DECO	si=195	zone=buildings	ms=1.60	meshes=7
194939.3	DECO	si=196	zone=buildings	ms=1.70	meshes=7
195172.2	DECO	si=197	zone=buildings	ms=1.80	meshes=7
195488.8	DECO	si=198	zone=buildings	ms=2.10	meshes=6
196122.2	DECO	si=199	zone=buildings	ms=1.50	meshes=7
196533.2	DECO	si=200	zone=buildings	ms=1.60	meshes=6
197006.9	DECO	si=201	zone=buildings	ms=1.80	meshes=7
197307.1	DECO	si=202	zone=buildings	ms=1.80	meshes=7
197815.2	DECO	si=203	zone=toxic	ms=9.20	meshes=2
198222.6	DECO	si=204	zone=toxic	ms=0.20	meshes=2
199306.7	DECO	si=205	zone=toxic	ms=0.10	meshes=2
199774.1	DECO	si=206	zone=toxic	ms=0.10	meshes=2
200490.3	ZONE_CHANGE	→ buildings	si=282	zoneLeft=39
200490.9	DECO	si=207	zone=toxic	ms=0.20	meshes=2
200791.4	DECO	si=208	zone=toxic	ms=0.20	meshes=2
203176.8	DECO	si=209	zone=toxic	ms=0.20	meshes=2
204144.8	DECO	si=210	zone=toxic	ms=0.20	meshes=2
204461.3	DECO	si=211	zone=toxic	ms=0.10	meshes=2
205044.5	DECO	si=212	zone=toxic	ms=0.00	meshes=2
205361.8	DECO	si=213	zone=toxic	ms=0.20	meshes=2
205928.7	DECO	si=214	zone=toxic	ms=0.00	meshes=2
206312.3	DECO	si=215	zone=toxic	ms=0.10	meshes=2
206746.1	DECO	si=216	zone=toxic	ms=0.30	meshes=2
206946.5	DECO	si=217	zone=toxic	ms=0.10	meshes=2
207163.9	DECO	si=218	zone=toxic	ms=0.10	meshes=2
207447.3	DECO	si=219	zone=toxic	ms=0.20	meshes=2
207880.2	DECO	si=220	zone=toxic	ms=0.20	meshes=2
208899.1	DECO	si=221	zone=toxic	ms=0.10	meshes=2
209414.8	DECO	si=222	zone=toxic	ms=0.20	meshes=2
210248.8	DECO	si=223	zone=toxic	ms=0.10	meshes=2
210699.8	DECO	si=224	zone=toxic	ms=0.10	meshes=2
210924.9	DECO	si=225	zone=toxic	ms=8.60	meshes=2
212942.6	SHADER_PROG	count=101	was=96	seg=160	zone=buildings
213738.8	SHADER_PROG	count=102	was=101	seg=160	zone=buildings
213821.2	SHADER_PROG	count=103	was=102	seg=160	zone=buildings
213902.2	DECO	si=226	zone=toxic	ms=0.10	meshes=2
215119.6	DECO	si=227	zone=toxic	ms=0.10	meshes=2
215419.9	DECO	si=228	zone=toxic	ms=0.20	meshes=2
216009.2	DECO	si=229	zone=toxic	ms=0.10	meshes=2
216675.6	SHADER_PROG	count=104	was=103	seg=164	zone=buildings
216873.8	DECO	si=230	zone=toxic	ms=0.10	meshes=2
218072.4	DECO	si=231	zone=toxic	ms=0.20	meshes=2
218322.8	DECO	si=232	zone=toxic	ms=0.10	meshes=2
218639.1	DECO	si=233	zone=toxic	ms=0.20	meshes=2
219689.9	DECO	si=234	zone=toxic	ms=0.20	meshes=2
220007.5	DECO	si=235	zone=toxic	ms=0.20	meshes=2
220190.1	DECO	si=236	zone=toxic	ms=0.10	meshes=2
220390.9	DECO	si=237	zone=toxic	ms=0.20	meshes=2
220607.4	DECO	si=238	zone=toxic	ms=0.10	meshes=2
220891.1	DECO	si=239	zone=toxic	ms=0.20	meshes=2
221308.5	DECO	si=240	zone=toxic	ms=0.10	meshes=2
221841.5	DECO	si=241	zone=toxic	ms=0.10	meshes=2
222208.5	DECO	si=242	zone=toxic	ms=0.20	meshes=2
222859.3	DECO	si=243	zone=toxic	ms=0.10	meshes=2
223876.4	DECO	si=244	zone=toxic	ms=0.10	meshes=2
224310.0	DECO	si=245	zone=toxic	ms=0.00	meshes=2
224677.4	DECO	si=246	zone=toxic	ms=0.10	meshes=2
224943.7	ZONE_CHANGE	→ trees	si=322	zoneLeft=48
224952.0	DECO	si=247	zone=toxic	ms=7.70	meshes=2
224996.3	SHADER_PROG	count=105	was=104	seg=182	zone=buildings
226233.9	SHADER_PROG	count=106	was=105	seg=182	zone=buildings
226578.9	DECO	si=248	zone=toxic	ms=0.10	meshes=2
226712.1	SHADER_PROG	count=107	was=106	seg=183	zone=buildings
227546.8	DECO	si=249	zone=buildings	ms=0.90	meshes=7
229415.3	DECO	si=250	zone=buildings	ms=0.60	meshes=7
231033.3	DECO	si=251	zone=buildings	ms=0.70	meshes=7
231400.6	DECO	si=252	zone=buildings	ms=0.70	meshes=7
232467.1	DECO	si=253	zone=buildings	ms=0.70	meshes=7
233251.3	DECO	si=254	zone=buildings	ms=0.60	meshes=6
234352.2	DECO	si=255	zone=buildings	ms=0.70	meshes=6
235536.3	DECO	si=256	zone=buildings	ms=0.60	meshes=7
236037.1	DECO	si=257	zone=buildings	ms=1.00	meshes=7
236871.0	DECO	si=258	zone=buildings	ms=0.70	meshes=7
237855.5	DECO	si=259	zone=buildings	ms=0.70	meshes=7
238672.4	DECO	si=260	zone=buildings	ms=0.80	meshes=7
239306.1	DECO	si=261	zone=buildings	ms=0.60	meshes=7
239890.1	DECO	si=262	zone=buildings	ms=0.60	meshes=7
251063.1	SHADER_PROG	count=108	was=107	seg=197	zone=buildings
254718.9	DECO	si=263	zone=buildings	ms=0.60	meshes=6
254886.1	DECO	si=264	zone=buildings	ms=0.70	meshes=7
255068.9	DECO	si=265	zone=buildings	ms=0.70	meshes=7
255269.6	DECO	si=266	zone=buildings	ms=0.60	meshes=6
255519.4	DECO	si=267	zone=buildings	ms=0.90	meshes=7
255854.2	DECO	si=268	zone=buildings	ms=0.90	meshes=7
255854.7	SHADER_PROG	count=107	was=108	seg=203	zone=toxic
256337.2	DECO	si=269	zone=buildings	ms=0.80	meshes=7
256553.2	DECO	si=270	zone=buildings	ms=0.60	meshes=7
256720.1	DECO	si=271	zone=intersection	ms=0.70	meshes=7
256887.0	DECO	si=272	zone=buildings	ms=0.80	meshes=7
257053.8	DECO	si=273	zone=buildings	ms=0.70	meshes=7
257221.6	DECO	si=274	zone=buildings	ms=0.90	meshes=7
257387.4	DECO	si=275	zone=buildings	ms=0.60	meshes=7
257554.0	DECO	si=276	zone=buildings	ms=0.70	meshes=5
257721.6	DECO	si=277	zone=buildings	ms=0.70	meshes=6
257887.9	DECO	si=278	zone=buildings	ms=0.90	meshes=6
258054.7	DECO	si=279	zone=buildings	ms=0.60	meshes=7
258221.4	DECO	si=280	zone=buildings	ms=0.70	meshes=7
258388.2	DECO	si=281	zone=buildings	ms=0.70	meshes=7
258555.3	DECO	si=282	zone=buildings	ms=0.80	meshes=7
258721.5	DECO	si=283	zone=buildings	ms=0.70	meshes=6
258888.9	DECO	si=284	zone=buildings	ms=0.90	meshes=7
259055.7	DECO	si=285	zone=buildings	ms=0.80	meshes=7
259221.7	DECO	si=286	zone=buildings	ms=0.60	meshes=7
259388.7	DECO	si=287	zone=buildings	ms=0.60	meshes=7
259556.0	DECO	si=288	zone=buildings	ms=0.60	meshes=7
259722.8	DECO	si=289	zone=buildings	ms=0.70	meshes=7
259890.2	DECO	si=290	zone=buildings	ms=0.70	meshes=6
259890.6	SHADER_PROG	count=106	was=107	seg=225	zone=toxic
260056.6	DECO	si=291	zone=buildings	ms=0.60	meshes=7
260222.6	DECO	si=292	zone=buildings	ms=0.60	meshes=7
260389.8	DECO	si=293	zone=buildings	ms=0.60	meshes=7
260390.1	SHADER_PROG	count=105	was=106	seg=228	zone=toxic
260556.1	DECO	si=294	zone=intersection	ms=0.60	meshes=7
260723.0	DECO	si=295	zone=buildings	ms=0.60	meshes=7
260888.7	ZONE_CHANGE	→ dirt	si=371	zoneLeft=43
260891.5	DECO	si=296	zone=buildings	ms=0.70	meshes=6
261057.0	DECO	si=297	zone=buildings	ms=0.70	meshes=7
261223.1	DECO	si=298	zone=buildings	ms=0.70	meshes=7
261390.9	DECO	si=299	zone=buildings	ms=0.70	meshes=5
261506.2	SHADER_PROG	count=106	was=105	seg=234	zone=toxic
261558.7	DECO	si=300	zone=buildings	ms=1.90	meshes=6
261723.7	DECO	si=301	zone=buildings	ms=0.60	meshes=7
261890.8	DECO	si=302	zone=buildings	ms=0.70	meshes=7
262057.2	DECO	si=303	zone=buildings	ms=0.60	meshes=7
262224.5	DECO	si=304	zone=buildings	ms=0.50	meshes=7
262391.8	DECO	si=305	zone=buildings	ms=0.80	meshes=7
262557.6	DECO	si=306	zone=buildings	ms=0.50	meshes=7
262724.7	DECO	si=307	zone=buildings	ms=0.60	meshes=7
262891.6	DECO	si=308	zone=buildings	ms=0.70	meshes=7
263058.0	DECO	si=309	zone=buildings	ms=0.70	meshes=7
263225.4	DECO	si=310	zone=buildings	ms=0.70	meshes=7
263392.0	DECO	si=311	zone=buildings	ms=0.80	meshes=7
263575.3	DECO	si=312	zone=buildings	ms=0.50	meshes=7
263692.1	DECO	si=313	zone=buildings	ms=0.60	meshes=6
263775.5	DECO	si=314	zone=buildings	ms=0.60	meshes=7
263876.1	DECO	si=315	zone=buildings	ms=0.50	meshes=7
263876.4	SHADER_PROG	count=105	was=106	seg=250	zone=buildings
263959.3	DECO	si=316	zone=buildings	ms=0.60	meshes=7
264058.9	DECO	si=317	zone=intersection	ms=0.60	meshes=7
264143.9	DECO	si=318	zone=buildings	ms=0.70	meshes=6
264244.7	DECO	si=319	zone=buildings	ms=0.70	meshes=7
264293.8	SHADER_PROG	count=106	was=105	seg=254	zone=buildings
264326.3	DECO	si=320	zone=buildings	ms=0.60	meshes=6
264425.9	DECO	si=321	zone=buildings	ms=0.60	meshes=7
264527.3	DECO	si=322	zone=trees	ms=1.20	meshes=32
264609.8	DECO	si=323	zone=trees	ms=1.20	meshes=27
264710.1	DECO	si=324	zone=trees	ms=1.30	meshes=29
264793.7	DECO	si=325	zone=trees	ms=1.30	meshes=31
264893.7	DECO	si=326	zone=trees	ms=1.60	meshes=33
264977.0	DECO	si=327	zone=trees	ms=1.30	meshes=28
265077.5	DECO	si=328	zone=trees	ms=1.40	meshes=29
265160.8	DECO	si=329	zone=trees	ms=1.40	meshes=32
265261.0	DECO	si=330	zone=trees	ms=1.20	meshes=30
265360.4	DECO	si=331	zone=trees	ms=1.10	meshes=28
265444.2	DECO	si=332	zone=trees	ms=1.20	meshes=27
265544.5	DECO	si=333	zone=trees	ms=1.20	meshes=27
265630.4	DECO	si=334	zone=trees	ms=1.00	meshes=25
265731.9	DECO	si=335	zone=trees	ms=1.10	meshes=31
265816.9	DECO	si=336	zone=trees	ms=1.30	meshes=28
265921.4	DECO	si=337	zone=trees	ms=2.00	meshes=28
266007.7	DECO	si=338	zone=trees	ms=1.20	meshes=27
266112.4	DECO	si=339	zone=trees	ms=1.30	meshes=28
266112.6	SHADER_PROG	count=104	was=106	seg=274	zone=buildings
266212.5	ZONE_CHANGE	→ buildings	si=415	zoneLeft=36
266216.2	DECO	si=340	zone=trees	ms=1.20	meshes=27
266216.4	SHADER_PROG	count=103	was=104	seg=275	zone=buildings
266311.6	DECO	si=341	zone=trees	ms=1.20	meshes=26
270411.4	SHADER_PROG	count=104	was=103	seg=276	zone=buildings
270965.5	DECO	si=342	zone=trees	ms=1.30	meshes=26
273908.3	DECO	si=343	zone=trees	ms=1.40	meshes=31
274141.3	DECO	si=344	zone=trees	ms=1.10	meshes=29
274313.8	DECO	si=345	zone=trees	ms=1.50	meshes=29
274478.4	DECO	si=346	zone=trees	ms=1.10	meshes=26
274650.1	DECO	si=347	zone=trees	ms=1.30	meshes=26
274822.3	DECO	si=348	zone=trees	ms=1.40	meshes=30
274996.9	DECO	si=349	zone=trees	ms=1.20	meshes=28
275175.7	DECO	si=350	zone=trees	ms=1.20	meshes=28
275358.5	DECO	si=351	zone=trees	ms=1.40	meshes=33
275547.6	DECO	si=352	zone=trees	ms=1.20	meshes=29
275738.3	DECO	si=353	zone=trees	ms=1.10	meshes=24
275931.9	DECO	si=354	zone=trees	ms=1.30	meshes=29
276126.3	DECO	si=355	zone=trees	ms=1.30	meshes=29
276265.9	DECO	si=356	zone=trees	ms=1.30	meshes=30
276387.8	DECO	si=357	zone=trees	ms=1.40	meshes=30
276489.2	DECO	si=358	zone=trees	ms=1.20	meshes=26
276612.5	DECO	si=359	zone=trees	ms=1.10	meshes=29
276712.7	DECO	si=360	zone=trees	ms=1.20	meshes=31
276836.9	DECO	si=361	zone=trees	ms=1.30	meshes=26
276957.8	DECO	si=362	zone=trees	ms=1.10	meshes=27
277170.3	DECO	si=363	zone=trees	ms=1.40	meshes=33
277170.6	SHADER_PROG	count=103	was=104	seg=298	zone=buildings
277359.6	DECO	si=364	zone=trees	ms=1.00	meshes=25
277485.5	DECO	si=365	zone=trees	ms=1.30	meshes=34
277591.9	DECO	si=366	zone=trees	ms=1.10	meshes=27
277834.4	DECO	si=367	zone=trees	ms=1.00	meshes=27
278033.6	DECO	si=368	zone=trees	ms=1.80	meshes=29
278142.5	DECO	si=369	zone=trees	ms=1.20	meshes=30
278272.5	DECO	si=370	zone=trees	ms=1.10	meshes=28
278381.6	DECO	si=371	zone=dirt	ms=0.30	meshes=6
278515.4	DECO	si=372	zone=dirt	ms=0.10	meshes=2
278652.7	DECO	si=373	zone=dirt	ms=0.20	meshes=10
278768.5	DECO	si=374	zone=dirt	ms=0.10	meshes=11
278908.1	DECO	si=375	zone=dirt	ms=0.20	meshes=5
279021.5	DECO	si=376	zone=dirt	ms=0.20	meshes=12
279158.8	ZONE_CHANGE	→ toxic	si=452	zoneLeft=32
279159.6	DECO	si=377	zone=dirt	ms=0.10	meshes=5
279341.7	DECO	si=378	zone=dirt	ms=0.20	meshes=6
279570.5	DECO	si=379	zone=dirt	ms=0.10	meshes=6
279799.0	DECO	si=380	zone=dirt	ms=0.20	meshes=12
280027.7	DECO	si=381	zone=dirt	ms=0.10	meshes=4
280256.3	DECO	si=382	zone=dirt	ms=0.10	meshes=12
280486.1	DECO	si=383	zone=dirt	ms=0.20	meshes=8
280724.5	DECO	si=384	zone=dirt	ms=0.20	meshes=10
280959.4	DECO	si=385	zone=dirt	ms=0.10	meshes=6
280959.5	SHADER_PROG	count=102	was=103	seg=320	zone=buildings
281187.0	DECO	si=386	zone=dirt	ms=0.10	meshes=9
281413.4	DECO	si=387	zone=dirt	ms=0.10	meshes=8
281616.1	DECO	si=388	zone=dirt	ms=0.20	meshes=8
281735.2	DECO	si=389	zone=dirt	ms=0.10	meshes=14
281873.8	DECO	si=390	zone=dirt	ms=0.10	meshes=9
281989.8	DECO	si=391	zone=dirt	ms=0.10	meshes=13
282123.1	DECO	si=392	zone=dirt	ms=0.10	meshes=8
282235.5	DECO	si=393	zone=dirt	ms=0.10	meshes=9
282370.8	DECO	si=394	zone=dirt	ms=0.20	meshes=14
282505.8	DECO	si=395	zone=dirt	ms=0.20	meshes=11
282617.9	DECO	si=396	zone=dirt	ms=0.00	meshes=2
282750.1	DECO	si=397	zone=dirt	ms=0.20	meshes=10
282859.4	DECO	si=398	zone=dirt	ms=0.10	meshes=15
283024.7	SHADER_PROG	count=103	was=102	seg=333	zone=trees
283138.3	DECO	si=399	zone=dirt	ms=0.20	meshes=7
283248.7	DECO	si=400	zone=dirt	ms=0.20	meshes=5
283375.5	DECO	si=401	zone=dirt	ms=0.10	meshes=2
283479.8	DECO	si=402	zone=dirt	ms=0.10	meshes=7
283601.8	DECO	si=403	zone=dirt	ms=0.00	meshes=5
283721.7	DECO	si=404	zone=dirt	ms=0.10	meshes=13
283820.7	DECO	si=405	zone=dirt	ms=0.10	meshes=2
283935.8	DECO	si=406	zone=dirt	ms=0.10	meshes=6
284027.9	DECO	si=407	zone=dirt	ms=0.10	meshes=6
284146.0	DECO	si=408	zone=dirt	ms=0.10	meshes=9
284234.7	DECO	si=409	zone=dirt	ms=0.20	meshes=8
284338.2	ZONE_CHANGE	→ mountains	si=485	zoneLeft=41
284338.9	DECO	si=410	zone=dirt	ms=0.20	meshes=13
284423.1	DECO	si=411	zone=dirt	ms=0.10	meshes=10
284423.1	SHADER_PROG	count=102	was=103	seg=346	zone=trees
284523.2	DECO	si=412	zone=dirt	ms=0.20	meshes=10
284618.8	DECO	si=413	zone=dirt	ms=0.30	meshes=13
284695.9	DECO	si=414	zone=dirt	ms=0.10	meshes=5
284695.9	SHADER_PROG	count=101	was=102	seg=349	zone=trees
284865.1	DECO	si=415	zone=buildings	ms=0.60	meshes=7
285025.4	DECO	si=416	zone=buildings	ms=0.60	meshes=7
285192.7	DECO	si=417	zone=buildings	ms=0.70	meshes=7
285359.4	DECO	si=418	zone=buildings	ms=0.90	meshes=7
285579.9	DECO	si=419	zone=buildings	ms=0.60	meshes=7
285742.9	DECO	si=420	zone=buildings	ms=0.70	meshes=7
285909.7	DECO	si=421	zone=buildings	ms=0.60	meshes=7
286076.5	DECO	si=422	zone=buildings	ms=0.50	meshes=7
286243.4	DECO	si=423	zone=buildings	ms=0.60	meshes=7
286410.3	DECO	si=424	zone=buildings	ms=0.60	meshes=6
286577.1	DECO	si=425	zone=buildings	ms=0.60	meshes=7
286744.1	DECO	si=426	zone=buildings	ms=1.00	meshes=7
286911.2	DECO	si=427	zone=buildings	ms=0.70	meshes=7
287077.5	DECO	si=428	zone=buildings	ms=0.60	meshes=7
287244.6	DECO	si=429	zone=buildings	ms=1.10	meshes=7
287410.9	DECO	si=430	zone=buildings	ms=0.60	meshes=7
287577.5	DECO	si=431	zone=buildings	ms=0.70	meshes=7
287744.9	DECO	si=432	zone=buildings	ms=0.70	meshes=7
287911.6	DECO	si=433	zone=buildings	ms=0.70	meshes=7
288078.1	DECO	si=434	zone=buildings	ms=0.60	meshes=6
288178.2	DECO	si=435	zone=buildings	ms=0.70	meshes=7
288278.6	DECO	si=436	zone=buildings	ms=0.60	meshes=7
288378.6	DECO	si=437	zone=intersection	ms=0.70	meshes=7
288479.6	DECO	si=438	zone=buildings	ms=0.90	meshes=6
288595.5	DECO	si=439	zone=buildings	ms=0.60	meshes=7
288628.8	SHADER_PROG	count=102	was=101	seg=374	zone=dirt
288696.9	DECO	si=440	zone=buildings	ms=1.20	meshes=7
288795.6	DECO	si=441	zone=buildings	ms=0.60	meshes=7
288896.3	DECO	si=442	zone=buildings	ms=0.70	meshes=7
289013.0	DECO	si=443	zone=buildings	ms=0.70	meshes=7
289112.4	DECO	si=444	zone=buildings	ms=0.70	meshes=6
289212.9	DECO	si=445	zone=buildings	ms=0.90	meshes=6
289329.4	DECO	si=446	zone=buildings	ms=0.60	meshes=7
289429.7	DECO	si=447	zone=buildings	ms=1.10	meshes=7
289529.9	DECO	si=448	zone=buildings	ms=1.10	meshes=7
289646.3	DECO	si=449	zone=buildings	ms=0.80	meshes=7
289746.7	DECO	si=450	zone=buildings	ms=0.90	meshes=6
289846.2	DECO	si=451	zone=buildings	ms=0.80	meshes=7
289962.1	ZONE_CHANGE	→ toxic	si=527	zoneLeft=36
289972.7	DECO	si=452	zone=toxic	ms=10.10	meshes=2
290147.3	SHADER_PROG	count=103	was=102	seg=387	zone=dirt
290229.9	DECO	si=453	zone=toxic	ms=0.20	meshes=2
290296.0	SHADER_PROG	count=104	was=103	seg=388	zone=dirt
290329.4	DECO	si=454	zone=toxic	ms=0.00	meshes=2
290446.2	DECO	si=455	zone=toxic	ms=0.10	meshes=2
290546.7	DECO	si=456	zone=toxic	ms=0.20	meshes=2
290646.4	DECO	si=457	zone=toxic	ms=0.10	meshes=2
290762.9	DECO	si=458	zone=toxic	ms=0.10	meshes=2
290863.3	DECO	si=459	zone=toxic	ms=0.10	meshes=2
290963.1	DECO	si=460	zone=toxic	ms=0.00	meshes=2
291063.3	DECO	si=461	zone=toxic	ms=0.10	meshes=2
291180.2	DECO	si=462	zone=toxic	ms=0.30	meshes=2
291313.4	DECO	si=463	zone=toxic	ms=0.10	meshes=2
291496.9	DECO	si=464	zone=toxic	ms=0.10	meshes=2
291697.4	DECO	si=465	zone=toxic	ms=0.20	meshes=2
291880.6	DECO	si=466	zone=toxic	ms=0.10	meshes=2
292080.9	DECO	si=467	zone=toxic	ms=0.00	meshes=2
292264.3	DECO	si=468	zone=toxic	ms=0.20	meshes=2
292447.7	DECO	si=469	zone=toxic	ms=0.20	meshes=2
292647.9	DECO	si=470	zone=toxic	ms=0.20	meshes=2
292831.6	DECO	si=471	zone=toxic	ms=0.20	meshes=2
293015.1	DECO	si=472	zone=toxic	ms=0.10	meshes=2
293214.9	DECO	si=473	zone=toxic	ms=0.10	meshes=2
293406.2	DECO	si=474	zone=toxic	ms=8.00	meshes=2
293614.1	SHADER_PROG	count=105	was=104	seg=409	zone=dirt
293715.7	DECO	si=475	zone=toxic	ms=0.10	meshes=2
293798.7	SHADER_PROG	count=106	was=105	seg=410	zone=dirt
293815.4	DECO	si=476	zone=toxic	ms=0.10	meshes=2
293865.7	SHADER_PROG	count=107	was=106	seg=411	zone=dirt
293932.4	DECO	si=477	zone=toxic	ms=0.20	meshes=2
294032.8	DECO	si=478	zone=toxic	ms=0.20	meshes=2
294132.5	DECO	si=479	zone=toxic	ms=0.00	meshes=2
294249.4	DECO	si=480	zone=toxic	ms=0.20	meshes=2
294269.8	SHADER_PROG	count=108	was=107	seg=415	zone=buildings
294332.5	DECO	si=481	zone=toxic	ms=0.10	meshes=2
294432.6	DECO	si=482	zone=toxic	ms=0.10	meshes=2
294516.3	DECO	si=483	zone=toxic	ms=0.20	meshes=2
294616.8	DECO	si=484	zone=toxic	ms=0.00	meshes=2
294721.0	DECO	si=485	zone=mountains	ms=4.90	meshes=14
294800.0	DECO	si=486	zone=mountains	ms=0.50	meshes=10
294900.6	DECO	si=487	zone=mountains	ms=0.60	meshes=18
294984.8	DECO	si=488	zone=mountains	ms=0.90	meshes=18
295082.7	ZONE_CHANGE	→ dirt	si=564	zoneLeft=40
295083.5	DECO	si=489	zone=mountains	ms=0.40	meshes=14
295167.2	DECO	si=490	zone=mountains	ms=0.60	meshes=18
295267.0	DECO	si=491	zone=mountains	ms=0.40	meshes=10
295350.7	DECO	si=492	zone=mountains	ms=0.50	meshes=14
295450.5	DECO	si=493	zone=mountains	ms=0.50	meshes=14
295550.4	DECO	si=494	zone=mountains	ms=0.30	meshes=10
295634.1	DECO	si=495	zone=mountains	ms=0.50	meshes=18
295733.9	DECO	si=496	zone=mountains	ms=0.30	meshes=10
295817.7	DECO	si=497	zone=mountains	ms=0.50	meshes=18
295917.4	DECO	si=498	zone=mountains	ms=0.40	meshes=14
296001.7	DECO	si=499	zone=mountains	ms=0.50	meshes=18
296100.9	DECO	si=500	zone=mountains	ms=0.40	meshes=10
296184.2	DECO	si=501	zone=mountains	ms=0.30	meshes=10
296284.4	DECO	si=502	zone=mountains	ms=0.50	meshes=14
296384.5	DECO	si=503	zone=mountains	ms=0.40	meshes=14
296467.9	DECO	si=504	zone=mountains	ms=0.30	meshes=10
296570.5	DECO	si=505	zone=mountains	ms=2.80	meshes=10
296651.4	DECO	si=506	zone=mountains	ms=0.40	meshes=14
296818.8	DECO	si=507	zone=mountains	ms=0.60	meshes=18
296985.2	DECO	si=508	zone=mountains	ms=0.40	meshes=18
297151.9	DECO	si=509	zone=mountains	ms=0.40	meshes=18
297318.8	DECO	si=510	zone=mountains	ms=0.20	meshes=10
297486.2	DECO	si=511	zone=mountains	ms=0.50	meshes=18
297653.1	DECO	si=512	zone=mountains	ms=0.60	meshes=18
297819.7	DECO	si=513	zone=mountains	ms=0.50	meshes=14
297903.6	DECO	si=514	zone=mountains	ms=0.60	meshes=18
298004.0	DECO	si=515	zone=mountains	ms=1.20	meshes=10
298087.4	DECO	si=516	zone=mountains	ms=0.90	meshes=18
298087.9	SHADER_PROG	count=107	was=108	seg=451	zone=buildings
298186.4	DECO	si=517	zone=mountains	ms=0.50	meshes=10
298287.3	DECO	si=518	zone=mountains	ms=0.70	meshes=14
298370.2	DECO	si=519	zone=mountains	ms=0.30	meshes=10
298470.6	DECO	si=520	zone=mountains	ms=0.80	meshes=14
298554.0	DECO	si=521	zone=mountains	ms=0.60	meshes=10
298654.4	DECO	si=522	zone=mountains	ms=0.90	meshes=14
298737.2	DECO	si=523	zone=mountains	ms=0.30	meshes=10
298836.9	DECO	si=524	zone=mountains	ms=0.70	meshes=18
298941.5	DECO	si=525	zone=mountains	ms=4.50	meshes=10
299020.6	DECO	si=526	zone=mountains	ms=0.60	meshes=14
299127.6	DECO	si=527	zone=toxic	ms=7.80	meshes=2
299153.5	SHADER_PROG	count=108	was=107	seg=462	zone=toxic
299220.5	DECO	si=528	zone=toxic	ms=0.20	meshes=2
299304.4	DECO	si=529	zone=toxic	ms=0.10	meshes=2
299403.2	ZONE_CHANGE	→ buildings	si=605	zoneLeft=33
299404.3	DECO	si=530	zone=toxic	ms=0.30	meshes=2
299487.5	DECO	si=531	zone=toxic	ms=0.30	meshes=2
299587.8	DECO	si=532	zone=toxic	ms=0.40	meshes=2
299688.1	DECO	si=533	zone=toxic	ms=0.20	meshes=2
299771.8	DECO	si=534	zone=toxic	ms=0.30	meshes=2
299871.0	DECO	si=535	zone=toxic	ms=0.00	meshes=2
299954.5	DECO	si=536	zone=toxic	ms=0.20	meshes=2
300054.9	DECO	si=537	zone=toxic	ms=0.40	meshes=2
300138.3	DECO	si=538	zone=toxic	ms=0.30	meshes=2
300138.5	SHADER_PROG	count=107	was=108	seg=473	zone=toxic
300238.5	DECO	si=539	zone=toxic	ms=0.20	meshes=2
300321.4	DECO	si=540	zone=toxic	ms=0.30	meshes=2
300421.4	DECO	si=541	zone=toxic	ms=0.20	meshes=2
300521.9	DECO	si=542	zone=toxic	ms=0.20	meshes=2
300604.9	DECO	si=543	zone=toxic	ms=0.50	meshes=2
300706.8	DECO	si=544	zone=toxic	ms=0.20	meshes=2
300707.0	SHADER_PROG	count=106	was=107	seg=479	zone=toxic
300793.2	DECO	si=545	zone=toxic	ms=0.30	meshes=2
300889.0	DECO	si=546	zone=toxic	ms=0.40	meshes=2
300971.3	DECO	si=547	zone=toxic	ms=0.10	meshes=2
301072.2	DECO	si=548	zone=toxic	ms=0.20	meshes=2
301164.9	DECO	si=549	zone=toxic	ms=10.00	meshes=2
301255.6	DECO	si=550	zone=toxic	ms=0.20	meshes=2
301355.5	DECO	si=551	zone=toxic	ms=0.10	meshes=2
301421.9	SHADER_PROG	count=107	was=106	seg=486	zone=mountains
301439.2	DECO	si=552	zone=toxic	ms=0.40	meshes=2
301539.3	DECO	si=553	zone=toxic	ms=0.20	meshes=2
301622.4	DECO	si=554	zone=toxic	ms=0.20	meshes=2
301722.7	DECO	si=555	zone=toxic	ms=0.50	meshes=2
301806.0	DECO	si=556	zone=toxic	ms=0.20	meshes=2
301905.9	DECO	si=557	zone=toxic	ms=0.10	meshes=2
301989.8	DECO	si=558	zone=toxic	ms=0.40	meshes=2
302088.9	DECO	si=559	zone=toxic	ms=0.10	meshes=2
302206.5	DECO	si=560	zone=toxic	ms=0.10	meshes=2
302289.3	DECO	si=561	zone=toxic	ms=0.20	meshes=2
302389.4	DECO	si=562	zone=toxic	ms=0.20	meshes=2
302472.2	DECO	si=563	zone=toxic	ms=0.10	meshes=2
302571.8	ZONE_CHANGE	→ bridge	si=639	zoneLeft=40
302573.2	DECO	si=564	zone=dirt	ms=0.30	meshes=16
302657.2	DECO	si=565	zone=dirt	ms=0.30	meshes=10
302757.0	DECO	si=566	zone=dirt	ms=0.30	meshes=11
302842.8	DECO	si=567	zone=dirt	ms=0.20	meshes=10
302940.9	DECO	si=568	zone=dirt	ms=0.40	meshes=6
303040.5	DECO	si=569	zone=dirt	ms=0.30	meshes=4
303124.5	DECO	si=570	zone=dirt	ms=0.30	meshes=2
303223.1	DECO	si=571	zone=dirt	ms=0.10	meshes=14
303306.5	DECO	si=572	zone=dirt	ms=0.00	meshes=8
303407.4	DECO	si=573	zone=dirt	ms=0.30	meshes=13
303490.9	DECO	si=574	zone=dirt	ms=0.30	meshes=9
303590.2	DECO	si=575	zone=dirt	ms=0.20	meshes=12
303674.3	DECO	si=576	zone=dirt	ms=0.30	meshes=5
303774.5	DECO	si=577	zone=dirt	ms=0.20	meshes=8
303907.7	DECO	si=578	zone=dirt	ms=0.20	meshes=2
304074.1	DECO	si=579	zone=dirt	ms=0.30	meshes=13
304241.3	DECO	si=580	zone=dirt	ms=0.20	meshes=11
304408.2	DECO	si=581	zone=dirt	ms=0.10	meshes=8
304574.2	DECO	si=582	zone=dirt	ms=0.10	meshes=15
304742.2	DECO	si=583	zone=dirt	ms=0.20	meshes=7
304908.0	DECO	si=584	zone=dirt	ms=0.30	meshes=16
305075.2	DECO	si=585	zone=dirt	ms=0.30	meshes=7
305242.1	DECO	si=586	zone=dirt	ms=0.20	meshes=6
305408.8	DECO	si=587	zone=dirt	ms=0.30	meshes=17
305542.5	DECO	si=588	zone=dirt	ms=0.30	meshes=10
305642.0	DECO	si=589	zone=dirt	ms=0.20	meshes=2
305725.5	DECO	si=590	zone=dirt	ms=0.10	meshes=4
305825.9	DECO	si=591	zone=dirt	ms=0.30	meshes=5
305909.4	DECO	si=592	zone=dirt	ms=0.30	meshes=8
306009.6	DECO	si=593	zone=dirt	ms=0.30	meshes=15
306093.9	DECO	si=594	zone=dirt	ms=0.30	meshes=14
306192.8	DECO	si=595	zone=dirt	ms=0.20	meshes=7
306276.4	DECO	si=596	zone=dirt	ms=0.20	meshes=7
306376.8	DECO	si=597	zone=dirt	ms=0.20	meshes=7
306477.4	DECO	si=598	zone=dirt	ms=0.30	meshes=8
306560.1	DECO	si=599	zone=dirt	ms=0.40	meshes=11
306660.7	DECO	si=600	zone=dirt	ms=0.50	meshes=6
306744.0	DECO	si=601	zone=dirt	ms=0.30	meshes=10
306843.7	DECO	si=602	zone=dirt	ms=0.20	meshes=9
306926.7	DECO	si=603	zone=dirt	ms=0.30	meshes=7
307027.1	DECO	si=604	zone=dirt	ms=0.30	meshes=10
307109.4	ZONE_CHANGE	→ toxic	si=680	zoneLeft=45
307111.6	DECO	si=605	zone=buildings	ms=1.30	meshes=7
307211.1	DECO	si=606	zone=buildings	ms=1.00	meshes=7
307311.0	DECO	si=607	zone=buildings	ms=0.90	meshes=7
307394.4	DECO	si=608	zone=buildings	ms=1.20	meshes=7
307494.0	DECO	si=609	zone=buildings	ms=0.50	meshes=7
307578.7	DECO	si=610	zone=buildings	ms=1.30	meshes=7
307678.0	DECO	si=611	zone=buildings	ms=1.10	meshes=7
307761.9	DECO	si=612	zone=buildings	ms=1.20	meshes=6
307863.5	DECO	si=613	zone=buildings	ms=0.90	meshes=7
307944.5	DECO	si=614	zone=buildings	ms=0.50	meshes=7
308044.4	DECO	si=615	zone=buildings	ms=0.60	meshes=7
308144.4	DECO	si=616	zone=buildings	ms=0.70	meshes=7
308227.7	DECO	si=617	zone=buildings	ms=0.50	meshes=7
308328.0	DECO	si=618	zone=buildings	ms=0.60	meshes=7
308411.4	DECO	si=619	zone=buildings	ms=0.80	meshes=7
308513.8	DECO	si=620	zone=buildings	ms=0.60	meshes=7
308527.8	SHADER_PROG	count=108	was=107	seg=555	zone=toxic
308611.6	DECO	si=621	zone=buildings	ms=0.60	meshes=7
308694.5	DECO	si=622	zone=buildings	ms=0.60	meshes=7
308794.7	DECO	si=623	zone=buildings	ms=0.70	meshes=7
308878.5	DECO	si=624	zone=buildings	ms=0.70	meshes=7
308979.2	DECO	si=625	zone=buildings	ms=0.90	meshes=7
309061.5	DECO	si=626	zone=buildings	ms=0.60	meshes=7
309163.1	DECO	si=627	zone=intersection	ms=0.70	meshes=7
309261.9	DECO	si=628	zone=buildings	ms=0.70	meshes=6
309344.9	DECO	si=629	zone=buildings	ms=0.60	meshes=7
309445.2	DECO	si=630	zone=buildings	ms=0.60	meshes=6
309564.0	DECO	si=631	zone=buildings	ms=2.00	meshes=7
309662.1	DECO	si=632	zone=buildings	ms=0.80	meshes=6
309762.4	DECO	si=633	zone=buildings	ms=0.80	meshes=7
309879.1	DECO	si=634	zone=buildings	ms=0.60	meshes=7
309979.4	DECO	si=635	zone=buildings	ms=0.90	meshes=7
309979.7	SHADER_PROG	count=109	was=108	seg=570	zone=dirt
310079.7	DECO	si=636	zone=buildings	ms=1.20	meshes=7
310196.3	DECO	si=637	zone=buildings	ms=1.00	meshes=7
310296.1	DECO	si=638	zone=buildings	ms=0.90	meshes=7
310396.4	DECO	si=639	zone=bridge	ms=0.50	meshes=5
310396.5	SHADER_PROG	count=108	was=109	seg=574	zone=dirt
310411.8	SHADER_PROG	count=109	was=108	seg=574	zone=dirt
310512.4	DECO	si=640	zone=bridge	ms=0.10	meshes=4
310612.4	DECO	si=641	zone=bridge	ms=0.10	meshes=4
310716.4	DECO	si=642	zone=bridge	ms=0.10	meshes=4
310716.7	SHADER_PROG	count=108	was=109	seg=577	zone=dirt
310812.6	DECO	si=643	zone=bridge	ms=0.10	meshes=4
310929.5	DECO	si=644	zone=bridge	ms=0.10	meshes=4
310929.7	SHADER_PROG	count=109	was=108	seg=579	zone=dirt
311029.4	DECO	si=645	zone=bridge	ms=0.20	meshes=4
311129.6	DECO	si=646	zone=bridge	ms=0.00	meshes=4
311246.4	DECO	si=647	zone=bridge	ms=0.10	meshes=4
311348.7	DECO	si=648	zone=bridge	ms=2.50	meshes=52
311348.8	SHADER_PROG	count=108	was=109	seg=583	zone=dirt
311446.1	DECO	si=649	zone=bridge	ms=0.00	meshes=4
311563.2	DECO	si=650	zone=bridge	ms=0.00	meshes=4
311662.6	ZONE_CHANGE	→ buildings	si=726	zoneLeft=47
311663.1	DECO	si=651	zone=bridge	ms=0.10	meshes=4
311763.6	DECO	si=652	zone=bridge	ms=0.10	meshes=4
311880.2	DECO	si=653	zone=bridge	ms=0.00	meshes=4
311980.2	DECO	si=654	zone=bridge	ms=0.10	meshes=4
311980.3	SHADER_PROG	count=106	was=108	seg=589	zone=dirt
312080.0	DECO	si=655	zone=bridge	ms=0.10	meshes=4
312202.5	DECO	si=656	zone=bridge	ms=0.10	meshes=4
312297.8	DECO	si=657	zone=bridge	ms=0.00	meshes=4
312397.1	DECO	si=658	zone=bridge	ms=0.10	meshes=4
312497.6	DECO	si=659	zone=bridge	ms=0.10	meshes=4
312616.0	DECO	si=660	zone=bridge	ms=1.90	meshes=52
312713.9	DECO	si=661	zone=bridge	ms=0.00	meshes=4
312814.1	DECO	si=662	zone=bridge	ms=0.10	meshes=4
312931.3	DECO	si=663	zone=bridge	ms=0.10	meshes=4
313030.8	DECO	si=664	zone=bridge	ms=0.00	meshes=4
313130.9	DECO	si=665	zone=bridge	ms=0.10	meshes=4
313247.7	DECO	si=666	zone=bridge	ms=0.10	meshes=4
313347.7	DECO	si=667	zone=bridge	ms=0.10	meshes=4
313447.8	DECO	si=668	zone=bridge	ms=0.00	meshes=4
313564.7	DECO	si=669	zone=bridge	ms=0.10	meshes=4
313664.6	DECO	si=670	zone=bridge	ms=0.00	meshes=4
313764.7	DECO	si=671	zone=bridge	ms=0.10	meshes=4
313850.1	DECO	si=672	zone=bridge	ms=2.00	meshes=52
313948.4	DECO	si=673	zone=bridge	ms=0.10	meshes=4
314031.7	DECO	si=674	zone=bridge	ms=0.10	meshes=4
314131.7	DECO	si=675	zone=bridge	ms=0.20	meshes=4
314215.0	DECO	si=676	zone=bridge	ms=0.10	meshes=4
314315.8	DECO	si=677	zone=bridge	ms=0.10	meshes=4
314415.4	DECO	si=678	zone=bridge	ms=0.10	meshes=4
314499.3	DECO	si=679	zone=bridge	ms=0.10	meshes=5
314607.4	DECO	si=680	zone=toxic	ms=8.60	meshes=2
314682.2	DECO	si=681	zone=toxic	ms=0.10	meshes=2
314782.2	DECO	si=682	zone=toxic	ms=0.10	meshes=2
314865.7	DECO	si=683	zone=toxic	ms=0.10	meshes=2
314966.1	DECO	si=684	zone=toxic	ms=0.20	meshes=2
315049.1	DECO	si=685	zone=toxic	ms=0.10	meshes=2
315149.1	DECO	si=686	zone=toxic	ms=0.20	meshes=2
315249.6	DECO	si=687	zone=toxic	ms=0.20	meshes=2
315332.7	DECO	si=688	zone=toxic	ms=0.10	meshes=2
315432.7	DECO	si=689	zone=toxic	ms=0.10	meshes=2
315516.6	DECO	si=690	zone=toxic	ms=0.30	meshes=2
315616.1	DECO	si=691	zone=toxic	ms=0.00	meshes=2
315699.8	DECO	si=692	zone=toxic	ms=0.20	meshes=2
315799.7	DECO	si=693	zone=toxic	ms=0.30	meshes=2
315883.2	DECO	si=694	zone=toxic	ms=0.20	meshes=2
315983.1	DECO	si=695	zone=toxic	ms=0.10	meshes=2
316084.0	DECO	si=696	zone=toxic	ms=0.30	meshes=2
316166.9	DECO	si=697	zone=toxic	ms=0.10	meshes=2
316267.1	DECO	si=698	zone=toxic	ms=0.10	meshes=2
316349.6	ZONE_CHANGE	→ mountains	si=774	zoneLeft=29
316350.6	DECO	si=699	zone=toxic	ms=0.40	meshes=2
316400.7	SHADER_PROG	count=107	was=106	seg=634	zone=buildings
316450.7	DECO	si=700	zone=toxic	ms=0.20	meshes=2
316533.9	DECO	si=701	zone=toxic	ms=0.20	meshes=2
316645.5	DECO	si=702	zone=toxic	ms=11.60	meshes=2
316717.7	DECO	si=703	zone=toxic	ms=0.20	meshes=2
316818.6	DECO	si=704	zone=toxic	ms=0.30	meshes=2
316917.4	DECO	si=705	zone=toxic	ms=0.20	meshes=2
317003.1	DECO	si=706	zone=toxic	ms=0.30	meshes=2
317003.3	SHADER_PROG	count=106	was=107	seg=641	zone=bridge
317017.6	SHADER_PROG	count=107	was=106	seg=641	zone=bridge
317101.6	DECO	si=707	zone=toxic	ms=0.30	meshes=2
317184.5	DECO	si=708	zone=toxic	ms=0.20	meshes=2
317284.4	DECO	si=709	zone=toxic	ms=0.20	meshes=2
317368.2	DECO	si=710	zone=toxic	ms=0.10	meshes=2
317368.2	SHADER_PROG	count=108	was=107	seg=645	zone=bridge
317467.8	DECO	si=711	zone=toxic	ms=0.20	meshes=2
317552.3	DECO	si=712	zone=toxic	ms=0.40	meshes=2
317651.8	DECO	si=713	zone=toxic	ms=0.20	meshes=2
317752.5	DECO	si=714	zone=toxic	ms=0.30	meshes=2
317835.4	DECO	si=715	zone=toxic	ms=0.20	meshes=2
317935.4	DECO	si=716	zone=toxic	ms=0.30	meshes=2
318019.1	DECO	si=717	zone=toxic	ms=0.30	meshes=2
318118.6	DECO	si=718	zone=toxic	ms=0.10	meshes=2
318202.2	DECO	si=719	zone=toxic	ms=0.20	meshes=2
318303.3	DECO	si=720	zone=toxic	ms=0.40	meshes=2
318385.1	DECO	si=721	zone=toxic	ms=0.10	meshes=2
318486.1	DECO	si=722	zone=toxic	ms=0.10	meshes=2
318586.0	DECO	si=723	zone=toxic	ms=0.40	meshes=2
318679.2	DECO	si=724	zone=toxic	ms=9.70	meshes=2
318718.7	SHADER_PROG	count=110	was=108	seg=659	zone=bridge
318769.7	DECO	si=725	zone=toxic	ms=0.20	meshes=2
318854.5	DECO	si=726	zone=buildings	ms=1.50	meshes=7
318953.1	DECO	si=727	zone=buildings	ms=0.90	meshes=7
319038.7	DECO	si=728	zone=buildings	ms=2.40	meshes=7
319135.2	ZONE_CHANGE	→ buildings	si=804	zoneLeft=45
319137.4	DECO	si=729	zone=buildings	ms=1.30	meshes=7
319221.0	DECO	si=730	zone=buildings	ms=1.30	meshes=6
319322.2	DECO	si=731	zone=buildings	ms=1.70	meshes=6
319322.3	SHADER_PROG	count=109	was=110	seg=666	zone=bridge
319420.0	DECO	si=732	zone=buildings	ms=0.80	meshes=7
319503.6	DECO	si=733	zone=buildings	ms=0.90	meshes=7
319603.7	DECO	si=734	zone=buildings	ms=1.10	meshes=7
319687.5	DECO	si=735	zone=buildings	ms=1.00	meshes=6
319786.8	DECO	si=736	zone=buildings	ms=0.70	meshes=6
319870.9	DECO	si=737	zone=buildings	ms=1.10	meshes=7
319971.3	DECO	si=738	zone=buildings	ms=1.20	meshes=7
320055.3	DECO	si=739	zone=buildings	ms=1.70	meshes=5
320153.9	DECO	si=740	zone=buildings	ms=0.90	meshes=6
320255.0	DECO	si=741	zone=buildings	ms=0.90	meshes=7
320337.1	DECO	si=742	zone=buildings	ms=0.60	meshes=7
320437.4	DECO	si=743	zone=buildings	ms=0.80	meshes=6
320537.3	DECO	si=744	zone=buildings	ms=0.60	meshes=7
320704.5	DECO	si=745	zone=buildings	ms=0.90	meshes=6
320871.7	DECO	si=746	zone=buildings	ms=0.80	meshes=6
320971.6	DECO	si=747	zone=buildings	ms=1.00	meshes=5
321071.9	DECO	si=748	zone=intersection	ms=1.10	meshes=7
321137.6	SHADER_PROG	count=110	was=109	seg=683	zone=toxic
321154.8	DECO	si=749	zone=buildings	ms=0.80	meshes=7
321255.1	DECO	si=750	zone=buildings	ms=0.70	meshes=7
321338.3	DECO	si=751	zone=buildings	ms=0.60	meshes=7
321438.7	DECO	si=752	zone=buildings	ms=0.60	meshes=7
321538.4	DECO	si=753	zone=buildings	ms=0.50	meshes=7
321621.6	DECO	si=754	zone=buildings	ms=0.70	meshes=7
321721.9	DECO	si=755	zone=buildings	ms=1.00	meshes=7
321805.1	DECO	si=756	zone=buildings	ms=0.70	meshes=7
321904.9	DECO	si=757	zone=buildings	ms=0.60	meshes=7
322005.1	DECO	si=758	zone=buildings	ms=0.70	meshes=7
322088.7	DECO	si=759	zone=buildings	ms=0.60	meshes=7
322189.4	DECO	si=760	zone=buildings	ms=0.60	meshes=7
322272.2	DECO	si=761	zone=buildings	ms=0.70	meshes=7
322372.2	DECO	si=762	zone=buildings	ms=0.80	meshes=7
322455.5	DECO	si=763	zone=buildings	ms=0.70	meshes=6
322555.6	DECO	si=764	zone=buildings	ms=0.50	meshes=6
322639.4	DECO	si=765	zone=buildings	ms=0.50	meshes=7
322739.3	DECO	si=766	zone=buildings	ms=0.50	meshes=7
322839.3	DECO	si=767	zone=buildings	ms=0.70	meshes=7
322922.8	DECO	si=768	zone=buildings	ms=0.60	meshes=7
323022.8	DECO	si=769	zone=buildings	ms=0.60	meshes=7
323106.2	DECO	si=770	zone=buildings	ms=0.60	meshes=7
323206.3	DECO	si=771	zone=intersection	ms=0.70	meshes=7
323289.5	DECO	si=772	zone=buildings	ms=0.50	meshes=7
323391.9	DECO	si=773	zone=buildings	ms=0.60	meshes=7
323392.2	SHADER_PROG	count=108	was=110	seg=708	zone=toxic
323475.3	DECO	si=774	zone=mountains	ms=2.70	meshes=10
323572.0	ZONE_CHANGE	→ buildings	si=850	zoneLeft=46
323572.9	DECO	si=775	zone=mountains	ms=0.60	meshes=18
323605.8	SHADER_PROG	count=109	was=108	seg=710	zone=toxic
323673.4	DECO	si=776	zone=mountains	ms=0.30	meshes=10
323772.9	DECO	si=777	zone=mountains	ms=0.30	meshes=10
323856.7	DECO	si=778	zone=mountains	ms=0.70	meshes=18
323876.9	SHADER_PROG	count=110	was=109	seg=713	zone=toxic
323990.1	DECO	si=779	zone=mountains	ms=0.50	meshes=18
324156.9	DECO	si=780	zone=mountains	ms=0.50	meshes=18
324256.8	DECO	si=781	zone=mountains	ms=0.30	meshes=14
324340.2	DECO	si=782	zone=mountains	ms=0.30	meshes=10
324440.2	DECO	si=783	zone=mountains	ms=0.30	meshes=10
324540.3	DECO	si=784	zone=mountains	ms=0.60	meshes=18
324623.5	DECO	si=785	zone=mountains	ms=0.30	meshes=10
324723.6	DECO	si=786	zone=mountains	ms=0.40	meshes=14
324823.7	DECO	si=787	zone=mountains	ms=0.50	meshes=10
324907.0	DECO	si=788	zone=mountains	ms=0.30	meshes=10
325007.5	DECO	si=789	zone=mountains	ms=0.40	meshes=18
325007.7	SHADER_PROG	count=109	was=110	seg=724	zone=toxic
325090.6	DECO	si=790	zone=mountains	ms=0.40	meshes=14
325191.1	DECO	si=791	zone=mountains	ms=0.50	meshes=18
325291.3	DECO	si=792	zone=mountains	ms=0.40	meshes=14
325374.5	DECO	si=793	zone=mountains	ms=0.30	meshes=10
325477.0	DECO	si=794	zone=mountains	ms=2.80	meshes=18
325559.9	DECO	si=795	zone=mountains	ms=0.30	meshes=14
325658.5	DECO	si=796	zone=mountains	ms=0.30	meshes=10
325743.9	DECO	si=797	zone=mountains	ms=0.90	meshes=18
325744.4	SHADER_PROG	count=110	was=109	seg=732	zone=buildings
325848.5	DECO	si=798	zone=mountains	ms=0.30	meshes=10
325941.5	DECO	si=799	zone=mountains	ms=0.40	meshes=14
326025.1	DECO	si=800	zone=mountains	ms=0.50	meshes=18
326125.0	DECO	si=801	zone=mountains	ms=0.30	meshes=10
326208.7	DECO	si=802	zone=mountains	ms=0.40	meshes=10
326308.2	DECO	si=803	zone=mountains	ms=0.40	meshes=14
326393.1	DECO	si=804	zone=buildings	ms=0.90	meshes=7
326492.1	DECO	si=805	zone=buildings	ms=0.70	meshes=7
326575.5	DECO	si=806	zone=buildings	ms=0.60	meshes=5
326676.0	DECO	si=807	zone=buildings	ms=0.50	meshes=7
326676.2	SHADER_PROG	count=109	was=110	seg=742	zone=buildings
326775.7	DECO	si=808	zone=buildings	ms=0.60	meshes=7
326859.0	DECO	si=809	zone=buildings	ms=0.70	meshes=7
326976.8	DECO	si=810	zone=buildings	ms=0.50	meshes=7
327059.1	DECO	si=811	zone=buildings	ms=0.50	meshes=7
327159.2	DECO	si=812	zone=buildings	ms=0.60	meshes=7
327309.5	DECO	si=813	zone=buildings	ms=0.70	meshes=7
327476.5	DECO	si=814	zone=buildings	ms=0.60	meshes=7
327643.2	DECO	si=815	zone=buildings	ms=0.50	meshes=7
327810.4	DECO	si=816	zone=buildings	ms=0.70	meshes=7
327810.6	SHADER_PROG	count=108	was=109	seg=751	zone=buildings
327978.8	DECO	si=817	zone=buildings	ms=0.70	meshes=7
327979.1	SHADER_PROG	count=107	was=108	seg=752	zone=buildings
328143.3	DECO	si=818	zone=buildings	ms=0.60	meshes=7
328310.5	DECO	si=819	zone=buildings	ms=0.50	meshes=7
328477.3	DECO	si=820	zone=buildings	ms=0.70	meshes=7
328644.2	DECO	si=821	zone=buildings	ms=0.60	meshes=6
328809.4	ZONE_CHANGE	→ buildings	si=897	zoneLeft=46
328810.6	DECO	si=822	zone=buildings	ms=0.50	meshes=6
328977.7	DECO	si=823	zone=buildings	ms=0.60	meshes=6
329144.5	DECO	si=824	zone=buildings	ms=0.60	meshes=7
329312.1	DECO	si=825	zone=buildings	ms=1.10	meshes=7
329477.9	DECO	si=826	zone=intersection	ms=0.60	meshes=7
329645.5	DECO	si=827	zone=buildings	ms=0.60	meshes=7
329745.1	DECO	si=828	zone=buildings	ms=0.60	meshes=7
329845.2	DECO	si=829	zone=buildings	ms=0.70	meshes=7
329929.4	DECO	si=830	zone=buildings	ms=0.60	meshes=7
330028.5	DECO	si=831	zone=buildings	ms=0.60	meshes=7
330129.2	DECO	si=832	zone=buildings	ms=0.50	meshes=7
330212.6	DECO	si=833	zone=buildings	ms=0.60	meshes=6
330280.7	SHADER_PROG	count=108	was=107	seg=768	zone=buildings
330312.1	DECO	si=834	zone=buildings	ms=0.60	meshes=7
330395.7	DECO	si=835	zone=buildings	ms=0.60	meshes=7
330495.5	DECO	si=836	zone=buildings	ms=0.60	meshes=7
330578.8	DECO	si=837	zone=buildings	ms=0.50	meshes=7
330679.5	DECO	si=838	zone=buildings	ms=0.70	meshes=7
330763.4	DECO	si=839	zone=buildings	ms=0.60	meshes=7
330763.8	SHADER_PROG	count=107	was=108	seg=774	zone=mountains
330863.1	DECO	si=840	zone=buildings	ms=0.70	meshes=7
330962.5	DECO	si=841	zone=buildings	ms=0.70	meshes=7
331046.7	DECO	si=842	zone=buildings	ms=0.70	meshes=7
331146.4	DECO	si=843	zone=buildings	ms=0.70	meshes=7
331229.7	DECO	si=844	zone=buildings	ms=0.60	meshes=7
331330.1	DECO	si=845	zone=buildings	ms=0.70	meshes=7
331413.4	DECO	si=846	zone=buildings	ms=0.70	meshes=6
331512.9	DECO	si=847	zone=buildings	ms=0.50	meshes=7
331597.7	DECO	si=848	zone=buildings	ms=1.20	meshes=6
331696.7	DECO	si=849	zone=intersection	ms=0.60	meshes=6
331796.7	DECO	si=850	zone=buildings	ms=0.60	meshes=7
331880.2	DECO	si=851	zone=buildings	ms=0.80	meshes=7
331979.9	DECO	si=852	zone=buildings	ms=0.60	meshes=7
332063.3	DECO	si=853	zone=buildings	ms=0.50	meshes=7
332163.5	DECO	si=854	zone=buildings	ms=0.50	meshes=6
332246.8	DECO	si=855	zone=buildings	ms=0.50	meshes=7
332347.0	DECO	si=856	zone=buildings	ms=0.60	meshes=7
332430.4	DECO	si=857	zone=buildings	ms=0.60	meshes=7
332531.2	DECO	si=858	zone=buildings	ms=0.60	meshes=7
332531.4	SHADER_PROG	count=106	was=107	seg=793	zone=mountains
332631.0	DECO	si=859	zone=buildings	ms=0.70	meshes=6
332714.3	DECO	si=860	zone=buildings	ms=0.60	meshes=7
332813.9	DECO	si=861	zone=buildings	ms=0.70	meshes=6
332897.5	DECO	si=862	zone=buildings	ms=0.60	meshes=7
332998.0	DECO	si=863	zone=buildings	ms=0.70	meshes=6
333081.3	DECO	si=864	zone=buildings	ms=0.60	meshes=5
333181.5	DECO	si=865	zone=buildings	ms=0.60	meshes=7
333181.8	SHADER_PROG	count=105	was=106	seg=800	zone=mountains
333264.7	DECO	si=866	zone=buildings	ms=0.60	meshes=6
333364.4	DECO	si=867	zone=buildings	ms=0.60	meshes=7
333464.3	DECO	si=868	zone=buildings	ms=0.60	meshes=7
333546.8	ZONE_CHANGE	→ dirt	si=944	zoneLeft=48
333547.8	DECO	si=869	zone=buildings	ms=0.60	meshes=7
333648.0	DECO	si=870	zone=buildings	ms=0.70	meshes=7
333731.2	DECO	si=871	zone=buildings	ms=0.50	meshes=7
333831.4	DECO	si=872	zone=intersection	ms=0.50	meshes=7
333915.0	DECO	si=873	zone=buildings	ms=0.60	meshes=7
334015.0	DECO	si=874	zone=buildings	ms=0.70	meshes=7
334098.4	DECO	si=875	zone=buildings	ms=0.60	meshes=7
334198.6	DECO	si=876	zone=buildings	ms=0.60	meshes=7
334298.6	DECO	si=877	zone=buildings	ms=0.50	meshes=7
334382.2	DECO	si=878	zone=buildings	ms=0.70	meshes=7
334482.0	DECO	si=879	zone=buildings	ms=0.90	meshes=7
334565.2	DECO	si=880	zone=buildings	ms=0.60	meshes=7
334665.9	DECO	si=881	zone=buildings	ms=0.80	meshes=7
334750.0	DECO	si=882	zone=buildings	ms=1.00	meshes=6
334850.4	DECO	si=883	zone=buildings	ms=1.80	meshes=7
334933.5	DECO	si=884	zone=buildings	ms=1.40	meshes=6
335033.6	DECO	si=885	zone=buildings	ms=1.50	meshes=7
335133.1	DECO	si=886	zone=buildings	ms=1.50	meshes=7
335218.9	DECO	si=887	zone=buildings	ms=2.00	meshes=7
335316.5	DECO	si=888	zone=buildings	ms=1.10	meshes=7
335401.1	DECO	si=889	zone=buildings	ms=1.80	meshes=7
335500.1	DECO	si=890	zone=buildings	ms=1.40	meshes=7
335583.4	DECO	si=891	zone=buildings	ms=1.50	meshes=7
335683.7	DECO	si=892	zone=buildings	ms=1.70	meshes=7
335851.5	DECO	si=893	zone=buildings	ms=1.60	meshes=7
336016.9	DECO	si=894	zone=buildings	ms=1.30	meshes=6
336184.2	DECO	si=895	zone=intersection	ms=1.10	meshes=7
336351.1	DECO	si=896	zone=buildings	ms=1.50	meshes=7
336517.0	DECO	si=897	zone=buildings	ms=0.60	meshes=7
336600.8	DECO	si=898	zone=buildings	ms=0.90	meshes=7
336700.6	DECO	si=899	zone=buildings	ms=0.90	meshes=6
336800.5	DECO	si=900	zone=buildings	ms=0.50	meshes=7
336883.7	DECO	si=901	zone=buildings	ms=0.60	meshes=7
336983.8	DECO	si=902	zone=buildings	ms=0.50	meshes=7
337067.6	DECO	si=903	zone=buildings	ms=0.60	meshes=7
337168.1	DECO	si=904	zone=buildings	ms=0.70	meshes=7
337251.2	DECO	si=905	zone=buildings	ms=0.60	meshes=7
337351.5	DECO	si=906	zone=buildings	ms=0.60	meshes=7
337434.2	DECO	si=907	zone=buildings	ms=0.70	meshes=6
337534.3	DECO	si=908	zone=buildings	ms=0.70	meshes=6
337634.9	DECO	si=909	zone=buildings	ms=0.60	meshes=7
337718.0	DECO	si=910	zone=buildings	ms=0.60	meshes=7
337817.9	DECO	si=911	zone=buildings	ms=0.60	meshes=7
337901.6	DECO	si=912	zone=buildings	ms=0.60	meshes=7
338009.2	DECO	si=913	zone=buildings	ms=0.80	meshes=7
338089.0	DECO	si=914	zone=buildings	ms=0.70	meshes=7
338186.9	DECO	si=915	zone=buildings	ms=0.70	meshes=7
338268.2	DECO	si=916	zone=buildings	ms=0.70	meshes=7
338368.2	DECO	si=917	zone=buildings	ms=0.60	meshes=7
338467.4	ZONE_CHANGE	→ bridge	si=993	zoneLeft=33
338468.5	DECO	si=918	zone=intersection	ms=0.70	meshes=7
338555.5	DECO	si=919	zone=buildings	ms=0.50	meshes=7
338651.7	DECO	si=920	zone=buildings	ms=0.50	meshes=7
338735.2	DECO	si=921	zone=buildings	ms=0.70	meshes=7
338835.1	DECO	si=922	zone=buildings	ms=0.60	meshes=7
338918.6	DECO	si=923	zone=buildings	ms=0.70	meshes=7
339019.1	DECO	si=924	zone=buildings	ms=0.60	meshes=7
339102.7	DECO	si=925	zone=buildings	ms=0.60	meshes=7
339203.0	DECO	si=926	zone=buildings	ms=0.60	meshes=6
339302.8	DECO	si=927	zone=buildings	ms=0.60	meshes=7
339386.1	DECO	si=928	zone=buildings	ms=0.60	meshes=7
339486.1	DECO	si=929	zone=buildings	ms=0.60	meshes=7
339620.3	DECO	si=930	zone=buildings	ms=0.90	meshes=7
339787.0	DECO	si=931	zone=buildings	ms=0.60	meshes=7
339953.0	DECO	si=932	zone=buildings	ms=0.60	meshes=7
340053.5	DECO	si=933	zone=buildings	ms=1.10	meshes=7
340152.9	DECO	si=934	zone=buildings	ms=0.60	meshes=7
340236.4	DECO	si=935	zone=buildings	ms=0.50	meshes=7
340336.8	DECO	si=936	zone=buildings	ms=0.80	meshes=6
340436.6	DECO	si=937	zone=buildings	ms=0.60	meshes=6
340520.9	DECO	si=938	zone=buildings	ms=0.60	meshes=7
340620.6	DECO	si=939	zone=buildings	ms=0.70	meshes=7
340703.3	DECO	si=940	zone=buildings	ms=0.60	meshes=7
340811.8	DECO	si=941	zone=intersection	ms=1.10	meshes=7
340891.4	DECO	si=942	zone=buildings	ms=1.10	meshes=7
340987.7	DECO	si=943	zone=buildings	ms=0.70	meshes=7
341070.4	DECO	si=944	zone=dirt	ms=0.10	meshes=12
341170.6	DECO	si=945	zone=dirt	ms=0.10	meshes=12
341269.9	DECO	si=946	zone=dirt	ms=0.00	meshes=2
341354.3	DECO	si=947	zone=dirt	ms=0.10	meshes=5
341453.6	DECO	si=948	zone=dirt	ms=0.20	meshes=10
341537.3	DECO	si=949	zone=dirt	ms=0.30	meshes=16
341637.1	DECO	si=950	zone=dirt	ms=0.10	meshes=15
341721.4	DECO	si=951	zone=dirt	ms=0.10	meshes=7
341820.4	ZONE_CHANGE	→ buildings	si=1027	zoneLeft=32
341821.0	DECO	si=952	zone=dirt	ms=0.10	meshes=17
341903.9	DECO	si=953	zone=dirt	ms=0.20	meshes=12
342004.1	DECO	si=954	zone=dirt	ms=0.20	meshes=8
342104.6	DECO	si=955	zone=dirt	ms=0.00	meshes=12
342187.5	DECO	si=956	zone=dirt	ms=0.20	meshes=7
342287.6	DECO	si=957	zone=dirt	ms=0.20	meshes=11
342371.3	DECO	si=958	zone=dirt	ms=0.00	meshes=4
342471.0	DECO	si=959	zone=dirt	ms=0.10	meshes=5
342554.5	DECO	si=960	zone=dirt	ms=0.20	meshes=10
342655.4	DECO	si=961	zone=dirt	ms=0.20	meshes=14
342738.1	DECO	si=962	zone=dirt	ms=0.10	meshes=10
342838.2	DECO	si=963	zone=dirt	ms=0.20	meshes=13
342938.8	DECO	si=964	zone=dirt	ms=0.10	meshes=13
343055.5	DECO	si=965	zone=dirt	ms=0.10	meshes=6
343221.6	DECO	si=966	zone=dirt	ms=0.10	meshes=2
343371.7	DECO	si=967	zone=dirt	ms=0.10	meshes=6
343471.9	DECO	si=968	zone=dirt	ms=0.10	meshes=8
343556.1	DECO	si=969	zone=dirt	ms=0.10	meshes=2
343655.6	DECO	si=970	zone=dirt	ms=0.10	meshes=6
343739.1	DECO	si=971	zone=dirt	ms=0.10	meshes=5
343846.0	DECO	si=972	zone=dirt	ms=0.10	meshes=13
343922.4	DECO	si=973	zone=dirt	ms=0.10	meshes=13
344022.7	DECO	si=974	zone=dirt	ms=0.10	meshes=10
344105.8	DECO	si=975	zone=dirt	ms=0.20	meshes=10
344205.6	DECO	si=976	zone=dirt	ms=0.10	meshes=13
344305.8	DECO	si=977	zone=dirt	ms=0.10	meshes=6
344389.8	DECO	si=978	zone=dirt	ms=0.10	meshes=14
344489.5	DECO	si=979	zone=dirt	ms=0.20	meshes=13
344572.9	DECO	si=980	zone=dirt	ms=0.10	meshes=11
344673.0	DECO	si=981	zone=dirt	ms=0.20	meshes=10
344756.4	DECO	si=982	zone=dirt	ms=0.10	meshes=2
344856.3	DECO	si=983	zone=dirt	ms=0.10	meshes=2
344940.2	DECO	si=984	zone=dirt	ms=0.10	meshes=7
345039.2	ZONE_CHANGE	→ trees	si=1060	zoneLeft=30
345039.8	DECO	si=985	zone=dirt	ms=0.20	meshes=8
345139.8	DECO	si=986	zone=dirt	ms=0.20	meshes=7
345223.7	DECO	si=987	zone=dirt	ms=0.20	meshes=11
345323.7	DECO	si=988	zone=dirt	ms=0.10	meshes=2
345406.8	DECO	si=989	zone=dirt	ms=0.10	meshes=5
345507.1	DECO	si=990	zone=dirt	ms=0.20	meshes=14
345590.1	DECO	si=991	zone=dirt	ms=0.10	meshes=7
345690.4	DECO	si=992	zone=dirt	ms=0.10	meshes=11
345773.7	DECO	si=993	zone=bridge	ms=0.10	meshes=5
345874.2	DECO	si=994	zone=bridge	ms=0.20	meshes=4
345974.5	DECO	si=995	zone=bridge	ms=0.10	meshes=4
346059.5	DECO	si=996	zone=bridge	ms=2.10	meshes=52
346157.6	DECO	si=997	zone=bridge	ms=0.10	meshes=4
346240.9	DECO	si=998	zone=bridge	ms=0.10	meshes=4
346340.7	DECO	si=999	zone=bridge	ms=0.00	meshes=4
346491.0	DECO	si=1000	zone=bridge	ms=0.00	meshes=4
346658.5	DECO	si=1001	zone=bridge	ms=0.10	meshes=4
346824.7	DECO	si=1002	zone=bridge	ms=0.10	meshes=4
346992.1	DECO	si=1003	zone=bridge	ms=0.10	meshes=4
347158.5	DECO	si=1004	zone=bridge	ms=0.10	meshes=4
347325.3	DECO	si=1005	zone=bridge	ms=0.10	meshes=4
347492.0	DECO	si=1006	zone=bridge	ms=0.20	meshes=4
347660.0	DECO	si=1007	zone=bridge	ms=0.10	meshes=4
347829.2	DECO	si=1008	zone=bridge	ms=3.30	meshes=52
347992.3	DECO	si=1009	zone=bridge	ms=0.10	meshes=4
348192.6	DECO	si=1010	zone=bridge	ms=0.00	meshes=4
348375.9	DECO	si=1011	zone=bridge	ms=0.00	meshes=4
348543.4	DECO	si=1012	zone=bridge	ms=0.10	meshes=4
348660.7	DECO	si=1013	zone=bridge	ms=0.10	meshes=4
348760.1	DECO	si=1014	zone=bridge	ms=0.10	meshes=4
348860.4	DECO	si=1015	zone=bridge	ms=0.10	meshes=4
348975.9	ZONE_CHANGE	→ trees	si=1091	zoneLeft=45
348977.0	DECO	si=1016	zone=bridge	ms=0.10	meshes=4
349077.5	DECO	si=1017	zone=bridge	ms=0.20	meshes=4
349176.8	DECO	si=1018	zone=bridge	ms=0.10	meshes=4
349293.9	DECO	si=1019	zone=bridge	ms=0.10	meshes=4
349397.2	DECO	si=1020	zone=bridge	ms=3.30	meshes=52
349494.5	DECO	si=1021	zone=bridge	ms=0.20	meshes=4
349611.7	DECO	si=1022	zone=bridge	ms=0.20	meshes=4
349710.3	DECO	si=1023	zone=bridge	ms=0.00	meshes=4
349810.7	DECO	si=1024	zone=bridge	ms=0.10	meshes=4
349927.1	DECO	si=1025	zone=bridge	ms=0.10	meshes=4
350027.6	DECO	si=1026	zone=bridge	ms=0.10	meshes=5
350130.3	DECO	si=1027	zone=buildings	ms=1.70	meshes=6
350229.6	DECO	si=1028	zone=buildings	ms=1.40	meshes=7
350345.9	DECO	si=1029	zone=buildings	ms=1.20	meshes=6
350446.4	DECO	si=1030	zone=buildings	ms=1.80	meshes=7
350546.0	DECO	si=1031	zone=buildings	ms=1.40	meshes=7
350664.6	DECO	si=1032	zone=buildings	ms=2.40	meshes=6
350766.0	DECO	si=1033	zone=buildings	ms=3.70	meshes=6
350861.7	DECO	si=1034	zone=buildings	ms=0.60	meshes=7
350978.7	DECO	si=1035	zone=buildings	ms=0.70	meshes=7
351078.6	DECO	si=1036	zone=buildings	ms=0.70	meshes=7
351078.7	SHADER_PROG	count=104	was=105	seg=971	zone=dirt
351178.6	DECO	si=1037	zone=buildings	ms=0.60	meshes=7
351295.4	DECO	si=1038	zone=buildings	ms=0.60	meshes=7
351395.4	DECO	si=1039	zone=buildings	ms=0.70	meshes=7
351495.5	DECO	si=1040	zone=buildings	ms=0.70	meshes=5
351662.9	DECO	si=1041	zone=buildings	ms=1.10	meshes=6
351847.4	DECO	si=1042	zone=buildings	ms=1.80	meshes=7
352046.2	DECO	si=1043	zone=buildings	ms=0.80	meshes=6
352230.9	DECO	si=1044	zone=buildings	ms=1.80	meshes=7
352414.3	DECO	si=1045	zone=buildings	ms=1.50	meshes=6
352614.6	DECO	si=1046	zone=buildings	ms=1.40	meshes=7
352796.9	DECO	si=1047	zone=buildings	ms=0.70	meshes=7
352981.9	DECO	si=1048	zone=buildings	ms=1.50	meshes=6
353181.7	DECO	si=1049	zone=intersection	ms=1.40	meshes=7
353365.5	DECO	si=1050	zone=buildings	ms=1.50	meshes=7
353547.6	DECO	si=1051	zone=buildings	ms=0.90	meshes=7
353547.8	SHADER_PROG	count=105	was=104	seg=986	zone=dirt
353747.6	DECO	si=1052	zone=buildings	ms=0.80	meshes=7
353931.1	DECO	si=1053	zone=buildings	ms=0.90	meshes=7
354132.2	DECO	si=1054	zone=buildings	ms=1.30	meshes=7
354315.7	DECO	si=1055	zone=buildings	ms=1.20	meshes=7
354499.9	DECO	si=1056	zone=buildings	ms=1.60	meshes=7
354698.9	DECO	si=1057	zone=buildings	ms=1.00	meshes=7
354883.3	DECO	si=1058	zone=buildings	ms=1.80	meshes=7
355049.6	DECO	si=1059	zone=buildings	ms=1.30	meshes=6
355216.7	DECO	si=1060	zone=trees	ms=1.70	meshes=35
355382.9	DECO	si=1061	zone=trees	ms=1.40	meshes=33
355547.5	ZONE_CHANGE	→ trees	si=1137	zoneLeft=43
355549.9	DECO	si=1062	zone=trees	ms=1.90	meshes=36
355717.0	DECO	si=1063	zone=trees	ms=1.80	meshes=37
355883.8	DECO	si=1064	zone=trees	ms=1.50	meshes=31
356050.0	DECO	si=1065	zone=trees	ms=1.50	meshes=36
356216.6	DECO	si=1066	zone=trees	ms=1.20	meshes=32
356383.2	DECO	si=1067	zone=trees	ms=1.10	meshes=33
356550.3	DECO	si=1068	zone=trees	ms=1.60	meshes=39
356717.2	DECO	si=1069	zone=trees	ms=1.50	meshes=33
356884.0	DECO	si=1070	zone=trees	ms=1.40	meshes=37
357051.0	DECO	si=1071	zone=trees	ms=1.60	meshes=36
357217.8	DECO	si=1072	zone=trees	ms=1.90	meshes=40
357384.2	DECO	si=1073	zone=trees	ms=1.30	meshes=36
357551.2	DECO	si=1074	zone=trees	ms=1.40	meshes=33
357718.1	DECO	si=1075	zone=trees	ms=1.60	meshes=38
357834.8	DECO	si=1076	zone=trees	ms=1.40	meshes=39
357934.6	DECO	si=1077	zone=trees	ms=1.40	meshes=33
358018.0	DECO	si=1078	zone=trees	ms=1.30	meshes=34
358117.9	DECO	si=1079	zone=trees	ms=1.30	meshes=32
358201.8	DECO	si=1080	zone=trees	ms=1.50	meshes=34
358302.0	DECO	si=1081	zone=trees	ms=1.60	meshes=37
358401.8	DECO	si=1082	zone=trees	ms=1.30	meshes=32
358484.9	DECO	si=1083	zone=trees	ms=1.20	meshes=34
358586.1	DECO	si=1084	zone=trees	ms=1.50	meshes=41
358668.4	DECO	si=1085	zone=trees	ms=1.30	meshes=33
358769.8	DECO	si=1086	zone=trees	ms=1.00	meshes=28
358855.2	DECO	si=1087	zone=trees	ms=1.10	meshes=31
358960.9	DECO	si=1088	zone=trees	ms=1.30	meshes=35
359050.6	DECO	si=1089	zone=trees	ms=1.40	meshes=36
359159.1	DECO	si=1090	zone=trees	ms=1.20	meshes=32
359270.2	DECO	si=1091	zone=trees	ms=1.30	meshes=30
359368.6	DECO	si=1092	zone=trees	ms=1.30	meshes=37
359488.0	DECO	si=1093	zone=trees	ms=1.20	meshes=34
359591.8	DECO	si=1094	zone=trees	ms=1.40	meshes=38
359718.9	DECO	si=1095	zone=trees	ms=1.20	meshes=29
359829.1	DECO	si=1096	zone=trees	ms=1.20	meshes=32
359961.6	DECO	si=1097	zone=trees	ms=1.60	meshes=34
360075.9	DECO	si=1098	zone=trees	ms=1.20	meshes=33
360219.1	DECO	si=1099	zone=trees	ms=1.30	meshes=34
360366.5	DECO	si=1100	zone=trees	ms=1.20	meshes=32
360491.4	DECO	si=1101	zone=trees	ms=1.30	meshes=31
360644.2	DECO	si=1102	zone=trees	ms=1.50	meshes=39
360775.2	DECO	si=1103	zone=trees	ms=1.50	meshes=36
361038.6	DECO	si=1104	zone=trees	ms=1.30	meshes=32
361172.1	DECO	si=1105	zone=trees	ms=1.40	meshes=32
361332.7	ZONE_CHANGE	→ trees	si=1181	zoneLeft=44
361334.4	DECO	si=1106	zone=trees	ms=1.40	meshes=29
361473.6	DECO	si=1107	zone=trees	ms=1.50	meshes=36
361645.6	DECO	si=1108	zone=trees	ms=1.30	meshes=32
361821.5	DECO	si=1109	zone=trees	ms=1.30	meshes=28
361968.5	DECO	si=1110	zone=trees	ms=1.60	meshes=34
362142.4	DECO	si=1111	zone=trees	ms=1.50	meshes=37
362289.8	DECO	si=1112	zone=trees	ms=1.50	meshes=35
362466.7	DECO	si=1113	zone=trees	ms=1.60	meshes=39
362615.1	DECO	si=1114	zone=trees	ms=1.60	meshes=34
362796.2	DECO	si=1115	zone=trees	ms=1.50	meshes=35
362960.0	DECO	si=1116	zone=trees	ms=1.20	meshes=34
363150.2	DECO	si=1117	zone=trees	ms=1.80	meshes=38
363339.1	DECO	si=1118	zone=trees	ms=1.20	meshes=33
363498.4	DECO	si=1119	zone=trees	ms=1.40	meshes=32
363689.7	DECO	si=1120	zone=trees	ms=1.80	meshes=38
363850.5	DECO	si=1121	zone=trees	ms=1.30	meshes=32
364046.5	DECO	si=1122	zone=trees	ms=1.40	meshes=36
364350.0	DECO	si=1123	zone=trees	ms=1.40	meshes=29
364684.6	DECO	si=1124	zone=trees	ms=1.30	meshes=37
365016.8	DECO	si=1125	zone=trees	ms=1.40	meshes=39
365249.7	DECO	si=1126	zone=trees	ms=1.60	meshes=35
365416.3	DECO	si=1127	zone=trees	ms=1.60	meshes=37
468732.8	DECO	si=1128	zone=trees	ms=1.30	meshes=31
469102.4	DECO	si=1129	zone=trees	ms=1.40	meshes=35
469364.6	DECO	si=1130	zone=trees	ms=1.70	meshes=39
469566.3	DECO	si=1131	zone=trees	ms=1.30	meshes=31
469736.5	DECO	si=1132	zone=trees	ms=1.40	meshes=34
989.4	ZONE_CHANGE	→ tunnel	si=77	zoneLeft=40
989.4	ZONE_CHANGE	→ trees	si=118	zoneLeft=48
989.4	ZONE_CHANGE	→ trees	si=167	zoneLeft=36
1011.2	DECO	si=0	zone=toxic	ms=9.90	meshes=2
1011.4	DECO	si=1	zone=toxic	ms=0.20	meshes=2
1011.5	DECO	si=2	zone=toxic	ms=0.10	meshes=2
1011.7	DECO	si=3	zone=toxic	ms=0.20	meshes=2
1011.8	DECO	si=4	zone=toxic	ms=0.10	meshes=2
1011.9	DECO	si=5	zone=toxic	ms=0.10	meshes=2
1012.1	DECO	si=6	zone=toxic	ms=0.20	meshes=2
1012.1	DECO	si=7	zone=toxic	ms=0.00	meshes=2
1012.3	DECO	si=8	zone=toxic	ms=0.20	meshes=2
1012.5	DECO	si=9	zone=toxic	ms=0.20	meshes=2
1012.6	DECO	si=10	zone=toxic	ms=0.10	meshes=2
1012.7	DECO	si=11	zone=toxic	ms=0.10	meshes=2
1012.9	DECO	si=12	zone=toxic	ms=0.20	meshes=2
1013.1	DECO	si=13	zone=toxic	ms=0.20	meshes=2
1013.1	DECO	si=14	zone=toxic	ms=0.00	meshes=2
1013.3	DECO	si=15	zone=toxic	ms=0.20	meshes=2
1013.4	DECO	si=16	zone=toxic	ms=0.10	meshes=2
1013.5	DECO	si=17	zone=toxic	ms=0.10	meshes=2
1013.7	DECO	si=18	zone=toxic	ms=0.20	meshes=2
1013.8	DECO	si=19	zone=toxic	ms=0.10	meshes=2
1013.9	DECO	si=20	zone=toxic	ms=0.10	meshes=2
1014.0	DECO	si=21	zone=toxic	ms=0.10	meshes=2
1024.0	DECO	si=22	zone=toxic	ms=10.00	meshes=2
1024.2	DECO	si=23	zone=toxic	ms=0.10	meshes=2
1024.3	DECO	si=24	zone=toxic	ms=0.10	meshes=2
1024.4	DECO	si=25	zone=toxic	ms=0.10	meshes=2
1024.5	DECO	si=26	zone=toxic	ms=0.10	meshes=2
1024.7	DECO	si=27	zone=toxic	ms=0.20	meshes=2
1024.7	DECO	si=28	zone=toxic	ms=0.00	meshes=2
1024.8	DECO	si=29	zone=toxic	ms=0.10	meshes=2
1024.9	DECO	si=30	zone=toxic	ms=0.10	meshes=2
1025.0	DECO	si=31	zone=toxic	ms=0.10	meshes=2
1025.1	DECO	si=32	zone=toxic	ms=0.10	meshes=2
1025.2	DECO	si=33	zone=toxic	ms=0.10	meshes=2
1025.3	DECO	si=34	zone=toxic	ms=0.10	meshes=2
1025.4	DECO	si=35	zone=toxic	ms=0.10	meshes=2
1025.5	DECO	si=36	zone=toxic	ms=0.10	meshes=2
1025.6	DECO	si=37	zone=toxic	ms=0.10	meshes=2
1025.7	DECO	si=38	zone=toxic	ms=0.10	meshes=2
1025.8	DECO	si=39	zone=toxic	ms=0.10	meshes=2
1025.9	DECO	si=40	zone=toxic	ms=0.10	meshes=2
1025.9	DECO	si=41	zone=toxic	ms=0.00	meshes=2
1029.0	DECO	si=42	zone=buildings	ms=3.10	meshes=6
1029.1	DECO	si=43	zone=toxic	ms=0.10	meshes=2
1037.4	DECO	si=44	zone=toxic	ms=8.30	meshes=2
1037.6	DECO	si=45	zone=toxic	ms=0.20	meshes=2
1037.7	DECO	si=46	zone=toxic	ms=0.10	meshes=2
1037.8	DECO	si=47	zone=toxic	ms=0.10	meshes=2
1037.9	DECO	si=48	zone=toxic	ms=0.10	meshes=2
1038.0	DECO	si=49	zone=toxic	ms=0.10	meshes=2
1038.0	DECO	si=50	zone=toxic	ms=0.00	meshes=2
1038.2	DECO	si=51	zone=toxic	ms=0.20	meshes=2
1038.3	DECO	si=52	zone=toxic	ms=0.10	meshes=2
1038.4	DECO	si=53	zone=toxic	ms=0.10	meshes=2
1038.5	DECO	si=54	zone=toxic	ms=0.10	meshes=2
1038.5	DECO	si=55	zone=toxic	ms=0.00	meshes=2
1038.7	DECO	si=56	zone=toxic	ms=0.20	meshes=2
1038.9	DECO	si=57	zone=toxic	ms=0.20	meshes=2
1038.9	DECO	si=58	zone=toxic	ms=0.00	meshes=2
1039.0	DECO	si=59	zone=toxic	ms=0.10	meshes=2
1039.1	DECO	si=60	zone=toxic	ms=0.10	meshes=2
1039.2	DECO	si=61	zone=toxic	ms=0.10	meshes=2
1039.3	DECO	si=62	zone=toxic	ms=0.10	meshes=2
1039.4	DECO	si=63	zone=toxic	ms=0.10	meshes=2
1039.5	DECO	si=64	zone=toxic	ms=0.10	meshes=2
1039.6	DECO	si=65	zone=toxic	ms=0.10	meshes=2
1050.0	DECO	si=66	zone=toxic	ms=10.40	meshes=2
1050.1	DECO	si=67	zone=toxic	ms=0.10	meshes=2
1050.2	DECO	si=68	zone=toxic	ms=0.10	meshes=2
1050.3	DECO	si=69	zone=toxic	ms=0.10	meshes=2
1050.4	DECO	si=70	zone=toxic	ms=0.10	meshes=2
441.1	ZONE_CHANGE	→ dirt	si=77	zoneLeft=32
441.1	ZONE_CHANGE	→ buildings	si=110	zoneLeft=45
441.1	ZONE_CHANGE	→ toxic	si=156	zoneLeft=48
459.1	DECO	si=0	zone=toxic	ms=11.20	meshes=2
459.2	DECO	si=1	zone=toxic	ms=0.10	meshes=2
459.4	DECO	si=2	zone=toxic	ms=0.20	meshes=2
459.5	DECO	si=3	zone=toxic	ms=0.10	meshes=2
459.6	DECO	si=4	zone=toxic	ms=0.10	meshes=2
459.7	DECO	si=5	zone=toxic	ms=0.00	meshes=2
460.0	DECO	si=6	zone=toxic	ms=0.20	meshes=2
460.1	DECO	si=7	zone=toxic	ms=0.10	meshes=2
460.3	DECO	si=8	zone=toxic	ms=0.20	meshes=2
460.4	DECO	si=9	zone=toxic	ms=0.10	meshes=2
460.5	DECO	si=10	zone=toxic	ms=0.10	meshes=2
460.6	DECO	si=11	zone=toxic	ms=0.10	meshes=2
460.8	DECO	si=12	zone=toxic	ms=0.20	meshes=2
460.9	DECO	si=13	zone=toxic	ms=0.10	meshes=2
461.0	DECO	si=14	zone=toxic	ms=0.10	meshes=2
461.2	DECO	si=15	zone=toxic	ms=0.20	meshes=2
461.3	DECO	si=16	zone=toxic	ms=0.10	meshes=2
461.4	DECO	si=17	zone=toxic	ms=0.10	meshes=2
461.6	DECO	si=18	zone=toxic	ms=0.20	meshes=2
461.7	DECO	si=19	zone=toxic	ms=0.10	meshes=2
461.8	DECO	si=20	zone=toxic	ms=0.10	meshes=2
461.9	DECO	si=21	zone=toxic	ms=0.10	meshes=2
469.4	DECO	si=22	zone=toxic	ms=7.50	meshes=2
469.5	DECO	si=23	zone=toxic	ms=0.10	meshes=2
469.8	DECO	si=24	zone=toxic	ms=0.30	meshes=2
469.8	DECO	si=25	zone=toxic	ms=0.00	meshes=2
469.9	DECO	si=26	zone=toxic	ms=0.10	meshes=2
470.1	DECO	si=27	zone=toxic	ms=0.20	meshes=2
470.2	DECO	si=28	zone=toxic	ms=0.10	meshes=2
470.2	DECO	si=29	zone=toxic	ms=0.00	meshes=2
470.3	DECO	si=30	zone=toxic	ms=0.10	meshes=2
470.5	DECO	si=31	zone=toxic	ms=0.20	meshes=2
470.6	DECO	si=32	zone=toxic	ms=0.10	meshes=2
470.7	DECO	si=33	zone=toxic	ms=0.10	meshes=2
470.8	DECO	si=34	zone=toxic	ms=0.10	meshes=2
470.8	DECO	si=35	zone=toxic	ms=0.00	meshes=2
471.0	DECO	si=36	zone=toxic	ms=0.20	meshes=2
471.1	DECO	si=37	zone=toxic	ms=0.10	meshes=2
471.2	DECO	si=38	zone=toxic	ms=0.10	meshes=2
471.3	DECO	si=39	zone=toxic	ms=0.10	meshes=2
471.4	DECO	si=40	zone=toxic	ms=0.10	meshes=2
471.4	DECO	si=41	zone=toxic	ms=0.00	meshes=2
475.1	DECO	si=42	zone=buildings	ms=3.70	meshes=6
475.3	DECO	si=43	zone=toxic	ms=0.20	meshes=2
484.6	DECO	si=44	zone=toxic	ms=9.30	meshes=2
484.7	DECO	si=45	zone=toxic	ms=0.10	meshes=2
484.8	DECO	si=46	zone=toxic	ms=0.10	meshes=2
484.9	DECO	si=47	zone=toxic	ms=0.10	meshes=2
485.0	DECO	si=48	zone=toxic	ms=0.10	meshes=2
485.1	DECO	si=49	zone=toxic	ms=0.10	meshes=2
485.2	DECO	si=50	zone=toxic	ms=0.10	meshes=2
485.3	DECO	si=51	zone=toxic	ms=0.10	meshes=2
485.4	DECO	si=52	zone=toxic	ms=0.10	meshes=2
485.4	DECO	si=53	zone=toxic	ms=0.00	meshes=2
485.5	DECO	si=54	zone=toxic	ms=0.10	meshes=2
485.6	DECO	si=55	zone=toxic	ms=0.10	meshes=2
485.8	DECO	si=56	zone=toxic	ms=0.20	meshes=2
485.9	DECO	si=57	zone=toxic	ms=0.10	meshes=2
486.0	DECO	si=58	zone=toxic	ms=0.10	meshes=2
486.0	DECO	si=59	zone=toxic	ms=0.00	meshes=2
486.1	DECO	si=60	zone=toxic	ms=0.10	meshes=2
486.2	DECO	si=61	zone=toxic	ms=0.10	meshes=2
486.3	DECO	si=62	zone=toxic	ms=0.10	meshes=2
486.5	DECO	si=63	zone=toxic	ms=0.20	meshes=2
486.5	DECO	si=64	zone=toxic	ms=0.00	meshes=2
486.6	DECO	si=65	zone=toxic	ms=0.10	meshes=2
494.0	DECO	si=66	zone=toxic	ms=7.40	meshes=2
494.1	DECO	si=67	zone=toxic	ms=0.10	meshes=2
494.2	DECO	si=68	zone=toxic	ms=0.10	meshes=2
494.3	DECO	si=69	zone=toxic	ms=0.10	meshes=2
494.4	DECO	si=70	zone=toxic	ms=0.10	meshes=2
1800.9	SHADER_PROG	count=36	was=0	seg=2	zone=toxic
20608.3	DECO	si=71	zone=toxic	ms=0.50	meshes=2
20791.6	DECO	si=72	zone=toxic	ms=0.40	meshes=2
20958.3	DECO	si=73	zone=toxic	ms=0.20	meshes=2
21124.8	DECO	si=74	zone=toxic	ms=0.20	meshes=2
21291.4	DECO	si=75	zone=toxic	ms=0.20	meshes=2
21458.5	DECO	si=76	zone=toxic	ms=0.30	meshes=2
21559.2	DECO	si=77	zone=dirt	ms=1.00	meshes=8
21658.7	DECO	si=78	zone=dirt	ms=0.30	meshes=5
21759.2	DECO	si=79	zone=dirt	ms=0.50	meshes=5
21841.9	DECO	si=80	zone=dirt	ms=0.20	meshes=12
21944.0	DECO	si=81	zone=dirt	ms=0.60	meshes=7
22042.3	DECO	si=82	zone=dirt	ms=0.20	meshes=5
22126.6	DECO	si=83	zone=dirt	ms=0.40	meshes=10
22226.3	DECO	si=84	zone=dirt	ms=0.40	meshes=11
22309.0	DECO	si=85	zone=dirt	ms=0.30	meshes=5
22409.0	DECO	si=86	zone=dirt	ms=0.20	meshes=10
22493.1	DECO	si=87	zone=dirt	ms=0.50	meshes=5
22592.8	DECO	si=88	zone=dirt	ms=0.30	meshes=9
22676.4	DECO	si=89	zone=dirt	ms=0.50	meshes=10
22776.1	DECO	si=90	zone=dirt	ms=0.40	meshes=11
22877.1	DECO	si=91	zone=dirt	ms=0.40	meshes=11
22959.8	DECO	si=92	zone=dirt	ms=0.10	meshes=4
23061.1	DECO	si=93	zone=dirt	ms=0.20	meshes=11
32127.2	SHADER_PROG	count=54	was=36	seg=28	zone=toxic
32242.5	DECO	si=94	zone=dirt	ms=0.60	meshes=10
32243.2	SHADER_PROG	count=55	was=54	seg=29	zone=toxic
32341.2	DECO	si=95	zone=dirt	ms=0.20	meshes=4
32434.4	DECO	si=96	zone=dirt	ms=0.20	meshes=10
32673.1	SHADER_PROG	count=56	was=55	seg=31	zone=toxic
32734.1	DECO	si=97	zone=dirt	ms=0.20	meshes=4
32834.3	DECO	si=98	zone=dirt	ms=0.30	meshes=17
32917.9	DECO	si=99	zone=dirt	ms=0.20	meshes=2
33018.1	DECO	si=100	zone=dirt	ms=0.40	meshes=9
33117.8	DECO	si=101	zone=dirt	ms=0.20	meshes=7
33217.6	DECO	si=102	zone=dirt	ms=0.10	meshes=9
33301.6	DECO	si=103	zone=dirt	ms=0.30	meshes=12
33402.0	DECO	si=104	zone=dirt	ms=0.10	meshes=2
33485.2	DECO	si=105	zone=dirt	ms=0.20	meshes=5
33585.2	DECO	si=106	zone=dirt	ms=0.20	meshes=7
33685.6	DECO	si=107	zone=dirt	ms=0.40	meshes=9
33802.3	DECO	si=108	zone=dirt	ms=0.20	meshes=8
33969.5	DECO	si=109	zone=dirt	ms=0.20	meshes=2
34137.3	DECO	si=110	zone=buildings	ms=2.20	meshes=7
34304.9	DECO	si=111	zone=buildings	ms=3.00	meshes=7
34470.7	DECO	si=112	zone=buildings	ms=1.90	meshes=7
34638.8	DECO	si=113	zone=buildings	ms=2.20	meshes=6
34806.3	DECO	si=114	zone=buildings	ms=2.40	meshes=7
34977.1	DECO	si=115	zone=buildings	ms=3.50	meshes=7
39571.0	SHADER_PROG	count=68	was=56	seg=50	zone=toxic
39899.9	SHADER_PROG	count=69	was=68	seg=50	zone=toxic
39957.8	DECO	si=116	zone=buildings	ms=1.50	meshes=6
40175.6	DECO	si=117	zone=buildings	ms=2.50	meshes=6
40442.6	DECO	si=118	zone=buildings	ms=2.10	meshes=7
40810.9	DECO	si=119	zone=buildings	ms=3.00	meshes=7
822.6	ZONE_CHANGE	→ trees	si=77	zoneLeft=41
822.7	ZONE_CHANGE	→ buildings	si=119	zoneLeft=38
822.7	ZONE_CHANGE	→ buildings	si=158	zoneLeft=48
844.2	DECO	si=0	zone=toxic	ms=12.10	meshes=2
844.3	DECO	si=1	zone=toxic	ms=0.10	meshes=2
844.4	DECO	si=2	zone=toxic	ms=0.10	meshes=2
844.6	DECO	si=3	zone=toxic	ms=0.20	meshes=2
844.7	DECO	si=4	zone=toxic	ms=0.10	meshes=2
844.8	DECO	si=5	zone=toxic	ms=0.10	meshes=2
845.1	DECO	si=6	zone=toxic	ms=0.30	meshes=2
845.2	DECO	si=7	zone=toxic	ms=0.10	meshes=2
845.3	DECO	si=8	zone=toxic	ms=0.10	meshes=2
845.5	DECO	si=9	zone=toxic	ms=0.20	meshes=2
845.5	DECO	si=10	zone=toxic	ms=0.00	meshes=2
845.7	DECO	si=11	zone=toxic	ms=0.20	meshes=2
845.8	DECO	si=12	zone=toxic	ms=0.10	meshes=2
846.0	DECO	si=13	zone=toxic	ms=0.20	meshes=2
846.1	DECO	si=14	zone=toxic	ms=0.10	meshes=2
846.2	DECO	si=15	zone=toxic	ms=0.10	meshes=2
846.3	DECO	si=16	zone=toxic	ms=0.10	meshes=2
846.5	DECO	si=17	zone=toxic	ms=0.20	meshes=2
846.6	DECO	si=18	zone=toxic	ms=0.10	meshes=2
846.7	DECO	si=19	zone=toxic	ms=0.10	meshes=2
846.8	DECO	si=20	zone=toxic	ms=0.10	meshes=2
846.9	DECO	si=21	zone=toxic	ms=0.10	meshes=2
856.1	DECO	si=22	zone=toxic	ms=9.20	meshes=2
856.2	DECO	si=23	zone=toxic	ms=0.10	meshes=2
856.3	DECO	si=24	zone=toxic	ms=0.10	meshes=2
856.4	DECO	si=25	zone=toxic	ms=0.10	meshes=2
856.5	DECO	si=26	zone=toxic	ms=0.00	meshes=2
856.6	DECO	si=27	zone=toxic	ms=0.10	meshes=2
856.7	DECO	si=28	zone=toxic	ms=0.10	meshes=2
856.9	DECO	si=29	zone=toxic	ms=0.20	meshes=2
856.9	DECO	si=30	zone=toxic	ms=0.00	meshes=2
857.1	DECO	si=31	zone=toxic	ms=0.20	meshes=2
857.1	DECO	si=32	zone=toxic	ms=0.00	meshes=2
857.2	DECO	si=33	zone=toxic	ms=0.10	meshes=2
857.3	DECO	si=34	zone=toxic	ms=0.10	meshes=2
857.4	DECO	si=35	zone=toxic	ms=0.10	meshes=2
857.5	DECO	si=36	zone=toxic	ms=0.10	meshes=2
857.6	DECO	si=37	zone=toxic	ms=0.10	meshes=2
857.7	DECO	si=38	zone=toxic	ms=0.10	meshes=2
857.8	DECO	si=39	zone=toxic	ms=0.10	meshes=2
857.9	DECO	si=40	zone=toxic	ms=0.10	meshes=2
858.0	DECO	si=41	zone=toxic	ms=0.10	meshes=2
860.9	DECO	si=42	zone=buildings	ms=2.90	meshes=7
861.0	DECO	si=43	zone=toxic	ms=0.10	meshes=2
869.7	DECO	si=44	zone=toxic	ms=8.70	meshes=2
869.8	DECO	si=45	zone=toxic	ms=0.10	meshes=2
869.9	DECO	si=46	zone=toxic	ms=0.10	meshes=2
870.0	DECO	si=47	zone=toxic	ms=0.10	meshes=2
870.2	DECO	si=48	zone=toxic	ms=0.20	meshes=2
870.2	DECO	si=49	zone=toxic	ms=0.00	meshes=2
870.3	DECO	si=50	zone=toxic	ms=0.10	meshes=2
870.5	DECO	si=51	zone=toxic	ms=0.20	meshes=2
870.5	DECO	si=52	zone=toxic	ms=0.00	meshes=2
870.5	DECO	si=53	zone=toxic	ms=0.00	meshes=2
870.7	DECO	si=54	zone=toxic	ms=0.20	meshes=2
870.8	DECO	si=55	zone=toxic	ms=0.10	meshes=2
870.8	DECO	si=56	zone=toxic	ms=0.00	meshes=2
871.0	DECO	si=57	zone=toxic	ms=0.20	meshes=2
871.1	DECO	si=58	zone=toxic	ms=0.10	meshes=2
871.1	DECO	si=59	zone=toxic	ms=0.00	meshes=2
871.3	DECO	si=60	zone=toxic	ms=0.20	meshes=2
871.4	DECO	si=61	zone=toxic	ms=0.10	meshes=2
871.4	DECO	si=62	zone=toxic	ms=0.00	meshes=2
871.5	DECO	si=63	zone=toxic	ms=0.10	meshes=2
871.6	DECO	si=64	zone=toxic	ms=0.10	meshes=2
871.8	DECO	si=65	zone=toxic	ms=0.20	meshes=2
880.0	DECO	si=66	zone=toxic	ms=8.20	meshes=2
880.1	DECO	si=67	zone=toxic	ms=0.10	meshes=2
880.2	DECO	si=68	zone=toxic	ms=0.10	meshes=2
880.4	DECO	si=69	zone=toxic	ms=0.20	meshes=2
880.4	DECO	si=70	zone=toxic	ms=0.00	meshes=2
587.8	ZONE_CHANGE	→ buildings	si=77	zoneLeft=38
587.8	ZONE_CHANGE	→ ether	si=116	zoneLeft=33
587.9	ZONE_CHANGE	→ mountains	si=150	zoneLeft=46
620.9	DECO	si=0	zone=toxic	ms=21.00	meshes=2
621.1	DECO	si=1	zone=toxic	ms=0.20	meshes=2
621.1	DECO	si=2	zone=toxic	ms=0.00	meshes=2
621.3	DECO	si=3	zone=toxic	ms=0.20	meshes=2
621.4	DECO	si=4	zone=toxic	ms=0.10	meshes=2
621.6	DECO	si=5	zone=toxic	ms=0.20	meshes=2
621.8	DECO	si=6	zone=toxic	ms=0.20	meshes=2
621.9	DECO	si=7	zone=toxic	ms=0.10	meshes=2
622.0	DECO	si=8	zone=toxic	ms=0.10	meshes=2
622.2	DECO	si=9	zone=toxic	ms=0.20	meshes=2
622.3	DECO	si=10	zone=toxic	ms=0.10	meshes=2
622.4	DECO	si=11	zone=toxic	ms=0.10	meshes=2
622.6	DECO	si=12	zone=toxic	ms=0.20	meshes=2
622.7	DECO	si=13	zone=toxic	ms=0.10	meshes=2
622.8	DECO	si=14	zone=toxic	ms=0.10	meshes=2
623.0	DECO	si=15	zone=toxic	ms=0.10	meshes=2
623.1	DECO	si=16	zone=toxic	ms=0.10	meshes=2
623.2	DECO	si=17	zone=toxic	ms=0.10	meshes=2
623.4	DECO	si=18	zone=toxic	ms=0.20	meshes=2
623.5	DECO	si=19	zone=toxic	ms=0.10	meshes=2
623.6	DECO	si=20	zone=toxic	ms=0.10	meshes=2
623.7	DECO	si=21	zone=toxic	ms=0.10	meshes=2
632.5	DECO	si=22	zone=toxic	ms=8.80	meshes=2
632.6	DECO	si=23	zone=toxic	ms=0.10	meshes=2
632.8	DECO	si=24	zone=toxic	ms=0.20	meshes=2
632.9	DECO	si=25	zone=toxic	ms=0.10	meshes=2
633.0	DECO	si=26	zone=toxic	ms=0.10	meshes=2
633.1	DECO	si=27	zone=toxic	ms=0.10	meshes=2
633.3	DECO	si=28	zone=toxic	ms=0.20	meshes=2
633.3	DECO	si=29	zone=toxic	ms=0.00	meshes=2
633.4	DECO	si=30	zone=toxic	ms=0.10	meshes=2
633.5	DECO	si=31	zone=toxic	ms=0.10	meshes=2
633.6	DECO	si=32	zone=toxic	ms=0.10	meshes=2
633.7	DECO	si=33	zone=toxic	ms=0.10	meshes=2
633.8	DECO	si=34	zone=toxic	ms=0.10	meshes=2
633.9	DECO	si=35	zone=toxic	ms=0.10	meshes=2
634.0	DECO	si=36	zone=toxic	ms=0.10	meshes=2
634.1	DECO	si=37	zone=toxic	ms=0.10	meshes=2
634.2	DECO	si=38	zone=toxic	ms=0.10	meshes=2
634.3	DECO	si=39	zone=toxic	ms=0.10	meshes=2
634.3	DECO	si=40	zone=toxic	ms=0.00	meshes=2
634.4	DECO	si=41	zone=toxic	ms=0.10	meshes=2
638.1	DECO	si=42	zone=buildings	ms=3.70	meshes=6
638.2	DECO	si=43	zone=toxic	ms=0.10	meshes=2
646.7	DECO	si=44	zone=toxic	ms=8.50	meshes=2
646.9	DECO	si=45	zone=toxic	ms=0.20	meshes=2
646.9	DECO	si=46	zone=toxic	ms=0.00	meshes=2
647.0	DECO	si=47	zone=toxic	ms=0.10	meshes=2
647.1	DECO	si=48	zone=toxic	ms=0.10	meshes=2
647.2	DECO	si=49	zone=toxic	ms=0.10	meshes=2
647.4	DECO	si=50	zone=toxic	ms=0.10	meshes=2
647.4	DECO	si=51	zone=toxic	ms=0.00	meshes=2
647.6	DECO	si=52	zone=toxic	ms=0.20	meshes=2
647.6	DECO	si=53	zone=toxic	ms=0.00	meshes=2
647.7	DECO	si=54	zone=toxic	ms=0.10	meshes=2
647.9	DECO	si=55	zone=toxic	ms=0.20	meshes=2
647.9	DECO	si=56	zone=toxic	ms=0.00	meshes=2
648.1	DECO	si=57	zone=toxic	ms=0.20	meshes=2
648.1	DECO	si=58	zone=toxic	ms=0.00	meshes=2
648.2	DECO	si=59	zone=toxic	ms=0.10	meshes=2
648.4	DECO	si=60	zone=toxic	ms=0.20	meshes=2
648.4	DECO	si=61	zone=toxic	ms=0.00	meshes=2
648.5	DECO	si=62	zone=toxic	ms=0.10	meshes=2
648.6	DECO	si=63	zone=toxic	ms=0.10	meshes=2
648.7	DECO	si=64	zone=toxic	ms=0.10	meshes=2
648.7	DECO	si=65	zone=toxic	ms=0.00	meshes=2
657.0	DECO	si=66	zone=toxic	ms=8.30	meshes=2
657.1	DECO	si=67	zone=toxic	ms=0.10	meshes=2
657.2	DECO	si=68	zone=toxic	ms=0.10	meshes=2
657.3	DECO	si=69	zone=toxic	ms=0.10	meshes=2
657.4	DECO	si=70	zone=toxic	ms=0.10	meshes=2
